# https://github.com/mikedh/trimesh

o SheerBodysuit
v -0.06000000 -0.07152172 0.56500000 0.05490196 0.05882353 0.06666667
v -0.04500000 -0.07682451 0.56500000 0.05490196 0.05882353 0.06666667
v -0.03000000 -0.08033215 0.56500000 0.05490196 0.05882353 0.06666667
v -0.01500000 -0.08234357 0.56500000 0.05490196 0.05882353 0.06666667
v 0.00000000 -0.08300000 0.56500000 0.05490196 0.05882353 0.06666667
v 0.01500000 -0.08234357 0.56500000 0.05490196 0.05882353 0.06666667
v 0.03000000 -0.08033215 0.56500000 0.05490196 0.05882353 0.06666667
v 0.04500000 -0.07682451 0.56500000 0.05490196 0.05882353 0.06666667
v 0.06000000 -0.07152172 0.56500000 0.05490196 0.05882353 0.06666667
v -0.06109061 -0.06991191 0.58382353 0.05490196 0.05882353 0.06666667
v -0.04535858 -0.07615673 0.58382353 0.05490196 0.05882353 0.06666667
v -0.02962656 -0.08017421 0.58382353 0.05490196 0.05882353 0.06666667
v -0.01389453 -0.08238927 0.58382353 0.05490196 0.05882353 0.06666667
v 0.00183750 -0.08298937 0.58382353 0.05490196 0.05882353 0.06666667
v 0.01756952 -0.08202065 0.58382353 0.05490196 0.05882353 0.06666667
v 0.03330155 -0.07940769 0.58382353 0.05490196 0.05882353 0.06666667
v 0.04903357 -0.07492047 0.58382353 0.05490196 0.05882353 0.06666667
v 0.06476560 -0.06804724 0.58382353 0.05490196 0.05882353 0.06666667
v -0.06224379 -0.06795522 0.60264706 0.05490196 0.05882353 0.06666667
v -0.04577974 -0.07536242 0.60264706 0.05490196 0.05882353 0.06666667
v -0.02931569 -0.07998390 0.60264706 0.05490196 0.05882353 0.06666667
v -0.01285164 -0.08243149 0.60264706 0.05490196 0.05882353 0.06666667
v 0.00361242 -0.08295527 0.60264706 0.05490196 0.05882353 0.06666667
v 0.02007647 -0.08160354 0.60264706 0.05490196 0.05882353 0.06666667
v 0.03654052 -0.07824808 0.60264706 0.05490196 0.05882353 0.06666667
v 0.05300457 -0.07251327 0.60264706 0.05490196 0.05882353 0.06666667
v 0.06946863 -0.06348832 0.60264706 0.05490196 0.05882353 0.06666667
v -0.05697097 -0.06940429 0.62147059 0.05490196 0.05882353 0.06666667
v -0.04141215 -0.07622019 0.62147059 0.05490196 0.05882353 0.06666667
v -0.02585333 -0.08044665 0.62147059 0.05490196 0.05882353 0.06666667
v -0.01029450 -0.08260199 0.62147059 0.05490196 0.05882353 0.06666667
v 0.00526432 -0.08289616 0.62147059 0.05490196 0.05882353 0.06666667
v 0.02082315 -0.08135549 0.62147059 0.05490196 0.05882353 0.06666667
v 0.03638197 -0.07783603 0.62147059 0.05490196 0.05882353 0.06666667
v 0.05194079 -0.07194462 0.62147059 0.05490196 0.05882353 0.06666667
v 0.06749962 -0.06273293 0.62147059 0.05490196 0.05882353 0.06666667
v -0.04767933 -0.07285976 0.64029412 0.05490196 0.05882353 0.06666667
v -0.03407526 -0.07803876 0.64029412 0.05490196 0.05882353 0.06666667
v -0.02047119 -0.08125502 0.64029412 0.05490196 0.05882353 0.06666667
v -0.00686712 -0.08280602 0.64029412 0.05490196 0.05882353 0.06666667
v 0.00673696 -0.08281332 0.64029412 0.05490196 0.05882353 0.06666667
v 0.02034103 -0.08127744 0.64029412 0.05490196 0.05882353 0.06666667
v 0.03394510 -0.07807817 0.64029412 0.05490196 0.05882353 0.06666667
v 0.04754917 -0.07292021 0.64029412 0.05490196 0.05882353 0.06666667
v 0.06115325 -0.06515147 0.64029412 0.05490196 0.05882353 0.06666667
v -0.03861711 -0.07585122 0.65911765 0.05490196 0.05882353 0.06666667
v -0.02696779 -0.07961912 0.65911765 0.05490196 0.05882353 0.06666667
v -0.01531847 -0.08192899 0.65911765 0.05490196 0.05882353 0.06666667
v -0.00366915 -0.08293904 0.65911765 0.05490196 0.05882353 0.06666667
v 0.00798017 -0.08271112 0.65911765 0.05490196 0.05882353 0.06666667
v 0.01962949 -0.08123163 0.65911765 0.05490196 0.05882353 0.06666667
v 0.03127881 -0.07840714 0.65911765 0.05490196 0.05882353 0.06666667
v 0.04292814 -0.07403093 0.65911765 0.05490196 0.05882353 0.06666667
v 0.05457746 -0.06768636 0.65911765 0.05490196 0.05882353 0.06666667
v -0.03075425 -0.07806934 0.67794118 0.05490196 0.05882353 0.06666667
v -0.02082778 -0.08078745 0.67794118 0.05490196 0.05882353 0.06666667
v -0.01090131 -0.08240155 0.67794118 0.05490196 0.05882353 0.06666667
v -0.00097484 -0.08299524 0.67794118 0.05490196 0.05882353 0.06666667
v 0.00895163 -0.08259709 0.67794118 0.05490196 0.05882353 0.06666667
v 0.01887810 -0.08118806 0.67794118 0.05490196 0.05882353 0.06666667
v 0.02880457 -0.07869662 0.67794118 0.05490196 0.05882353 0.06666667
v 0.03873104 -0.07497841 0.67794118 0.05490196 0.05882353 0.06666667
v 0.04865752 -0.06976460 0.67794118 0.05490196 0.05882353 0.06666667
v -0.02820527 -0.07839407 0.69676471 0.05490196 0.05882353 0.06666667
v -0.01874939 -0.08100689 0.69676471 0.05490196 0.05882353 0.06666667
v -0.00929351 -0.08251611 0.69676471 0.05490196 0.05882353 0.06666667
v 0.00016237 -0.08299985 0.69676471 0.05490196 0.05882353 0.06666667
v 0.00961826 -0.08248156 0.69676471 0.05490196 0.05882353 0.06666667
v 0.01907414 -0.08093609 0.69676471 0.05490196 0.05882353 0.06666667
v 0.02853002 -0.07828316 0.69676471 0.05490196 0.05882353 0.06666667
v 0.03798590 -0.07436379 0.69676471 0.05490196 0.05882353 0.06666667
v 0.04744179 -0.06888035 0.69676471 0.05490196 0.05882353 0.06666667
v -0.02598383 -0.08081430 0.71558824 0.05490196 0.05882353 0.06666667
v -0.01699854 -0.08313549 0.71558824 0.05490196 0.05882353 0.06666667
v -0.00801325 -0.08444833 0.71558824 0.05490196 0.05882353 0.06666667
v 0.00097205 -0.08481319 0.71558824 0.05490196 0.05882353 0.06666667
v 0.00995734 -0.08424598 0.71558824 0.05490196 0.05882353 0.06666667
v 0.01894264 -0.08272181 0.71558824 0.05490196 0.05882353 0.06666667
v 0.02792793 -0.08016919 0.71558824 0.05490196 0.05882353 0.06666667
v 0.03691322 -0.07645119 0.71558824 0.05490196 0.05882353 0.06666667
v 0.04589852 -0.07131996 0.71558824 0.05490196 0.05882353 0.06666667
v -0.02410148 -0.08354485 0.73441176 0.05490196 0.05882353 0.06666667
v -0.01558678 -0.08558548 0.73441176 0.05490196 0.05882353 0.06666667
v -0.00707207 -0.08672294 0.73441176 0.05490196 0.05882353 0.06666667
v 0.00144264 -0.08700259 0.73441176 0.05490196 0.05882353 0.06666667
v 0.00995734 -0.08643509 0.73441176 0.05490196 0.05882353 0.06666667
v 0.01847205 -0.08499858 0.73441176 0.05490196 0.05882353 0.06666667
v 0.02698675 -0.08263426 0.73441176 0.05490196 0.05882353 0.06666667
v 0.03550146 -0.07923295 0.73441176 0.05490196 0.05882353 0.06666667
v 0.04401617 -0.07460469 0.73441176 0.05490196 0.05882353 0.06666667
v -0.02943152 -0.08391086 0.75323529 0.05490196 0.05882353 0.06666667
v -0.01966907 -0.08689485 0.75323529 0.05490196 0.05882353 0.06666667
v -0.00990663 -0.08863057 0.75323529 0.05490196 0.05882353 0.06666667
v -0.00014419 -0.08921066 0.75323529 0.05490196 0.05882353 0.06666667
v 0.00961826 -0.08866399 0.75323529 0.05490196 0.05882353 0.06666667
v 0.01938070 -0.08696338 0.75323529 0.05490196 0.05882353 0.06666667
v 0.02914314 -0.08401834 0.75323529 0.05490196 0.05882353 0.06666667
v 0.03890559 -0.07964786 0.75323529 0.05490196 0.05882353 0.06666667
v 0.04866803 -0.07351015 0.75323529 0.05490196 0.05882353 0.06666667
v -0.03531081 -0.08356294 0.77205882 0.05490196 0.05882353 0.06666667
v -0.02424520 -0.08782032 0.77205882 0.05490196 0.05882353 0.06666667
v -0.01317959 -0.09036582 0.77205882 0.05490196 0.05882353 0.06666667
v -0.00211398 -0.09138027 0.77205882 0.05490196 0.05882353 0.06666667
v 0.00895163 -0.09092848 0.77205882 0.05490196 0.05882353 0.06666667
v 0.02001724 -0.08898207 0.77205882 0.05490196 0.05882353 0.06666667
v 0.03108285 -0.08540973 0.77205882 0.05490196 0.05882353 0.06666667
v 0.04214847 -0.07992615 0.77205882 0.05490196 0.05882353 0.06666667
v 0.05321408 -0.07194071 0.77205882 0.05490196 0.05882353 0.06666667
v -0.04149494 -0.08241752 0.79088235 0.05490196 0.05882353 0.06666667
v -0.02912616 -0.08831790 0.79088235 0.05490196 0.05882353 0.06666667
v -0.01675738 -0.09189596 0.79088235 0.05490196 0.05882353 0.06666667
v -0.00438861 -0.09348711 0.79088235 0.05490196 0.05882353 0.06666667
v 0.00798017 -0.09321927 0.79088235 0.05490196 0.05882353 0.06666667
v 0.02034895 -0.09107170 0.79088235 0.05490196 0.05882353 0.06666667
v 0.03271773 -0.08686618 0.79088235 0.05490196 0.05882353 0.06666667
v 0.04508651 -0.08017981 0.79088235 0.05490196 0.05882353 0.06666667
v 0.05745529 -0.07004683 0.79088235 0.05490196 0.05882353 0.06666667
v -0.04972775 -0.07895444 0.80970588 0.05490196 0.05882353 0.06666667
v -0.03561157 -0.08767843 0.80970588 0.05490196 0.05882353 0.06666667
v -0.02149540 -0.09294370 0.80970588 0.05490196 0.05882353 0.06666667
v -0.00737922 -0.09546806 0.80970588 0.05490196 0.05882353 0.06666667
v 0.00673696 -0.09552326 0.80970588 0.05490196 0.05882353 0.06666667
v 0.02085313 -0.09311482 0.80970588 0.05490196 0.05882353 0.06666667
v 0.03496931 -0.08798518 0.80970588 0.05490196 0.05882353 0.06666667
v 0.04908549 -0.07944547 0.80970588 0.05490196 0.05882353 0.06666667
v 0.06320166 -0.06565946 0.80970588 0.05490196 0.05882353 0.06666667
v -0.05985921 -0.07114526 0.82852941 0.05490196 0.05882353 0.06666667
v -0.04357833 -0.08421274 0.82852941 0.05490196 0.05882353 0.06666667
v -0.02729744 -0.09182521 0.82852941 0.05490196 0.05882353 0.06666667
v -0.01101656 -0.09562609 0.82852941 0.05490196 0.05882353 0.06666667
v 0.00526432 -0.09618057 0.82852941 0.05490196 0.05882353 0.06666667
v 0.02154520 -0.09356112 0.82852941 0.05490196 0.05882353 0.06666667
v 0.03782609 -0.08740407 0.82852941 0.05490196 0.05882353 0.06666667
v 0.05410697 -0.07658568 0.82852941 0.05490196 0.05882353 0.06666667
v 0.07038785 -0.05734501 0.82852941 0.05490196 0.05882353 0.06666667
v -0.07016994 -0.05997918 0.84735294 0.05490196 0.05882353 0.06666667
v -0.05172435 -0.07852137 0.84735294 0.05490196 0.05882353 0.06666667
v -0.03327876 -0.08858669 0.84735294 0.05490196 0.05882353 0.06666667
v -0.01483317 -0.09368491 0.84735294 0.05490196 0.05882353 0.06666667
v 0.00361242 -0.09482464 0.84735294 0.05490196 0.05882353 0.06666667
v 0.02205800 -0.09219106 0.84735294 0.05490196 0.05882353 0.06666667
v 0.04050359 -0.08533626 0.84735294 0.05490196 0.05882353 0.06666667
v 0.05894918 -0.07266639 0.84735294 0.05490196 0.05882353 0.06666667
v 0.07739477 -0.04720774 0.84735294 0.05490196 0.05882353 0.06666667
v -0.07547343 -0.05424441 0.86617647 0.05490196 0.05882353 0.06666667
v -0.05614570 -0.07523758 0.86617647 0.05490196 0.05882353 0.06666667
v -0.03681797 -0.08622446 0.86617647 0.05490196 0.05882353 0.06666667
v -0.01749024 -0.09188042 0.86617647 0.05490196 0.05882353 0.06666667
v 0.00183750 -0.09343084 0.86617647 0.05490196 0.05882353 0.06666667
v 0.02116523 -0.09114091 0.86617647 0.05490196 0.05882353 0.06666667
v 0.04049296 -0.08460972 0.86617647 0.05490196 0.05882353 0.06666667
v 0.05982069 -0.07230035 0.86617647 0.05490196 0.05882353 0.06666667
v 0.07914842 -0.04751639 0.86617647 0.05490196 0.05882353 0.06666667
v -0.08000000 -0.04941164 0.88500000 0.05490196 0.05882353 0.06666667
v -0.06000000 -0.07240108 0.88500000 0.05490196 0.05882353 0.06666667
v -0.04000000 -0.08402282 0.88500000 0.05490196 0.05882353 0.06666667
v -0.02000000 -0.09008967 0.88500000 0.05490196 0.05882353 0.06666667
v -0.00000000 -0.09200000 0.88500000 0.05490196 0.05882353 0.06666667
v 0.02000000 -0.09008967 0.88500000 0.05490196 0.05882353 0.06666667
v 0.04000000 -0.08402282 0.88500000 0.05490196 0.05882353 0.06666667
v 0.06000000 -0.07240108 0.88500000 0.05490196 0.05882353 0.06666667
v 0.08000000 -0.04941164 0.88500000 0.05490196 0.05882353 0.06666667
v -0.06000000 0.04806781 0.56500000 0.05490196 0.05882353 0.06666667
v -0.04500000 0.05241609 0.56500000 0.05490196 0.05882353 0.06666667
v -0.03000000 0.05529236 0.56500000 0.05490196 0.05882353 0.06666667
v -0.01500000 0.05694173 0.56500000 0.05490196 0.05882353 0.06666667
v 0.00000000 0.05748000 0.56500000 0.05490196 0.05882353 0.06666667
v 0.01500000 0.05694173 0.56500000 0.05490196 0.05882353 0.06666667
v 0.03000000 0.05529236 0.56500000 0.05490196 0.05882353 0.06666667
v 0.04500000 0.05241609 0.56500000 0.05490196 0.05882353 0.06666667
v 0.06000000 0.04806781 0.56500000 0.05490196 0.05882353 0.06666667
v -0.06109061 0.04674776 0.58382353 0.05490196 0.05882353 0.06666667
v -0.04535858 0.05186852 0.58382353 0.05490196 0.05882353 0.06666667
v -0.02962656 0.05516285 0.58382353 0.05490196 0.05882353 0.06666667
v -0.01389453 0.05697920 0.58382353 0.05490196 0.05882353 0.06666667
v 0.00183750 0.05747128 0.58382353 0.05490196 0.05882353 0.06666667
v 0.01756952 0.05667693 0.58382353 0.05490196 0.05882353 0.06666667
v 0.03330155 0.05453430 0.58382353 0.05490196 0.05882353 0.06666667
v 0.04903357 0.05085478 0.58382353 0.05490196 0.05882353 0.06666667
v 0.06476560 0.04521874 0.58382353 0.05490196 0.05882353 0.06666667
v -0.06224379 0.04514328 0.60264706 0.05490196 0.05882353 0.06666667
v -0.04577974 0.05121718 0.60264706 0.05490196 0.05882353 0.06666667
v -0.02931569 0.05500679 0.60264706 0.05490196 0.05882353 0.06666667
v -0.01285164 0.05701382 0.60264706 0.05490196 0.05882353 0.06666667
v 0.00361242 0.05744332 0.60264706 0.05490196 0.05882353 0.06666667
v 0.02007647 0.05633490 0.60264706 0.05490196 0.05882353 0.06666667
v 0.03654052 0.05358342 0.60264706 0.05490196 0.05882353 0.06666667
v 0.05300457 0.04888088 0.60264706 0.05490196 0.05882353 0.06666667
v 0.06946863 0.04148043 0.60264706 0.05490196 0.05882353 0.06666667
v -0.05697097 0.04633152 0.62147059 0.05490196 0.05882353 0.06666667
v -0.04141215 0.05192056 0.62147059 0.05490196 0.05882353 0.06666667
v -0.02585333 0.05538625 0.62147059 0.05490196 0.05882353 0.06666667
v -0.01029450 0.05715363 0.62147059 0.05490196 0.05882353 0.06666667
v 0.00526432 0.05739485 0.62147059 0.05490196 0.05882353 0.06666667
v 0.02082315 0.05613151 0.62147059 0.05490196 0.05882353 0.06666667
v 0.03638197 0.05324555 0.62147059 0.05490196 0.05882353 0.06666667
v 0.05194079 0.04841459 0.62147059 0.05490196 0.05882353 0.06666667
v 0.06749962 0.04086100 0.62147059 0.05490196 0.05882353 0.06666667
v -0.04767933 0.04916500 0.64029412 0.05490196 0.05882353 0.06666667
v -0.03407526 0.05341178 0.64029412 0.05490196 0.05882353 0.06666667
v -0.02047119 0.05604911 0.64029412 0.05490196 0.05882353 0.06666667
v -0.00686712 0.05732094 0.64029412 0.05490196 0.05882353 0.06666667
v 0.00673696 0.05732692 0.64029412 0.05490196 0.05882353 0.06666667
v 0.02034103 0.05606750 0.64029412 0.05490196 0.05882353 0.06666667
v 0.03394510 0.05344410 0.64029412 0.05490196 0.05882353 0.06666667
v 0.04754917 0.04921458 0.64029412 0.05490196 0.05882353 0.06666667
v 0.06115325 0.04284421 0.64029412 0.05490196 0.05882353 0.06666667
v -0.03861711 0.05161800 0.65911765 0.05490196 0.05882353 0.06666667
v -0.02696779 0.05470768 0.65911765 0.05490196 0.05882353 0.06666667
v -0.01531847 0.05660177 0.65911765 0.05490196 0.05882353 0.06666667
v -0.00366915 0.05743001 0.65911765 0.05490196 0.05882353 0.06666667
v 0.00798017 0.05724312 0.65911765 0.05490196 0.05882353 0.06666667
v 0.01962949 0.05602994 0.65911765 0.05490196 0.05882353 0.06666667
v 0.03127881 0.05371385 0.65911765 0.05490196 0.05882353 0.06666667
v 0.04292814 0.05012536 0.65911765 0.05490196 0.05882353 0.06666667
v 0.05457746 0.04492281 0.65911765 0.05490196 0.05882353 0.06666667
v -0.03075425 0.05343685 0.67794118 0.05490196 0.05882353 0.06666667
v -0.02082778 0.05566571 0.67794118 0.05490196 0.05882353 0.06666667
v -0.01090131 0.05698927 0.67794118 0.05490196 0.05882353 0.06666667
v -0.00097484 0.05747609 0.67794118 0.05490196 0.05882353 0.06666667
v 0.00895163 0.05714961 0.67794118 0.05490196 0.05882353 0.06666667
v 0.01887810 0.05599421 0.67794118 0.05490196 0.05882353 0.06666667
v 0.02880457 0.05395122 0.67794118 0.05490196 0.05882353 0.06666667
v 0.03873104 0.05090230 0.67794118 0.05490196 0.05882353 0.06666667
v 0.04865752 0.04662697 0.67794118 0.05490196 0.05882353 0.06666667
v -0.02820527 0.05370314 0.69676471 0.05490196 0.05882353 0.06666667
v -0.01874939 0.05584565 0.69676471 0.05490196 0.05882353 0.06666667
v -0.00929351 0.05708321 0.69676471 0.05490196 0.05882353 0.06666667
v 0.00016237 0.05747988 0.69676471 0.05490196 0.05882353 0.06666667
v 0.00961826 0.05705488 0.69676471 0.05490196 0.05882353 0.06666667
v 0.01907414 0.05578760 0.69676471 0.05490196 0.05882353 0.06666667
v 0.02853002 0.05361219 0.69676471 0.05490196 0.05882353 0.06666667
v 0.03798590 0.05039831 0.69676471 0.05490196 0.05882353 0.06666667
v 0.04744179 0.04590188 0.69676471 0.05490196 0.05882353 0.06666667
v -0.02598383 0.05568773 0.71558824 0.05490196 0.05882353 0.06666667
v -0.01699854 0.05759110 0.71558824 0.05490196 0.05882353 0.06666667
v -0.00801325 0.05866763 0.71558824 0.05490196 0.05882353 0.06666667
v 0.00097205 0.05896682 0.71558824 0.05490196 0.05882353 0.06666667
v 0.00995734 0.05850170 0.71558824 0.05490196 0.05882353 0.06666667
v 0.01894264 0.05725188 0.71558824 0.05490196 0.05882353 0.06666667
v 0.02792793 0.05515873 0.71558824 0.05490196 0.05882353 0.06666667
v 0.03691322 0.05210997 0.71558824 0.05490196 0.05882353 0.06666667
v 0.04589852 0.04790237 0.71558824 0.05490196 0.05882353 0.06666667
v -0.02410148 0.05792678 0.73441176 0.05490196 0.05882353 0.06666667
v -0.01558678 0.05960009 0.73441176 0.05490196 0.05882353 0.06666667
v -0.00707207 0.06053281 0.73441176 0.05490196 0.05882353 0.06666667
v 0.00144264 0.06076212 0.73441176 0.05490196 0.05882353 0.06666667
v 0.00995734 0.06029677 0.73441176 0.05490196 0.05882353 0.06666667
v 0.01847205 0.05911884 0.73441176 0.05490196 0.05882353 0.06666667
v 0.02698675 0.05718009 0.73441176 0.05490196 0.05882353 0.06666667
v 0.03550146 0.05439102 0.73441176 0.05490196 0.05882353 0.06666667
v 0.04401617 0.05059585 0.73441176 0.05490196 0.05882353 0.06666667
v -0.02943152 0.05822691 0.75323529 0.05490196 0.05882353 0.06666667
v -0.01966907 0.06067378 0.75323529 0.05490196 0.05882353 0.06666667
v -0.00990663 0.06209707 0.75323529 0.05490196 0.05882353 0.06666667
v -0.00014419 0.06257274 0.75323529 0.05490196 0.05882353 0.06666667
v 0.00961826 0.06212447 0.75323529 0.05490196 0.05882353 0.06666667
v 0.01938070 0.06072997 0.75323529 0.05490196 0.05882353 0.06666667
v 0.02914314 0.05831504 0.75323529 0.05490196 0.05882353 0.06666667
v 0.03890559 0.05473125 0.75323529 0.05490196 0.05882353 0.06666667
v 0.04866803 0.04969832 0.75323529 0.05490196 0.05882353 0.06666667
v -0.03531081 0.05794161 0.77205882 0.05490196 0.05882353 0.06666667
v -0.02424520 0.06143266 0.77205882 0.05490196 0.05882353 0.06666667
v -0.01317959 0.06351997 0.77205882 0.05490196 0.05882353 0.06666667
v -0.00211398 0.06435182 0.77205882 0.05490196 0.05882353 0.06666667
v 0.00895163 0.06398135 0.77205882 0.05490196 0.05882353 0.06666667
v 0.02001724 0.06238529 0.77205882 0.05490196 0.05882353 0.06666667
v 0.03108285 0.05945598 0.77205882 0.05490196 0.05882353 0.06666667
v 0.04214847 0.05495944 0.77205882 0.05490196 0.05882353 0.06666667
v 0.05321408 0.04841138 0.77205882 0.05490196 0.05882353 0.06666667
v -0.04149494 0.05700237 0.79088235 0.05490196 0.05882353 0.06666667
v -0.02912616 0.06184068 0.79088235 0.05490196 0.05882353 0.06666667
v -0.01675738 0.06477469 0.79088235 0.05490196 0.05882353 0.06666667
v -0.00438861 0.06607943 0.79088235 0.05490196 0.05882353 0.06666667
v 0.00798017 0.06585980 0.79088235 0.05490196 0.05882353 0.06666667
v 0.02034895 0.06409879 0.79088235 0.05490196 0.05882353 0.06666667
v 0.03271773 0.06065027 0.79088235 0.05490196 0.05882353 0.06666667
v 0.04508651 0.05516744 0.79088235 0.05490196 0.05882353 0.06666667
v 0.05745529 0.04685840 0.79088235 0.05490196 0.05882353 0.06666667
v -0.04972775 0.05416264 0.80970588 0.05490196 0.05882353 0.06666667
v -0.03561157 0.06131631 0.80970588 0.05490196 0.05882353 0.06666667
v -0.02149540 0.06563383 0.80970588 0.05490196 0.05882353 0.06666667
v -0.00737922 0.06770381 0.80970588 0.05490196 0.05882353 0.06666667
v 0.00673696 0.06774908 0.80970588 0.05490196 0.05882353 0.06666667
v 0.02085313 0.06577415 0.80970588 0.05490196 0.05882353 0.06666667
v 0.03496931 0.06156785 0.80970588 0.05490196 0.05882353 0.06666667
v 0.04908549 0.05456528 0.80970588 0.05490196 0.05882353 0.06666667
v 0.06320166 0.04326075 0.80970588 0.05490196 0.05882353 0.06666667
v -0.05985921 0.04775911 0.82852941 0.05490196 0.05882353 0.06666667
v -0.04357833 0.05847445 0.82852941 0.05490196 0.05882353 0.06666667
v -0.02729744 0.06471667 0.82852941 0.05490196 0.05882353 0.06666667
v -0.01101656 0.06783339 0.82852941 0.05490196 0.05882353 0.06666667
v 0.00526432 0.06828807 0.82852941 0.05490196 0.05882353 0.06666667
v 0.02154520 0.06614012 0.82852941 0.05490196 0.05882353 0.06666667
v 0.03782609 0.06109134 0.82852941 0.05490196 0.05882353 0.06666667
v 0.05410697 0.05222025 0.82852941 0.05490196 0.05882353 0.06666667
v 0.07038785 0.03644291 0.82852941 0.05490196 0.05882353 0.06666667
v -0.07016994 0.03860293 0.84735294 0.05490196 0.05882353 0.06666667
v -0.05172435 0.05380752 0.84735294 0.05490196 0.05882353 0.06666667
v -0.03327876 0.06206109 0.84735294 0.05490196 0.05882353 0.06666667
v -0.01483317 0.06624162 0.84735294 0.05490196 0.05882353 0.06666667
v 0.00361242 0.06717621 0.84735294 0.05490196 0.05882353 0.06666667
v 0.02205800 0.06501667 0.84735294 0.05490196 0.05882353 0.06666667
v 0.04050359 0.05939573 0.84735294 0.05490196 0.05882353 0.06666667
v 0.05894918 0.04900644 0.84735294 0.05490196 0.05882353 0.06666667
v 0.07739477 0.02813034 0.84735294 0.05490196 0.05882353 0.06666667
v -0.07547343 0.03390042 0.86617647 0.05490196 0.05882353 0.06666667
v -0.05614570 0.05111481 0.86617647 0.05490196 0.05882353 0.06666667
v -0.03681797 0.06012406 0.86617647 0.05490196 0.05882353 0.06666667
v -0.01749024 0.06476195 0.86617647 0.05490196 0.05882353 0.06666667
v 0.00183750 0.06603329 0.86617647 0.05490196 0.05882353 0.06666667
v 0.02116523 0.06415554 0.86617647 0.05490196 0.05882353 0.06666667
v 0.04049296 0.05879997 0.86617647 0.05490196 0.05882353 0.06666667
v 0.05982069 0.04870629 0.86617647 0.05490196 0.05882353 0.06666667
v 0.07914842 0.02838344 0.86617647 0.05490196 0.05882353 0.06666667
v -0.08000000 0.02993754 0.88500000 0.05490196 0.05882353 0.06666667
v -0.06000000 0.04878889 0.88500000 0.05490196 0.05882353 0.06666667
v -0.04000000 0.05831871 0.88500000 0.05490196 0.05882353 0.06666667
v -0.02000000 0.06329353 0.88500000 0.05490196 0.05882353 0.06666667
v -0.00000000 0.06486000 0.88500000 0.05490196 0.05882353 0.06666667
v 0.02000000 0.06329353 0.88500000 0.05490196 0.05882353 0.06666667
v 0.04000000 0.05831871 0.88500000 0.05490196 0.05882353 0.06666667
v 0.06000000 0.04878889 0.88500000 0.05490196 0.05882353 0.06666667
v 0.08000000 0.02993754 0.88500000 0.05490196 0.05882353 0.06666667
f 1 2 11
f 1 11 10
f 2 3 12
f 2 12 11
f 3 4 13
f 3 13 12
f 4 5 14
f 4 14 13
f 5 6 15
f 5 15 14
f 6 7 16
f 6 16 15
f 7 8 17
f 7 17 16
f 8 9 18
f 8 18 17
f 10 11 20
f 10 20 19
f 11 12 21
f 11 21 20
f 12 13 22
f 12 22 21
f 13 14 23
f 13 23 22
f 14 15 24
f 14 24 23
f 15 16 25
f 15 25 24
f 16 17 26
f 16 26 25
f 17 18 27
f 17 27 26
f 19 20 29
f 19 29 28
f 20 21 30
f 20 30 29
f 21 22 31
f 21 31 30
f 22 23 32
f 22 32 31
f 23 24 33
f 23 33 32
f 24 25 34
f 24 34 33
f 25 26 35
f 25 35 34
f 26 27 36
f 26 36 35
f 28 29 38
f 28 38 37
f 29 30 39
f 29 39 38
f 30 31 40
f 30 40 39
f 31 32 41
f 31 41 40
f 32 33 42
f 32 42 41
f 33 34 43
f 33 43 42
f 34 35 44
f 34 44 43
f 35 36 45
f 35 45 44
f 37 38 47
f 37 47 46
f 38 39 48
f 38 48 47
f 39 40 49
f 39 49 48
f 40 41 50
f 40 50 49
f 41 42 51
f 41 51 50
f 42 43 52
f 42 52 51
f 43 44 53
f 43 53 52
f 44 45 54
f 44 54 53
f 46 47 56
f 46 56 55
f 47 48 57
f 47 57 56
f 48 49 58
f 48 58 57
f 49 50 59
f 49 59 58
f 50 51 60
f 50 60 59
f 51 52 61
f 51 61 60
f 52 53 62
f 52 62 61
f 53 54 63
f 53 63 62
f 55 56 65
f 55 65 64
f 56 57 66
f 56 66 65
f 57 58 67
f 57 67 66
f 58 59 68
f 58 68 67
f 59 60 69
f 59 69 68
f 60 61 70
f 60 70 69
f 61 62 71
f 61 71 70
f 62 63 72
f 62 72 71
f 64 65 74
f 64 74 73
f 65 66 75
f 65 75 74
f 66 67 76
f 66 76 75
f 67 68 77
f 67 77 76
f 68 69 78
f 68 78 77
f 69 70 79
f 69 79 78
f 70 71 80
f 70 80 79
f 71 72 81
f 71 81 80
f 73 74 83
f 73 83 82
f 74 75 84
f 74 84 83
f 75 76 85
f 75 85 84
f 76 77 86
f 76 86 85
f 77 78 87
f 77 87 86
f 78 79 88
f 78 88 87
f 79 80 89
f 79 89 88
f 80 81 90
f 80 90 89
f 82 83 92
f 82 92 91
f 83 84 93
f 83 93 92
f 84 85 94
f 84 94 93
f 85 86 95
f 85 95 94
f 86 87 96
f 86 96 95
f 87 88 97
f 87 97 96
f 88 89 98
f 88 98 97
f 89 90 99
f 89 99 98
f 91 92 101
f 91 101 100
f 92 93 102
f 92 102 101
f 93 94 103
f 93 103 102
f 94 95 104
f 94 104 103
f 95 96 105
f 95 105 104
f 96 97 106
f 96 106 105
f 97 98 107
f 97 107 106
f 98 99 108
f 98 108 107
f 100 101 110
f 100 110 109
f 101 102 111
f 101 111 110
f 102 103 112
f 102 112 111
f 103 104 113
f 103 113 112
f 104 105 114
f 104 114 113
f 105 106 115
f 105 115 114
f 106 107 116
f 106 116 115
f 107 108 117
f 107 117 116
f 109 110 119
f 109 119 118
f 110 111 120
f 110 120 119
f 111 112 121
f 111 121 120
f 112 113 122
f 112 122 121
f 113 114 123
f 113 123 122
f 114 115 124
f 114 124 123
f 115 116 125
f 115 125 124
f 116 117 126
f 116 126 125
f 118 119 128
f 118 128 127
f 119 120 129
f 119 129 128
f 120 121 130
f 120 130 129
f 121 122 131
f 121 131 130
f 122 123 132
f 122 132 131
f 123 124 133
f 123 133 132
f 124 125 134
f 124 134 133
f 125 126 135
f 125 135 134
f 127 128 137
f 127 137 136
f 128 129 138
f 128 138 137
f 129 130 139
f 129 139 138
f 130 131 140
f 130 140 139
f 131 132 141
f 131 141 140
f 132 133 142
f 132 142 141
f 133 134 143
f 133 143 142
f 134 135 144
f 134 144 143
f 136 137 146
f 136 146 145
f 137 138 147
f 137 147 146
f 138 139 148
f 138 148 147
f 139 140 149
f 139 149 148
f 140 141 150
f 140 150 149
f 141 142 151
f 141 151 150
f 142 143 152
f 142 152 151
f 143 144 153
f 143 153 152
f 145 146 155
f 145 155 154
f 146 147 156
f 146 156 155
f 147 148 157
f 147 157 156
f 148 149 158
f 148 158 157
f 149 150 159
f 149 159 158
f 150 151 160
f 150 160 159
f 151 152 161
f 151 161 160
f 152 153 162
f 152 162 161
f 163 173 164
f 163 172 173
f 164 174 165
f 164 173 174
f 165 175 166
f 165 174 175
f 166 176 167
f 166 175 176
f 167 177 168
f 167 176 177
f 168 178 169
f 168 177 178
f 169 179 170
f 169 178 179
f 170 180 171
f 170 179 180
f 172 182 173
f 172 181 182
f 173 183 174
f 173 182 183
f 174 184 175
f 174 183 184
f 175 185 176
f 175 184 185
f 176 186 177
f 176 185 186
f 177 187 178
f 177 186 187
f 178 188 179
f 178 187 188
f 179 189 180
f 179 188 189
f 181 191 182
f 181 190 191
f 182 192 183
f 182 191 192
f 183 193 184
f 183 192 193
f 184 194 185
f 184 193 194
f 185 195 186
f 185 194 195
f 186 196 187
f 186 195 196
f 187 197 188
f 187 196 197
f 188 198 189
f 188 197 198
f 190 200 191
f 190 199 200
f 191 201 192
f 191 200 201
f 192 202 193
f 192 201 202
f 193 203 194
f 193 202 203
f 194 204 195
f 194 203 204
f 195 205 196
f 195 204 205
f 196 206 197
f 196 205 206
f 197 207 198
f 197 206 207
f 199 209 200
f 199 208 209
f 200 210 201
f 200 209 210
f 201 211 202
f 201 210 211
f 202 212 203
f 202 211 212
f 203 213 204
f 203 212 213
f 204 214 205
f 204 213 214
f 205 215 206
f 205 214 215
f 206 216 207
f 206 215 216
f 208 218 209
f 208 217 218
f 209 219 210
f 209 218 219
f 210 220 211
f 210 219 220
f 211 221 212
f 211 220 221
f 212 222 213
f 212 221 222
f 213 223 214
f 213 222 223
f 214 224 215
f 214 223 224
f 215 225 216
f 215 224 225
f 217 227 218
f 217 226 227
f 218 228 219
f 218 227 228
f 219 229 220
f 219 228 229
f 220 230 221
f 220 229 230
f 221 231 222
f 221 230 231
f 222 232 223
f 222 231 232
f 223 233 224
f 223 232 233
f 224 234 225
f 224 233 234
f 226 236 227
f 226 235 236
f 227 237 228
f 227 236 237
f 228 238 229
f 228 237 238
f 229 239 230
f 229 238 239
f 230 240 231
f 230 239 240
f 231 241 232
f 231 240 241
f 232 242 233
f 232 241 242
f 233 243 234
f 233 242 243
f 235 245 236
f 235 244 245
f 236 246 237
f 236 245 246
f 237 247 238
f 237 246 247
f 238 248 239
f 238 247 248
f 239 249 240
f 239 248 249
f 240 250 241
f 240 249 250
f 241 251 242
f 241 250 251
f 242 252 243
f 242 251 252
f 244 254 245
f 244 253 254
f 245 255 246
f 245 254 255
f 246 256 247
f 246 255 256
f 247 257 248
f 247 256 257
f 248 258 249
f 248 257 258
f 249 259 250
f 249 258 259
f 250 260 251
f 250 259 260
f 251 261 252
f 251 260 261
f 253 263 254
f 253 262 263
f 254 264 255
f 254 263 264
f 255 265 256
f 255 264 265
f 256 266 257
f 256 265 266
f 257 267 258
f 257 266 267
f 258 268 259
f 258 267 268
f 259 269 260
f 259 268 269
f 260 270 261
f 260 269 270
f 262 272 263
f 262 271 272
f 263 273 264
f 263 272 273
f 264 274 265
f 264 273 274
f 265 275 266
f 265 274 275
f 266 276 267
f 266 275 276
f 267 277 268
f 267 276 277
f 268 278 269
f 268 277 278
f 269 279 270
f 269 278 279
f 271 281 272
f 271 280 281
f 272 282 273
f 272 281 282
f 273 283 274
f 273 282 283
f 274 284 275
f 274 283 284
f 275 285 276
f 275 284 285
f 276 286 277
f 276 285 286
f 277 287 278
f 277 286 287
f 278 288 279
f 278 287 288
f 280 290 281
f 280 289 290
f 281 291 282
f 281 290 291
f 282 292 283
f 282 291 292
f 283 293 284
f 283 292 293
f 284 294 285
f 284 293 294
f 285 295 286
f 285 294 295
f 286 296 287
f 286 295 296
f 287 297 288
f 287 296 297
f 289 299 290
f 289 298 299
f 290 300 291
f 290 299 300
f 291 301 292
f 291 300 301
f 292 302 293
f 292 301 302
f 293 303 294
f 293 302 303
f 294 304 295
f 294 303 304
f 295 305 296
f 295 304 305
f 296 306 297
f 296 305 306
f 298 308 299
f 298 307 308
f 299 309 300
f 299 308 309
f 300 310 301
f 300 309 310
f 301 311 302
f 301 310 311
f 302 312 303
f 302 311 312
f 303 313 304
f 303 312 313
f 304 314 305
f 304 313 314
f 305 315 306
f 305 314 315
f 307 317 308
f 307 316 317
f 308 318 309
f 308 317 318
f 309 319 310
f 309 318 319
f 310 320 311
f 310 319 320
f 311 321 312
f 311 320 321
f 312 322 313
f 312 321 322
f 313 323 314
f 313 322 323
f 314 324 315
f 314 323 324
f 1 163 172
f 1 172 10
f 9 180 171
f 9 18 180
f 10 172 181
f 10 181 19
f 18 189 180
f 18 27 189
f 19 181 190
f 19 190 28
f 27 198 189
f 27 36 198
f 136 298 307
f 136 307 145
f 144 315 306
f 144 153 315
f 145 307 316
f 145 316 154
f 153 324 315
f 153 162 324

o CroppedHoodieTop
v 0.07100000 -0.00900000 0.79000000 0.77647059 0.79215686 0.81568627
v 0.07027732 -0.00101329 0.79000000 0.74117647 0.75686275 0.77647059
v 0.06812400 0.00681083 0.79000000 0.78823529 0.80000000 0.82352941
v 0.06458387 0.01431309 0.79000000 0.54509804 0.55294118 0.57254902
v 0.05972900 0.02134076 0.79000000 0.01960784 0.01960784 0.02352941
v 0.05365822 0.02775078 0.79000000 0.01960784 0.01960784 0.02352941
v 0.04649511 0.03341267 0.79000000 0.02352941 0.02352941 0.02745098
v 0.03838550 0.03821115 0.79000000 0.01960784 0.01960784 0.02352941
v 0.02949447 0.04204855 0.79000000 0.01960784 0.01960784 0.02352941
v 0.02000301 0.04484675 0.79000000 0.01960784 0.01960784 0.02745098
v 0.01010435 0.04654878 0.79000000 0.01960784 0.01960784 0.02352941
v 0.00000000 0.04712000 0.79000000 0.01960784 0.01960784 0.02352941
v -0.01010435 0.04654878 0.79000000 0.01960784 0.01960784 0.02352941
v -0.02000301 0.04484675 0.79000000 0.52156863 0.52941176 0.54509804
v -0.02949447 0.04204855 0.79000000 0.76862745 0.78039216 0.80392157
v -0.03838550 0.03821115 0.79000000 0.74509804 0.76078431 0.78039216
v -0.04649511 0.03341267 0.79000000 0.76078431 0.77254902 0.79607843
v -0.05365822 0.02775078 0.79000000 0.79215686 0.80784314 0.83137255
v -0.05972900 0.02134076 0.79000000 0.79215686 0.80784314 0.83137255
v -0.06458387 0.01431309 0.79000000 0.74509804 0.76078431 0.78039216
v -0.06812400 0.00681083 0.79000000 0.76470588 0.77647059 0.80000000
v -0.07027732 -0.00101329 0.79000000 0.78431373 0.80000000 0.82352941
v -0.07100000 -0.00900000 0.79000000 0.74509804 0.76078431 0.78431373
v -0.07027732 -0.01880976 0.79000000 0.79215686 0.80392157 0.83137255
v -0.06812400 -0.02841983 0.79000000 0.76470588 0.77647059 0.80000000
v -0.06458387 -0.03763456 0.79000000 0.74117647 0.75686275 0.77647059
v -0.05972900 -0.04626637 0.79000000 0.77254902 0.78431373 0.80784314
v -0.05365822 -0.05413955 0.79000000 0.79607843 0.80784314 0.83137255
v -0.04649511 -0.06109382 0.79000000 0.78823529 0.80000000 0.82352941
v -0.03838550 -0.06698761 0.79000000 0.74901961 0.76078431 0.78431373
v -0.02949447 -0.07170093 0.79000000 0.74117647 0.75294118 0.77647059
v -0.02000301 -0.07513785 0.79000000 0.79215686 0.80784314 0.83137255
v -0.01010435 -0.07722839 0.79000000 0.75294118 0.76862745 0.79215686
v -0.00000000 -0.07793000 0.79000000 0.78431373 0.79607843 0.81960784
v 0.01010435 -0.07722839 0.79000000 0.75686275 0.76862745 0.79215686
v 0.02000301 -0.07513785 0.79000000 0.77254902 0.78823529 0.80784314
v 0.02949447 -0.07170093 0.79000000 0.29019608 0.29803922 0.30588235
v 0.03838550 -0.06698761 0.79000000 0.01960784 0.01960784 0.02352941
v 0.04649511 -0.06109382 0.79000000 0.01960784 0.01960784 0.02352941
v 0.05365822 -0.05413955 0.79000000 0.50588235 0.51372549 0.52941176
v 0.05972900 -0.04626637 0.79000000 0.74901961 0.76078431 0.78431373
v 0.06458387 -0.03763456 0.79000000 0.78039216 0.79607843 0.81960784
v 0.06812400 -0.02841983 0.79000000 0.80392157 0.81568627 0.83921569
v 0.07027732 -0.01880976 0.79000000 0.75686275 0.77254902 0.79215686
v 0.07800000 -0.01000000 0.82500000 0.74901961 0.76470588 0.78823529
v 0.07720607 -0.00083492 0.82500000 0.78431373 0.79607843 0.81960784
v 0.07484045 0.00814358 0.82500000 0.75294118 0.76862745 0.78823529
v 0.07095130 0.01675273 0.82500000 0.77254902 0.78431373 0.80784314
v 0.06561778 0.02481727 0.82500000 0.51764706 0.52549020 0.54117647
v 0.05894847 0.03217303 0.82500000 0.27058824 0.27450980 0.28627451
v 0.05107914 0.03867027 0.82500000 0.14117647 0.14509804 0.14901961
v 0.04216998 0.04417673 0.82500000 0.01960784 0.01960784 0.02352941
v 0.03240237 0.04858030 0.82500000 0.01960784 0.01960784 0.02352941
v 0.02197514 0.05179135 0.82500000 0.01960784 0.01960784 0.02352941
v 0.01110056 0.05374450 0.82500000 0.01960784 0.01960784 0.02352941
v 0.00000000 0.05440000 0.82500000 0.01960784 0.01960784 0.02352941
v -0.01110056 0.05374450 0.82500000 0.01960784 0.01960784 0.02352941
v -0.02197514 0.05179135 0.82500000 0.37647059 0.38039216 0.39607843
v -0.03240237 0.04858030 0.82500000 0.74901961 0.76078431 0.78431373
v -0.04216998 0.04417673 0.82500000 0.74509804 0.76078431 0.78039216
v -0.05107914 0.03867027 0.82500000 0.76078431 0.77647059 0.80000000
v -0.05894847 0.03217303 0.82500000 0.78823529 0.80392157 0.82352941
v -0.06561778 0.02481727 0.82500000 0.80000000 0.81568627 0.83921569
v -0.07095130 0.01675273 0.82500000 0.77647059 0.79215686 0.81568627
v -0.07484045 0.00814358 0.82500000 0.74509804 0.75686275 0.78039216
v -0.07720607 -0.00083492 0.82500000 0.77254902 0.78823529 0.81176471
v -0.07800000 -0.01000000 0.82500000 0.78431373 0.79607843 0.81960784
v -0.07720607 -0.02125710 0.82500000 0.75294118 0.76470588 0.78823529
v -0.07484045 -0.03228505 0.82500000 0.79215686 0.80392157 0.82745098
v -0.07095130 -0.04285933 0.82500000 0.75686275 0.77254902 0.79607843
v -0.06561778 -0.05276469 0.82500000 0.74901961 0.76078431 0.78431373
v -0.05894847 -0.06179948 0.82500000 0.76470588 0.77647059 0.80000000
v -0.05107914 -0.06977979 0.82500000 0.76470588 0.78039216 0.80392157
v -0.04216998 -0.07654315 0.82500000 0.76470588 0.78039216 0.80000000
v -0.03240237 -0.08195189 0.82500000 0.76862745 0.78431373 0.80392157
v -0.02197514 -0.08589589 0.82500000 0.76862745 0.78431373 0.80784314
v -0.01110056 -0.08829488 0.82500000 0.76470588 0.78039216 0.80392157
v -0.00000000 -0.08910000 0.82500000 0.77647059 0.79215686 0.81568627
v 0.01110056 -0.08829488 0.82500000 0.65882353 0.67058824 0.69019608
v 0.02197514 -0.08589589 0.82500000 0.51372549 0.52549020 0.54117647
v 0.03240237 -0.08195189 0.82500000 0.27058824 0.27450980 0.28627451
v 0.04216998 -0.07654315 0.82500000 0.01960784 0.01960784 0.02352941
v 0.05107914 -0.06977979 0.82500000 0.13333333 0.13333333 0.14117647
v 0.05894847 -0.06179948 0.82500000 0.50196078 0.51372549 0.52941176
v 0.06561778 -0.05276469 0.82500000 0.75294118 0.76470588 0.78823529
v 0.07095130 -0.04285933 0.82500000 0.76862745 0.78039216 0.80392157
v 0.07484045 -0.03228505 0.82500000 0.78823529 0.80392157 0.82745098
v 0.07720607 -0.02125710 0.82500000 0.79215686 0.80784314 0.83137255
v 0.08500000 -0.01000000 0.87500000 0.77647059 0.79215686 0.81568627
v 0.08413482 -0.00004935 0.87500000 0.77254902 0.78823529 0.81176471
v 0.08155690 0.00969874 0.87500000 0.75686275 0.77254902 0.79607843
v 0.07731872 0.01904582 0.87500000 0.74117647 0.75294118 0.77647059
v 0.07150655 0.02780161 0.87500000 0.78431373 0.79607843 0.81960784
v 0.06423871 0.03578786 0.87500000 0.80000000 0.81176471 0.83529412
v 0.05566316 0.04284201 0.87500000 0.64705882 0.65882353 0.67843137
v 0.04595447 0.04882045 0.87500000 0.49411765 0.50196078 0.51764706
v 0.03531028 0.05360147 0.87500000 0.27058824 0.27843137 0.28627451
v 0.02394727 0.05708775 0.87500000 0.01960784 0.01960784 0.02352941
v 0.01209676 0.05920832 0.87500000 0.01960784 0.01960784 0.02352941
v 0.00000000 0.05992000 0.87500000 0.01960784 0.01960784 0.02352941
v -0.01209676 0.05920832 0.87500000 0.01960784 0.01960784 0.02352941
v -0.02394727 0.05708775 0.87500000 0.37647059 0.38039216 0.39607843
v -0.03531028 0.05360147 0.87500000 0.74509804 0.75686275 0.78039216
v -0.04595447 0.04882045 0.87500000 0.75686275 0.76862745 0.79215686
v -0.05566316 0.04284201 0.87500000 0.77254902 0.78431373 0.80784314
v -0.06423871 0.03578786 0.87500000 0.78431373 0.80000000 0.82352941
v -0.07150655 0.02780161 0.87500000 0.79607843 0.81176471 0.83529412
v -0.07731872 0.01904582 0.87500000 0.79215686 0.80784314 0.83137255
v -0.08155690 0.00969874 0.87500000 0.76862745 0.78039216 0.80392157
v -0.08413482 -0.00004935 0.87500000 0.75294118 0.76470588 0.78823529
v -0.08500000 -0.01000000 0.87500000 0.77254902 0.78823529 0.81176471
v -0.08413482 -0.02222200 0.87500000 0.78039216 0.79607843 0.81960784
v -0.08155690 -0.03419519 0.87500000 0.74901961 0.76470588 0.78431373
v -0.07731872 -0.04567584 0.87500000 0.80000000 0.81176471 0.83921569
v -0.07150655 -0.05643023 0.87500000 0.73725490 0.75294118 0.77254902
v -0.06423871 -0.06623944 0.87500000 0.72156863 0.73333333 0.75686275
v -0.05566316 -0.07490377 0.87500000 0.72549020 0.74117647 0.76078431
v -0.04595447 -0.08224685 0.87500000 0.73725490 0.75294118 0.77647059
v -0.03531028 -0.08811920 0.87500000 0.78039216 0.79215686 0.81568627
v -0.02394727 -0.09240126 0.87500000 0.77254902 0.78823529 0.80784314
v -0.01209676 -0.09500587 0.87500000 0.76078431 0.77647059 0.79607843
v -0.00000000 -0.09588000 0.87500000 0.52156863 0.52941176 0.54901961
v 0.01209676 -0.09500587 0.87500000 0.27058824 0.27450980 0.28627451
v 0.02394727 -0.09240126 0.87500000 0.14509804 0.14901961 0.15686275
v 0.03531028 -0.08811920 0.87500000 0.01960784 0.01960784 0.02352941
v 0.04595447 -0.08224685 0.87500000 0.01960784 0.01960784 0.02352941
v 0.05566316 -0.07490377 0.87500000 0.01960784 0.01960784 0.02352941
v 0.06423871 -0.06623944 0.87500000 0.49803922 0.50588235 0.52156863
v 0.07150655 -0.05643023 0.87500000 0.74117647 0.75686275 0.77647059
v 0.07731872 -0.04567584 0.87500000 0.74901961 0.76078431 0.78431373
v 0.08155690 -0.03419519 0.87500000 0.76470588 0.78039216 0.80392157
v 0.08413482 -0.02222200 0.87500000 0.79215686 0.80392157 0.83137255
v 0.07800000 -0.00600000 0.92500000 0.76078431 0.77647059 0.79607843
v 0.07720607 0.00303415 0.92500000 0.78039216 0.79215686 0.81568627
v 0.07484045 0.01188438 0.92500000 0.76470588 0.77647059 0.80000000
v 0.07095130 0.02037055 0.92500000 0.75294118 0.76862745 0.78823529
v 0.06561778 0.02831988 0.92500000 0.78039216 0.79215686 0.81960784
v 0.05894847 0.03557056 0.92500000 0.79215686 0.80784314 0.82745098
v 0.05107914 0.04197498 0.92500000 0.78431373 0.79607843 0.81960784
v 0.04216998 0.04740277 0.92500000 0.75686275 0.76862745 0.79215686
v 0.03240237 0.05174344 0.92500000 0.76078431 0.77647059 0.80000000
v 0.02197514 0.05490861 0.92500000 0.27058824 0.27843137 0.28627451
v 0.01110056 0.05683387 0.92500000 0.01960784 0.01960784 0.02352941
v 0.00000000 0.05748000 0.92500000 0.01960784 0.01960784 0.02352941
v -0.01110056 0.05683387 0.92500000 0.15294118 0.15294118 0.16470588
v -0.02197514 0.05490861 0.92500000 0.50588235 0.51372549 0.52941176
v -0.03240237 0.05174344 0.92500000 0.75686275 0.77254902 0.79607843
v -0.04216998 0.04740277 0.92500000 0.78039216 0.79215686 0.81960784
v -0.05107914 0.04197498 0.92500000 0.78823529 0.80000000 0.82745098
v -0.05894847 0.03557056 0.92500000 0.78823529 0.80000000 0.82352941
v -0.06561778 0.02831988 0.92500000 0.75686275 0.76862745 0.79215686
v -0.07095130 0.02037055 0.92500000 0.75686275 0.76862745 0.79215686
v -0.07484045 0.01188438 0.92500000 0.78823529 0.80000000 0.82352941
v -0.07720607 0.00303415 0.92500000 0.75686275 0.77254902 0.79215686
v -0.07800000 -0.00600000 0.92500000 0.77647059 0.79215686 0.81568627
v -0.07720607 -0.01709629 0.92500000 0.76470588 0.78039216 0.80392157
v -0.07484045 -0.02796669 0.92500000 0.75686275 0.77254902 0.79215686
v -0.07095130 -0.03838991 0.92500000 0.80000000 0.81176471 0.83921569
v -0.06561778 -0.04815376 0.92500000 0.78823529 0.80392157 0.82745098
v -0.05894847 -0.05705949 0.92500000 0.75686275 0.76862745 0.79215686
v -0.05107914 -0.06492579 0.92500000 0.75686275 0.76862745 0.79215686
v -0.04216998 -0.07159254 0.92500000 0.78431373 0.80000000 0.82352941
v -0.03240237 -0.07692401 0.92500000 0.79215686 0.80784314 0.83137255
v -0.02197514 -0.08081167 0.92500000 0.51764706 0.52549020 0.54509804
v -0.01110056 -0.08317638 0.92500000 0.38039216 0.38823529 0.40000000
v -0.00000000 -0.08397000 0.92500000 0.27058824 0.27843137 0.28627451
v 0.01110056 -0.08317638 0.92500000 0.01960784 0.01960784 0.02352941
v 0.02197514 -0.08081167 0.92500000 0.01960784 0.01960784 0.02352941
v 0.03240237 -0.07692401 0.92500000 0.01960784 0.01960784 0.02352941
v 0.04216998 -0.07159254 0.92500000 0.01960784 0.01960784 0.02352941
v 0.05107914 -0.06492579 0.92500000 0.01960784 0.01960784 0.02352941
v 0.05894847 -0.05705949 0.92500000 0.13725490 0.14117647 0.14509804
v 0.06561778 -0.04815376 0.92500000 0.62352941 0.63529412 0.65098039
v 0.07095130 -0.03838991 0.92500000 0.74901961 0.76078431 0.78431373
v 0.07484045 -0.02796669 0.92500000 0.76470588 0.78039216 0.80392157
v 0.07720607 -0.01709629 0.92500000 0.79215686 0.80784314 0.83137255
v 0.05200000 -0.00100000 0.96500000 0.78039216 0.79607843 0.81960784
v 0.05147071 0.00528462 0.96500000 0.77647059 0.79215686 0.81568627
v 0.04989363 0.01144131 0.96500000 0.74509804 0.75686275 0.78039216
v 0.04730086 0.01734473 0.96500000 0.74901961 0.76078431 0.78431373
v 0.04374518 0.02287470 0.96500000 0.76078431 0.77254902 0.79607843
v 0.03929898 0.02791865 0.96500000 0.76470588 0.77647059 0.80000000
v 0.03405276 0.03237390 0.96500000 0.75294118 0.76470588 0.78823529
v 0.02811332 0.03614976 0.96500000 0.74117647 0.75686275 0.78039216
v 0.02160158 0.03916935 0.96500000 0.75686275 0.77254902 0.79215686
v 0.01465009 0.04137121 0.96500000 0.39215686 0.40000000 0.41176471
v 0.00740037 0.04271051 0.96500000 0.01960784 0.01960784 0.02352941
v 0.00000000 0.04316000 0.96500000 0.01960784 0.01960784 0.02352941
v -0.00740037 0.04271051 0.96500000 0.01960784 0.01960784 0.02352941
v -0.01465009 0.04137121 0.96500000 0.39215686 0.40000000 0.41568627
v -0.02160158 0.03916935 0.96500000 0.76470588 0.77647059 0.80000000
v -0.02811332 0.03614976 0.96500000 0.76862745 0.78431373 0.80784314
v -0.03405276 0.03237390 0.96500000 0.76862745 0.78431373 0.80784314
v -0.03929898 0.02791865 0.96500000 0.77254902 0.78823529 0.81176471
v -0.04374518 0.02287470 0.96500000 0.77254902 0.78823529 0.81176471
v -0.04730086 0.01734473 0.96500000 0.74901961 0.76470588 0.78823529
v -0.04989363 0.01144131 0.96500000 0.78823529 0.80392157 0.82745098
v -0.05147071 0.00528462 0.96500000 0.74901961 0.76470588 0.78823529
v -0.05200000 -0.00100000 0.96500000 0.78431373 0.80000000 0.82352941
v -0.05147071 -0.00871916 0.96500000 0.76078431 0.77647059 0.79607843
v -0.04989363 -0.01628117 0.96500000 0.75294118 0.76862745 0.79215686
v -0.04730086 -0.02353211 0.96500000 0.80392157 0.81568627 0.83921569
v -0.04374518 -0.03032436 0.96500000 0.80000000 0.81176471 0.83921569
v -0.03929898 -0.03651965 0.96500000 0.76470588 0.77647059 0.80000000
v -0.03405276 -0.04199186 0.96500000 0.75686275 0.76862745 0.79215686
v -0.02811332 -0.04662959 0.96500000 0.51764706 0.52549020 0.54117647
v -0.02160158 -0.05033844 0.96500000 0.41960784 0.42352941 0.43921569
v -0.01465009 -0.05304290 0.96500000 0.27450980 0.27843137 0.29019608
v -0.00740037 -0.05468792 0.96500000 0.01960784 0.01960784 0.02352941
v -0.00000000 -0.05524000 0.96500000 0.01960784 0.01960784 0.02352941
v 0.00740037 -0.05468792 0.96500000 0.01960784 0.01960784 0.02352941
v 0.01465009 -0.05304290 0.96500000 0.01960784 0.01960784 0.02352941
v 0.02160158 -0.05033844 0.96500000 0.01960784 0.01960784 0.02352941
v 0.02811332 -0.04662959 0.96500000 0.01960784 0.01960784 0.02352941
v 0.03405276 -0.04199186 0.96500000 0.01960784 0.01960784 0.02352941
v 0.03929898 -0.03651965 0.96500000 0.01960784 0.01960784 0.02352941
v 0.04374518 -0.03032436 0.96500000 0.15294118 0.15686275 0.16470588
v 0.04730086 -0.02353211 0.96500000 0.51764706 0.52941176 0.54509804
v 0.04989363 -0.01628117 0.96500000 0.76862745 0.78039216 0.80392157
v 0.05147071 -0.00871916 0.96500000 0.76862745 0.78039216 0.80392157
v 0.04300000 0.00000000 0.99000000 0.76470588 0.77647059 0.80000000
v 0.04256232 0.00536812 0.99000000 0.81176471 0.82352941 0.85098039
v 0.04125820 0.01062695 0.99000000 0.74509804 0.75686275 0.78039216
v 0.03911418 0.01566945 0.99000000 0.71764706 0.72941176 0.75294118
v 0.03617390 0.02039297 0.99000000 0.73725490 0.75294118 0.77254902
v 0.03249723 0.02470135 0.99000000 0.75686275 0.76862745 0.79215686
v 0.02815901 0.02850687 0.99000000 0.74901961 0.76078431 0.78431373
v 0.02324756 0.03173208 0.99000000 0.72941176 0.74117647 0.76470588
v 0.01786285 0.03431132 0.99000000 0.72549020 0.74117647 0.76470588
v 0.01211450 0.03619207 0.99000000 0.50980392 0.51764706 0.53333333
v 0.00611954 0.03733606 0.99000000 0.01960784 0.01960784 0.02352941
v 0.00000000 0.03772000 0.99000000 0.01960784 0.01960784 0.02352941
v -0.00611954 0.03733606 0.99000000 0.01960784 0.01960784 0.02745098
v -0.01211450 0.03619207 0.99000000 0.01960784 0.01960784 0.02352941
v -0.01786285 0.03431132 0.99000000 0.53725490 0.54509804 0.56470588
v -0.02324756 0.03173208 0.99000000 0.76078431 0.77647059 0.80000000
v -0.02815901 0.02850687 0.99000000 0.78039216 0.79607843 0.81960784
v -0.03249723 0.02470135 0.99000000 0.75294118 0.76470588 0.78823529
v -0.03617390 0.02039297 0.99000000 0.79215686 0.80392157 0.82745098
v -0.03911418 0.01566945 0.99000000 0.74509804 0.75686275 0.78039216
v -0.04125820 0.01062695 0.99000000 0.80000000 0.81176471 0.83529412
v -0.04256232 0.00536812 0.99000000 0.74117647 0.75294118 0.77647059
v -0.04300000 0.00000000 0.99000000 0.78431373 0.79607843 0.81960784
v -0.04256232 -0.00659345 0.99000000 0.78039216 0.79607843 0.81568627
v -0.04125820 -0.01305267 0.99000000 0.72941176 0.74509804 0.76470588
v -0.03911418 -0.01924618 0.99000000 0.78431373 0.79607843 0.82352941
v -0.03617390 -0.02504789 0.99000000 0.81568627 0.83137255 0.85490196
v -0.03249723 -0.03033970 0.99000000 0.80784314 0.82352941 0.84705882
v -0.02815901 -0.03501388 0.99000000 0.80000000 0.81176471 0.83921569
v -0.02324756 -0.03897528 0.99000000 0.53333333 0.54509804 0.56078431
v -0.01786285 -0.04214325 0.99000000 0.02352941 0.02352941 0.02745098
v -0.01211450 -0.04445331 0.99000000 0.01960784 0.01960784 0.02352941
v -0.00611954 -0.04585843 0.99000000 0.01960784 0.01960784 0.02352941
v -0.00000000 -0.04633000 0.99000000 0.01960784 0.01960784 0.02352941
v 0.00611954 -0.04585843 0.99000000 0.01960784 0.01960784 0.02352941
v 0.01211450 -0.04445331 0.99000000 0.01960784 0.01960784 0.02352941
v 0.01786285 -0.04214325 0.99000000 0.01960784 0.01960784 0.02352941
v 0.02324756 -0.03897528 0.99000000 0.01960784 0.01960784 0.02352941
v 0.02815901 -0.03501388 0.99000000 0.01960784 0.01960784 0.02352941
v 0.03249723 -0.03033970 0.99000000 0.01960784 0.01960784 0.02352941
v 0.03617390 -0.02504789 0.99000000 0.01960784 0.01960784 0.02352941
v 0.03911418 -0.01924618 0.99000000 0.01960784 0.01960784 0.02352941
v 0.04125820 -0.01305267 0.99000000 0.53725490 0.54509804 0.56470588
v 0.04256232 -0.00659345 0.99000000 0.76862745 0.78039216 0.80392157
f 325 326 370
f 325 370 369
f 326 327 371
f 326 371 370
f 327 328 372
f 327 372 371
f 328 329 373
f 328 373 372
f 329 330 374
f 329 374 373
f 330 331 375
f 330 375 374
f 331 332 376
f 331 376 375
f 332 333 377
f 332 377 376
f 333 334 378
f 333 378 377
f 334 335 379
f 334 379 378
f 335 336 380
f 335 380 379
f 336 337 381
f 336 381 380
f 337 338 382
f 337 382 381
f 338 339 383
f 338 383 382
f 339 340 384
f 339 384 383
f 340 341 385
f 340 385 384
f 341 342 386
f 341 386 385
f 342 343 387
f 342 387 386
f 343 344 388
f 343 388 387
f 344 345 389
f 344 389 388
f 345 346 390
f 345 390 389
f 346 347 391
f 346 391 390
f 347 348 392
f 347 392 391
f 348 349 393
f 348 393 392
f 349 350 394
f 349 394 393
f 350 351 395
f 350 395 394
f 351 352 396
f 351 396 395
f 352 353 397
f 352 397 396
f 353 354 398
f 353 398 397
f 354 355 399
f 354 399 398
f 355 356 400
f 355 400 399
f 356 357 401
f 356 401 400
f 357 358 402
f 357 402 401
f 358 359 403
f 358 403 402
f 359 360 404
f 359 404 403
f 360 361 405
f 360 405 404
f 361 362 406
f 361 406 405
f 362 363 407
f 362 407 406
f 363 364 408
f 363 408 407
f 364 365 409
f 364 409 408
f 365 366 410
f 365 410 409
f 366 367 411
f 366 411 410
f 367 368 412
f 367 412 411
f 368 325 369
f 368 369 412
f 369 370 414
f 369 414 413
f 370 371 415
f 370 415 414
f 371 372 416
f 371 416 415
f 372 373 417
f 372 417 416
f 373 374 418
f 373 418 417
f 374 375 419
f 374 419 418
f 375 376 420
f 375 420 419
f 376 377 421
f 376 421 420
f 377 378 422
f 377 422 421
f 378 379 423
f 378 423 422
f 379 380 424
f 379 424 423
f 380 381 425
f 380 425 424
f 381 382 426
f 381 426 425
f 382 383 427
f 382 427 426
f 383 384 428
f 383 428 427
f 384 385 429
f 384 429 428
f 385 386 430
f 385 430 429
f 386 387 431
f 386 431 430
f 387 388 432
f 387 432 431
f 388 389 433
f 388 433 432
f 389 390 434
f 389 434 433
f 390 391 435
f 390 435 434
f 391 392 436
f 391 436 435
f 392 393 437
f 392 437 436
f 393 394 438
f 393 438 437
f 394 395 439
f 394 439 438
f 395 396 440
f 395 440 439
f 396 397 441
f 396 441 440
f 397 398 442
f 397 442 441
f 398 399 443
f 398 443 442
f 399 400 444
f 399 444 443
f 400 401 445
f 400 445 444
f 401 402 446
f 401 446 445
f 402 403 447
f 402 447 446
f 403 404 448
f 403 448 447
f 404 405 449
f 404 449 448
f 405 406 450
f 405 450 449
f 406 407 451
f 406 451 450
f 407 408 452
f 407 452 451
f 408 409 453
f 408 453 452
f 409 410 454
f 409 454 453
f 410 411 455
f 410 455 454
f 411 412 456
f 411 456 455
f 412 369 413
f 412 413 456
f 413 414 458
f 413 458 457
f 414 415 459
f 414 459 458
f 415 416 460
f 415 460 459
f 416 417 461
f 416 461 460
f 417 418 462
f 417 462 461
f 418 419 463
f 418 463 462
f 419 420 464
f 419 464 463
f 420 421 465
f 420 465 464
f 421 422 466
f 421 466 465
f 422 423 467
f 422 467 466
f 423 424 468
f 423 468 467
f 424 425 469
f 424 469 468
f 425 426 470
f 425 470 469
f 426 427 471
f 426 471 470
f 427 428 472
f 427 472 471
f 428 429 473
f 428 473 472
f 429 430 474
f 429 474 473
f 430 431 475
f 430 475 474
f 431 432 476
f 431 476 475
f 432 433 477
f 432 477 476
f 433 434 478
f 433 478 477
f 434 435 479
f 434 479 478
f 435 436 480
f 435 480 479
f 436 437 481
f 436 481 480
f 437 438 482
f 437 482 481
f 438 439 483
f 438 483 482
f 439 440 484
f 439 484 483
f 440 441 485
f 440 485 484
f 441 442 486
f 441 486 485
f 442 443 487
f 442 487 486
f 443 444 488
f 443 488 487
f 444 445 489
f 444 489 488
f 445 446 490
f 445 490 489
f 446 447 491
f 446 491 490
f 447 448 492
f 447 492 491
f 448 449 493
f 448 493 492
f 449 450 494
f 449 494 493
f 450 451 495
f 450 495 494
f 451 452 496
f 451 496 495
f 452 453 497
f 452 497 496
f 453 454 498
f 453 498 497
f 454 455 499
f 454 499 498
f 455 456 500
f 455 500 499
f 456 413 457
f 456 457 500
f 457 458 502
f 457 502 501
f 458 459 503
f 458 503 502
f 459 460 504
f 459 504 503
f 460 461 505
f 460 505 504
f 461 462 506
f 461 506 505
f 462 463 507
f 462 507 506
f 463 464 508
f 463 508 507
f 464 465 509
f 464 509 508
f 465 466 510
f 465 510 509
f 466 467 511
f 466 511 510
f 467 468 512
f 467 512 511
f 468 469 513
f 468 513 512
f 469 470 514
f 469 514 513
f 470 471 515
f 470 515 514
f 471 472 516
f 471 516 515
f 472 473 517
f 472 517 516
f 473 474 518
f 473 518 517
f 474 475 519
f 474 519 518
f 475 476 520
f 475 520 519
f 476 477 521
f 476 521 520
f 477 478 522
f 477 522 521
f 478 479 523
f 478 523 522
f 479 480 524
f 479 524 523
f 480 481 525
f 480 525 524
f 481 482 526
f 481 526 525
f 482 483 527
f 482 527 526
f 483 484 528
f 483 528 527
f 484 485 529
f 484 529 528
f 485 486 530
f 485 530 529
f 486 487 531
f 486 531 530
f 487 488 532
f 487 532 531
f 488 489 533
f 488 533 532
f 489 490 534
f 489 534 533
f 490 491 535
f 490 535 534
f 491 492 536
f 491 536 535
f 492 493 537
f 492 537 536
f 493 494 538
f 493 538 537
f 494 495 539
f 494 539 538
f 495 496 540
f 495 540 539
f 496 497 541
f 496 541 540
f 497 498 542
f 497 542 541
f 498 499 543
f 498 543 542
f 499 500 544
f 499 544 543
f 500 457 501
f 500 501 544
f 501 502 546
f 501 546 545
f 502 503 547
f 502 547 546
f 503 504 548
f 503 548 547
f 504 505 549
f 504 549 548
f 505 506 550
f 505 550 549
f 506 507 551
f 506 551 550
f 507 508 552
f 507 552 551
f 508 509 553
f 508 553 552
f 509 510 554
f 509 554 553
f 510 511 555
f 510 555 554
f 511 512 556
f 511 556 555
f 512 513 557
f 512 557 556
f 513 514 558
f 513 558 557
f 514 515 559
f 514 559 558
f 515 516 560
f 515 560 559
f 516 517 561
f 516 561 560
f 517 518 562
f 517 562 561
f 518 519 563
f 518 563 562
f 519 520 564
f 519 564 563
f 520 521 565
f 520 565 564
f 521 522 566
f 521 566 565
f 522 523 567
f 522 567 566
f 523 524 568
f 523 568 567
f 524 525 569
f 524 569 568
f 525 526 570
f 525 570 569
f 526 527 571
f 526 571 570
f 527 528 572
f 527 572 571
f 528 529 573
f 528 573 572
f 529 530 574
f 529 574 573
f 530 531 575
f 530 575 574
f 531 532 576
f 531 576 575
f 532 533 577
f 532 577 576
f 533 534 578
f 533 578 577
f 534 535 579
f 534 579 578
f 535 536 580
f 535 580 579
f 536 537 581
f 536 581 580
f 537 538 582
f 537 582 581
f 538 539 583
f 538 583 582
f 539 540 584
f 539 584 583
f 540 541 585
f 540 585 584
f 541 542 586
f 541 586 585
f 542 543 587
f 542 587 586
f 543 544 588
f 543 588 587
f 544 501 545
f 544 545 588

o Sleeve_L
v 0.23500000 0.05080000 0.93800000 0.76862745 0.78039216 0.80392157
v 0.23500000 0.04962663 0.95135126 0.75686275 0.77254902 0.79607843
v 0.23500000 0.04616534 0.96403302 0.75294118 0.76470588 0.78823529
v 0.23500000 0.04058971 0.97540939 0.76862745 0.78431373 0.80392157
v 0.23500000 0.03317932 0.98490989 0.78431373 0.79607843 0.81960784
v 0.23500000 0.02430576 0.99205813 0.75686275 0.77254902 0.79607843
v 0.23500000 0.01441398 0.99649567 0.76078431 0.77254902 0.80000000
v 0.23500000 0.00400000 0.99800000 0.79607843 0.81176471 0.83529412
v 0.23500000 -0.00641398 0.99649567 0.74901961 0.76078431 0.78431373
v 0.23500000 -0.01630576 0.99205813 0.77254902 0.78431373 0.80784314
v 0.23500000 -0.02517932 0.98490989 0.78431373 0.79607843 0.81960784
v 0.23500000 -0.03258971 0.97540939 0.75294118 0.76470588 0.78823529
v 0.23500000 -0.03816534 0.96403302 0.76078431 0.77647059 0.80000000
v 0.23500000 -0.04162663 0.95135126 0.81176471 0.82352941 0.85098039
v 0.23500000 -0.04280000 0.93800000 0.81568627 0.82745098 0.85490196
v 0.23500000 -0.04162663 0.92464874 0.79215686 0.80784314 0.83137255
v 0.23500000 -0.03816534 0.91196698 0.74901961 0.76078431 0.78431373
v 0.23500000 -0.03258971 0.90059061 0.78431373 0.80000000 0.82352941
v 0.23500000 -0.02517932 0.89109011 0.74509804 0.76078431 0.78039216
v 0.23500000 -0.01630576 0.88394187 0.79215686 0.80784314 0.83137255
v 0.23500000 -0.00641398 0.87950433 0.77254902 0.78431373 0.80784314
v 0.23500000 0.00400000 0.87800000 0.73333333 0.74509804 0.76862745
v 0.23500000 0.01441398 0.87950433 0.80784314 0.81960784 0.84313725
v 0.23500000 0.02430576 0.88394187 0.74901961 0.76470588 0.78431373
v 0.23500000 0.03317932 0.89109011 0.78039216 0.79215686 0.81568627
v 0.23500000 0.04058971 0.90059061 0.76470588 0.77647059 0.80000000
v 0.23500000 0.04616534 0.91196698 0.76078431 0.77254902 0.79607843
v 0.23500000 0.04962663 0.92464874 0.76078431 0.77254902 0.79607843
v 0.25277778 0.05417037 0.93744444 0.79607843 0.80784314 0.83529412
v 0.25277778 0.05291249 0.95175721 0.79215686 0.80784314 0.83137255
v 0.25277778 0.04920194 0.96535228 0.76862745 0.78039216 0.80784314
v 0.25277778 0.04322478 0.97754792 0.75686275 0.76862745 0.79215686
v 0.25277778 0.03528071 0.98773262 0.78431373 0.79607843 0.81960784
v 0.25277778 0.02576811 0.99539565 0.76078431 0.77254902 0.79607843
v 0.25277778 0.01516396 1.00015277 0.76470588 0.77647059 0.80000000
v 0.25277778 0.00400000 1.00176543 0.79215686 0.80784314 0.83137255
v 0.25277778 -0.00716396 1.00015277 0.75294118 0.76862745 0.79215686
v 0.25277778 -0.01776811 0.99539565 0.76470588 0.77647059 0.80000000
v 0.25277778 -0.02728071 0.98773262 0.78431373 0.79607843 0.81960784
v 0.25277778 -0.03522478 0.97754792 0.75686275 0.77254902 0.79215686
v 0.25277778 -0.04120194 0.96535228 0.76078431 0.77647059 0.80000000
v 0.25277778 -0.04491249 0.95175721 0.79215686 0.80784314 0.83137255
v 0.25277778 -0.04617037 0.93744444 0.80000000 0.81568627 0.83921569
v 0.25277778 -0.04491249 0.92313168 0.79215686 0.80784314 0.83137255
v 0.25277778 -0.04120194 0.90953661 0.75686275 0.76862745 0.79215686
v 0.25277778 -0.03522478 0.89734096 0.76862745 0.78431373 0.80784314
v 0.25277778 -0.02728071 0.88715627 0.76078431 0.77647059 0.79607843
v 0.25277778 -0.01776811 0.87949324 0.77254902 0.78823529 0.81176471
v 0.25277778 -0.00716396 0.87473612 0.79607843 0.80784314 0.83529412
v 0.25277778 0.00400000 0.87312346 0.72549020 0.74117647 0.76078431
v 0.25277778 0.01516396 0.87473612 0.78039216 0.79607843 0.81960784
v 0.25277778 0.02576811 0.87949324 0.78823529 0.80392157 0.82745098
v 0.25277778 0.03528071 0.88715627 0.74509804 0.76078431 0.78431373
v 0.25277778 0.04322478 0.89734096 0.77647059 0.79215686 0.81568627
v 0.25277778 0.04920194 0.90953661 0.76862745 0.78039216 0.80392157
v 0.25277778 0.05291249 0.92313168 0.78823529 0.80000000 0.82352941
v 0.27055556 0.05754074 0.93688889 0.76078431 0.77647059 0.79607843
v 0.27055556 0.05619836 0.95216317 0.77254902 0.78823529 0.81176471
v 0.27055556 0.05223854 0.96667153 0.78823529 0.80000000 0.82745098
v 0.27055556 0.04585984 0.97968646 0.76078431 0.77254902 0.79607843
v 0.27055556 0.03738211 0.99055535 0.78039216 0.79215686 0.81568627
v 0.27055556 0.02723046 0.99873317 0.75294118 0.76470588 0.78823529
v 0.27055556 0.01591394 1.00380987 0.78039216 0.79215686 0.81568627
v 0.27055556 0.00400000 1.00553086 0.78823529 0.80392157 0.82745098
v 0.27055556 -0.00791394 1.00380987 0.74901961 0.76470588 0.78431373
v 0.27055556 -0.01923046 0.99873317 0.76078431 0.77647059 0.80000000
v 0.27055556 -0.02938211 0.99055535 0.78823529 0.80392157 0.82745098
v 0.27055556 -0.03785984 0.97968646 0.74901961 0.76470588 0.78823529
v 0.27055556 -0.04423854 0.96667153 0.77647059 0.79215686 0.81568627
v 0.27055556 -0.04819836 0.95216317 0.79607843 0.80784314 0.83137255
v 0.27055556 -0.04954074 0.93688889 0.79607843 0.80784314 0.83137255
v 0.27055556 -0.04819836 0.92161461 0.80000000 0.81568627 0.83921569
v 0.27055556 -0.04423854 0.90710625 0.77254902 0.78431373 0.80784314
v 0.27055556 -0.03785984 0.89409132 0.76862745 0.78431373 0.80392157
v 0.27055556 -0.02938211 0.88322243 0.75686275 0.76862745 0.79215686
v 0.27055556 -0.01923046 0.87504461 0.77647059 0.78823529 0.81176471
v 0.27055556 -0.00791394 0.86996791 0.80784314 0.81960784 0.84313725
v 0.27055556 0.00400000 0.86824691 0.73333333 0.74509804 0.76862745
v 0.27055556 0.01591394 0.86996791 0.74509804 0.76078431 0.78431373
v 0.27055556 0.02723046 0.87504461 0.81176471 0.82745098 0.85098039
v 0.27055556 0.03738211 0.88322243 0.74509804 0.75686275 0.78039216
v 0.27055556 0.04585984 0.89409132 0.78039216 0.79215686 0.81568627
v 0.27055556 0.05223854 0.90710625 0.77254902 0.78823529 0.80784314
v 0.27055556 0.05619836 0.92161461 0.77647059 0.78823529 0.81176471
v 0.28833333 0.06091111 0.93633333 0.74509804 0.75686275 0.78039216
v 0.28833333 0.05948423 0.95256912 0.74509804 0.75686275 0.78039216
v 0.28833333 0.05527514 0.96799078 0.76862745 0.78039216 0.80392157
v 0.28833333 0.04849490 0.98182500 0.78039216 0.79215686 0.81568627
v 0.28833333 0.03948350 0.99337807 0.76078431 0.77647059 0.80000000
v 0.28833333 0.02869281 1.00207069 0.76078431 0.77254902 0.80000000
v 0.28833333 0.01666391 1.00746696 0.79215686 0.80392157 0.82745098
v 0.28833333 0.00400000 1.00929630 0.78039216 0.79607843 0.81960784
v 0.28833333 -0.00866391 1.00746696 0.74509804 0.76078431 0.78039216
v 0.28833333 -0.02069281 1.00207069 0.76078431 0.77254902 0.79607843
v 0.28833333 -0.03148350 0.99337807 0.79215686 0.80784314 0.83137255
v 0.28833333 -0.04049490 0.98182500 0.74901961 0.76078431 0.78431373
v 0.28833333 -0.04727514 0.96799078 0.78823529 0.80000000 0.82745098
v 0.28833333 -0.05148423 0.95256912 0.78431373 0.79607843 0.81960784
v 0.28833333 -0.05291111 0.93633333 0.77647059 0.78823529 0.81176471
v 0.28833333 -0.05148423 0.92009755 0.79215686 0.80392157 0.82745098
v 0.28833333 -0.04727514 0.90467589 0.78039216 0.79607843 0.81960784
v 0.28833333 -0.04049490 0.89084167 0.77254902 0.78431373 0.80784314
v 0.28833333 -0.03148350 0.87928859 0.74901961 0.76078431 0.78431373
v 0.28833333 -0.02069281 0.87059598 0.78039216 0.79215686 0.81568627
v 0.28833333 -0.00866391 0.86519970 0.81568627 0.83137255 0.85490196
v 0.28833333 0.00400000 0.86337037 0.74901961 0.76078431 0.78431373
v 0.28833333 0.01666391 0.86519970 0.71764706 0.73333333 0.75294118
v 0.28833333 0.02869281 0.87059598 0.79215686 0.80784314 0.83137255
v 0.28833333 0.03948350 0.87928859 0.78431373 0.79607843 0.81960784
v 0.28833333 0.04849490 0.89084167 0.75686275 0.76862745 0.79215686
v 0.28833333 0.05527514 0.90467589 0.77254902 0.78431373 0.80784314
v 0.28833333 0.05948423 0.92009755 0.74901961 0.76470588 0.78431373
v 0.30611111 0.06427233 0.93577778 0.78431373 0.80000000 0.82352941
v 0.30611111 0.06276118 0.95297246 0.77254902 0.78431373 0.81176471
v 0.30611111 0.05830350 0.96930494 0.75294118 0.76470588 0.78823529
v 0.30611111 0.05112281 0.98395622 0.78039216 0.79215686 0.81568627
v 0.30611111 0.04157919 0.99619163 0.75686275 0.76862745 0.79215686
v 0.30611111 0.03015119 1.00539764 0.78039216 0.79215686 0.81568627
v 0.30611111 0.01741186 1.01111262 0.79215686 0.80392157 0.83137255
v 0.30611111 0.00400000 1.01305000 0.76862745 0.78431373 0.80784314
v 0.30611111 -0.00941186 1.01111262 0.74509804 0.75686275 0.78039216
v 0.30611111 -0.02215119 1.00539764 0.75686275 0.76862745 0.79215686
v 0.30611111 -0.03357919 0.99619163 0.79215686 0.80784314 0.83137255
v 0.30611111 -0.04312281 0.98395622 0.75294118 0.76470588 0.78823529
v 0.30611111 -0.05030350 0.96930494 0.78823529 0.80392157 0.82745098
v 0.30611111 -0.05476118 0.95297246 0.76470588 0.77647059 0.80000000
v 0.30611111 -0.05627233 0.93577778 0.75294118 0.76470588 0.78431373
v 0.30611111 -0.05476118 0.91858309 0.76862745 0.78431373 0.80784314
v 0.30611111 -0.05030350 0.90225062 0.78431373 0.80000000 0.82352941
v 0.30611111 -0.04312281 0.88759934 0.77254902 0.78823529 0.81176471
v 0.30611111 -0.03357919 0.87536392 0.74117647 0.75294118 0.77647059
v 0.30611111 -0.02215119 0.86615791 0.78431373 0.80000000 0.82352941
v 0.30611111 -0.00941186 0.86044293 0.82352941 0.83921569 0.86274510
v 0.30611111 0.00400000 0.85850556 0.77254902 0.78823529 0.81176471
v 0.30611111 0.01741186 0.86044293 0.71764706 0.72941176 0.74901961
v 0.30611111 0.03015119 0.86615791 0.74509804 0.75686275 0.78039216
v 0.30611111 0.04157919 0.87536392 0.80784314 0.82352941 0.85098039
v 0.30611111 0.05112281 0.88759934 0.74901961 0.76470588 0.78431373
v 0.30611111 0.05830350 0.90225062 0.76862745 0.78431373 0.80784314
v 0.30611111 0.06276118 0.91858309 0.76862745 0.78431373 0.80392157
v 0.32388889 0.06763067 0.93522222 0.78823529 0.80392157 0.82745098
v 0.32388889 0.06603531 0.95337499 0.79215686 0.80784314 0.83137255
v 0.32388889 0.06132925 0.97061749 0.77254902 0.78823529 0.81176471
v 0.32388889 0.05374846 0.98608513 0.76078431 0.77647059 0.79607843
v 0.32388889 0.04367307 0.99900230 0.76862745 0.78039216 0.80392157
v 0.32388889 0.03160831 1.00872126 0.78823529 0.80392157 0.82745098
v 0.32388889 0.01815916 1.01475467 0.78039216 0.79607843 0.81960784
v 0.32388889 0.00400000 1.01680000 0.75686275 0.76862745 0.79215686
v 0.32388889 -0.01015916 1.01475467 0.74117647 0.75294118 0.77647059
v 0.32388889 -0.02360831 1.00872126 0.75686275 0.76862745 0.79215686
v 0.32388889 -0.03567307 0.99900230 0.79215686 0.80784314 0.83137255
v 0.32388889 -0.04574846 0.98608513 0.76078431 0.77254902 0.79607843
v 0.32388889 -0.05332925 0.97061749 0.78039216 0.79607843 0.81960784
v 0.32388889 -0.05803531 0.95337499 0.74901961 0.76078431 0.78431373
v 0.32388889 -0.05963067 0.93522222 0.73725490 0.75294118 0.77254902
v 0.32388889 -0.05803531 0.91706946 0.74901961 0.76470588 0.78431373
v 0.32388889 -0.05332925 0.89982695 0.78431373 0.80000000 0.81960784
v 0.32388889 -0.04574846 0.88435931 0.77254902 0.78823529 0.81176471
v 0.32388889 -0.03567307 0.87144215 0.73725490 0.74901961 0.77254902
v 0.32388889 -0.02360831 0.86172318 0.78823529 0.80392157 0.82745098
v 0.32388889 -0.01015916 0.85568977 0.82745098 0.84313725 0.87058824
v 0.32388889 0.00400000 0.85364444 0.80392157 0.81568627 0.84313725
v 0.32388889 0.01815916 0.85568977 0.74509804 0.76078431 0.78039216
v 0.32388889 0.03160831 0.86172318 0.71372549 0.72549020 0.74901961
v 0.32388889 0.04367307 0.87144215 0.78039216 0.79215686 0.81568627
v 0.32388889 0.05374846 0.88435931 0.78039216 0.79607843 0.81960784
v 0.32388889 0.06132925 0.89982695 0.76470588 0.78039216 0.80392157
v 0.32388889 0.06603531 0.91706946 0.78431373 0.80000000 0.82352941
v 0.34166667 0.07098900 0.93466667 0.74901961 0.76078431 0.78431373
v 0.34166667 0.06930945 0.95377751 0.76078431 0.77254902 0.79607843
v 0.34166667 0.06435500 0.97193005 0.78431373 0.80000000 0.82352941
v 0.34166667 0.05637411 0.98821405 0.75686275 0.77254902 0.79607843
v 0.34166667 0.04576696 1.00181296 0.78431373 0.80000000 0.81960784
v 0.34166667 0.03306544 1.01204488 0.78431373 0.79607843 0.81960784
v 0.34166667 0.01890645 1.01839673 0.76078431 0.77647059 0.79607843
v 0.34166667 0.00400000 1.02055000 0.74509804 0.75686275 0.78039216
v 0.34166667 -0.01090645 1.01839673 0.73725490 0.75294118 0.77254902
v 0.34166667 -0.02506544 1.01204488 0.50196078 0.50980392 0.52549020
v 0.34166667 -0.03776696 1.00181296 0.40392157 0.40784314 0.42352941
v 0.34166667 -0.04837411 0.98821405 0.39215686 0.40000000 0.41568627
v 0.34166667 -0.05635500 0.97193005 0.52156863 0.53333333 0.54901961
v 0.34166667 -0.06130945 0.95377751 0.74509804 0.75686275 0.78039216
v 0.34166667 -0.06298900 0.93466667 0.74509804 0.75686275 0.78039216
v 0.34166667 -0.06130945 0.91555583 0.74117647 0.75294118 0.77647059
v 0.34166667 -0.05635500 0.89740328 0.77647059 0.79215686 0.81568627
v 0.34166667 -0.04837411 0.88111928 0.76862745 0.78431373 0.80392157
v 0.34166667 -0.03776696 0.86752037 0.73725490 0.74901961 0.76862745
v 0.34166667 -0.02506544 0.85728846 0.79607843 0.80784314 0.83137255
v 0.34166667 -0.01090645 0.85093661 0.83137255 0.84705882 0.87058824
v 0.34166667 0.00400000 0.84878333 0.82352941 0.83921569 0.86274510
v 0.34166667 0.01890645 0.85093661 0.79215686 0.80784314 0.82745098
v 0.34166667 0.03306544 0.85728846 0.73725490 0.74901961 0.77254902
v 0.34166667 0.04576696 0.86752037 0.72941176 0.74117647 0.76470588
v 0.34166667 0.05637411 0.88111928 0.79607843 0.81176471 0.83529412
v 0.34166667 0.06435500 0.89740328 0.76078431 0.77647059 0.80000000
v 0.34166667 0.06930945 0.91555583 0.76470588 0.78039216 0.80392157
v 0.35944444 0.07434733 0.93411111 0.75686275 0.77254902 0.79215686
v 0.35944444 0.07258358 0.95418003 0.74901961 0.76470588 0.78431373
v 0.35944444 0.06738076 0.97324260 0.76470588 0.77647059 0.80000000
v 0.35944444 0.05899976 0.99034296 0.77647059 0.78823529 0.81176471
v 0.35944444 0.04786084 1.00462362 0.78039216 0.79607843 0.81568627
v 0.35944444 0.03452256 1.01536849 0.76078431 0.77254902 0.79607843
v 0.35944444 0.01965375 1.02203878 0.74509804 0.75686275 0.78039216
v 0.35944444 0.00400000 1.02430000 0.73725490 0.74901961 0.77254902
v 0.35944444 -0.01165375 1.02203878 0.49411765 0.50588235 0.52156863
v 0.35944444 -0.02652256 1.01536849 0.26274510 0.26666667 0.27450980
v 0.35944444 -0.03986084 1.00462362 0.01960784 0.01960784 0.02352941
v 0.35944444 -0.05099976 0.99034296 0.01960784 0.01960784 0.02352941
v 0.35944444 -0.05938076 0.97324260 0.01960784 0.01960784 0.02352941
v 0.35944444 -0.06458358 0.95418003 0.38823529 0.39215686 0.40784314
v 0.35944444 -0.06634733 0.93411111 0.76470588 0.78039216 0.80392157
v 0.35944444 -0.06458358 0.91404220 0.74509804 0.76078431 0.78039216
v 0.35944444 -0.05938076 0.89497962 0.76862745 0.78431373 0.80784314
v 0.35944444 -0.05099976 0.87787926 0.76078431 0.77254902 0.79607843
v 0.35944444 -0.03986084 0.86359860 0.74117647 0.75294118 0.77647059
v 0.35944444 -0.02652256 0.85285373 0.80000000 0.81568627 0.83921569
v 0.35944444 -0.01165375 0.84618345 0.83137255 0.84705882 0.87058824
v 0.35944444 0.00400000 0.84392222 0.83529412 0.85098039 0.87450980
v 0.35944444 0.01965375 0.84618345 0.82745098 0.83921569 0.86666667
v 0.35944444 0.03452256 0.85285373 0.79215686 0.80784314 0.83137255
v 0.35944444 0.04786084 0.86359860 0.72941176 0.74509804 0.76470588
v 0.35944444 0.05899976 0.87787926 0.76078431 0.77647059 0.80000000
v 0.35944444 0.06738076 0.89497962 0.77254902 0.78823529 0.80784314
v 0.35944444 0.07258358 0.91404220 0.75294118 0.76862745 0.79215686
v 0.37722222 0.07770567 0.93355556 0.67450980 0.68627451 0.70588235
v 0.37722222 0.07585771 0.95458255 0.78431373 0.79607843 0.82352941
v 0.37722222 0.07040651 0.97455516 0.75686275 0.76862745 0.79215686
v 0.37722222 0.06162541 0.99247188 0.78039216 0.79607843 0.81568627
v 0.37722222 0.04995473 1.00743429 0.76078431 0.77647059 0.79607843
v 0.37722222 0.03597969 1.01869211 0.74509804 0.75686275 0.78039216
v 0.37722222 0.02040105 1.02568083 0.49803922 0.50980392 0.52549020
v 0.37722222 0.00400000 1.02805000 0.37254902 0.38039216 0.39215686
v 0.37722222 -0.01240105 1.02568083 0.25882353 0.26274510 0.27058824
v 0.37722222 -0.02797969 1.01869211 0.01960784 0.01960784 0.02352941
v 0.37722222 -0.04195473 1.00743429 0.01960784 0.01960784 0.02352941
v 0.37722222 -0.05362541 0.99247188 0.01960784 0.01960784 0.02352941
v 0.37722222 -0.06240651 0.97455516 0.01960784 0.01960784 0.02352941
v 0.37722222 -0.06785771 0.95458255 0.01960784 0.01960784 0.02352941
v 0.37722222 -0.06970567 0.93355556 0.53725490 0.54509804 0.56470588
v 0.37722222 -0.06785771 0.91252856 0.76470588 0.77647059 0.80000000
v 0.37722222 -0.06240651 0.89255595 0.76470588 0.78039216 0.80000000
v 0.37722222 -0.05362541 0.87463923 0.74901961 0.76470588 0.78823529
v 0.37722222 -0.04195473 0.85967682 0.74901961 0.76470588 0.78823529
v 0.37722222 -0.02797969 0.84841900 0.80392157 0.81960784 0.84313725
v 0.37722222 -0.01240105 0.84143028 0.82745098 0.84313725 0.86666667
v 0.37722222 0.00400000 0.83906111 0.82745098 0.84313725 0.87058824
v 0.37722222 0.02040105 0.84143028 0.83137255 0.84313725 0.87058824
v 0.37722222 0.03597969 0.84841900 0.82745098 0.84313725 0.87058824
v 0.37722222 0.04995473 0.85967682 0.78823529 0.80392157 0.82745098
v 0.37722222 0.06162541 0.87463923 0.61568627 0.62745098 0.64705882
v 0.37722222 0.07040651 0.89255595 0.64705882 0.65490196 0.67450980
v 0.37722222 0.07585771 0.91252856 0.65098039 0.66274510 0.68235294
v 0.39500000 0.08106400 0.93300000 0.15294118 0.15686275 0.16470588
v 0.39500000 0.07913184 0.95498507 0.28627451 0.29019608 0.30196078
v 0.39500000 0.07343226 0.97586771 0.39215686 0.40000000 0.41176471
v 0.39500000 0.06425106 0.99460079 0.40784314 0.41568627 0.42745098
v 0.39500000 0.05204862 1.01024495 0.38431373 0.39215686 0.40392157
v 0.39500000 0.03743682 1.02201572 0.37254902 0.38039216 0.39215686
v 0.39500000 0.02114835 1.02932288 0.25882353 0.26274510 0.27058824
v 0.39500000 0.00400000 1.03180000 0.01960784 0.01960784 0.02352941
v 0.39500000 -0.01314835 1.02932288 0.01960784 0.01960784 0.02352941
v 0.39500000 -0.02943682 1.02201572 0.01960784 0.01960784 0.02352941
v 0.39500000 -0.04404862 1.01024495 0.01960784 0.01960784 0.02352941
v 0.39500000 -0.05625106 0.99460079 0.01960784 0.01960784 0.02352941
v 0.39500000 -0.06543226 0.97586771 0.01960784 0.01960784 0.02352941
v 0.39500000 -0.07113184 0.95498507 0.01960784 0.01960784 0.02352941
v 0.39500000 -0.07306400 0.93300000 0.27843137 0.28235294 0.29411765
v 0.39500000 -0.07113184 0.91101493 0.78431373 0.80000000 0.81960784
v 0.39500000 -0.06543226 0.89013229 0.76470588 0.77647059 0.80000000
v 0.39500000 -0.05625106 0.87139921 0.74117647 0.75294118 0.77647059
v 0.39500000 -0.04404862 0.85575505 0.76470588 0.77647059 0.80000000
v 0.39500000 -0.02943682 0.84398428 0.81176471 0.82745098 0.85098039
v 0.39500000 -0.01314835 0.83667712 0.81960784 0.83529412 0.85882353
v 0.39500000 0.00400000 0.83420000 0.80784314 0.82352941 0.84705882
v 0.39500000 0.02114835 0.83667712 0.54901961 0.55686275 0.57647059
v 0.39500000 0.03743682 0.84398428 0.42352941 0.43137255 0.44705882
v 0.39500000 0.05204862 0.85575505 0.42352941 0.43137255 0.44705882
v 0.39500000 0.06425106 0.87139921 0.27450980 0.27843137 0.29019608
v 0.39500000 0.07343226 0.89013229 0.14117647 0.14117647 0.14901961
v 0.39500000 0.07913184 0.91101493 0.14117647 0.14509804 0.15294118
v 0.41277778 0.08442233 0.93244444 0.01960784 0.01960784 0.02352941
v 0.41277778 0.08240598 0.95538759 0.01960784 0.01960784 0.02352941
v 0.41277778 0.07645802 0.97718027 0.15294118 0.15686275 0.16470588
v 0.41277778 0.06687671 0.99672971 0.13333333 0.13725490 0.14117647
v 0.41277778 0.05414250 1.01305561 0.01960784 0.01960784 0.02352941
v 0.41277778 0.03889394 1.02533934 0.01960784 0.01960784 0.02352941
v 0.41277778 0.02189565 1.03296493 0.01960784 0.01960784 0.02352941
v 0.41277778 0.00400000 1.03555000 0.01960784 0.01960784 0.02352941
v 0.41277778 -0.01389565 1.03296493 0.01960784 0.01960784 0.02352941
v 0.41277778 -0.03089394 1.02533934 0.01960784 0.01960784 0.02352941
v 0.41277778 -0.04614250 1.01305561 0.01960784 0.01960784 0.02352941
v 0.41277778 -0.05887671 0.99672971 0.01960784 0.01960784 0.02352941
v 0.41277778 -0.06845802 0.97718027 0.01960784 0.01960784 0.02352941
v 0.41277778 -0.07440598 0.95538759 0.01960784 0.01960784 0.02352941
v 0.41277778 -0.07642233 0.93244444 0.01960784 0.01960784 0.02745098
v 0.41277778 -0.07440598 0.90950130 0.40784314 0.41568627 0.42745098
v 0.41277778 -0.06845802 0.88770862 0.77254902 0.78823529 0.80784314
v 0.41277778 -0.05887671 0.86815918 0.72941176 0.74509804 0.76470588
v 0.41277778 -0.04614250 0.85183328 0.77254902 0.78431373 0.80784314
v 0.41277778 -0.03089394 0.83954955 0.81176471 0.82352941 0.84705882
v 0.41277778 -0.01389565 0.83192396 0.67843137 0.69019608 0.71372549
v 0.41277778 0.00400000 0.82933889 0.53725490 0.54901961 0.56470588
v 0.41277778 0.02189565 0.83192396 0.27450980 0.27843137 0.29019608
v 0.41277778 0.03889394 0.83954955 0.01960784 0.01960784 0.02352941
v 0.41277778 0.05414250 0.85183328 0.01960784 0.01960784 0.02352941
v 0.41277778 0.06687671 0.86815918 0.01960784 0.01960784 0.02745098
v 0.41277778 0.07645802 0.88770862 0.01960784 0.01960784 0.02352941
v 0.41277778 0.08240598 0.90950130 0.01960784 0.01960784 0.02352941
v 0.43055556 0.08393556 0.93188889 0.13725490 0.13725490 0.14509804
v 0.43055556 0.08193140 0.95469316 0.26666667 0.27450980 0.28235294
v 0.43055556 0.07601945 0.97635394 0.54117647 0.54901961 0.56470588
v 0.43055556 0.06649613 0.99578505 0.62745098 0.63921569 0.65882353
v 0.43055556 0.05383900 1.01201214 0.52156863 0.52941176 0.54509804
v 0.43055556 0.03868274 1.02422151 0.27843137 0.28235294 0.29411765
v 0.43055556 0.02178733 1.03180095 0.01960784 0.01960784 0.02352941
v 0.43055556 0.00400000 1.03437037 0.01960784 0.01960784 0.02352941
v 0.43055556 -0.01378733 1.03180095 0.01960784 0.01960784 0.02352941
v 0.43055556 -0.03068274 1.02422151 0.01960784 0.01960784 0.02352941
v 0.43055556 -0.04583900 1.01201214 0.01960784 0.01960784 0.02352941
v 0.43055556 -0.05849613 0.99578505 0.01960784 0.01960784 0.02352941
v 0.43055556 -0.06801945 0.97635394 0.01960784 0.01960784 0.02352941
v 0.43055556 -0.07393140 0.95469316 0.01960784 0.01960784 0.02352941
v 0.43055556 -0.07593556 0.93188889 0.01960784 0.01960784 0.02352941
v 0.43055556 -0.07393140 0.90908461 0.01960784 0.01960784 0.02352941
v 0.43055556 -0.06801945 0.88742384 0.27843137 0.28235294 0.29411765
v 0.43055556 -0.05849613 0.86799273 0.49019608 0.49803922 0.51372549
v 0.43055556 -0.04583900 0.85176564 0.74117647 0.75686275 0.78039216
v 0.43055556 -0.03068274 0.83955626 0.53333333 0.54117647 0.56078431
v 0.43055556 -0.01378733 0.83197683 0.28235294 0.28627451 0.29803922
v 0.43055556 0.00400000 0.82940741 0.14509804 0.14901961 0.15686275
v 0.43055556 0.02178733 0.83197683 0.01960784 0.01960784 0.02352941
v 0.43055556 0.03868274 0.83955626 0.01960784 0.01960784 0.02352941
v 0.43055556 0.05383900 0.85176564 0.01960784 0.01960784 0.02352941
v 0.43055556 0.06649613 0.86799273 0.01960784 0.01960784 0.02352941
v 0.43055556 0.07601945 0.88742384 0.01960784 0.01960784 0.02352941
v 0.43055556 0.08193140 0.90908461 0.01960784 0.01960784 0.02352941
v 0.44833333 0.08042762 0.93133333 0.50588235 0.51372549 0.53333333
v 0.44833333 0.07851142 0.95313685 0.63529412 0.64705882 0.66666667
v 0.44833333 0.07285891 0.97384705 0.78823529 0.80392157 0.82745098
v 0.44833333 0.06375352 0.99242544 0.74509804 0.76078431 0.78039216
v 0.44833333 0.05165184 1.00794041 0.76470588 0.77647059 0.80000000
v 0.44833333 0.03716070 1.01961398 0.78823529 0.80392157 0.82745098
v 0.44833333 0.02100675 1.02686079 0.53725490 0.54509804 0.56470588
v 0.44833333 0.00400000 1.02931746 0.27843137 0.28627451 0.29411765
v 0.44833333 -0.01300675 1.02686079 0.01960784 0.01960784 0.02352941
v 0.44833333 -0.02916070 1.01961398 0.01960784 0.01960784 0.02352941
v 0.44833333 -0.04365184 1.00794041 0.01960784 0.01960784 0.02352941
v 0.44833333 -0.05575352 0.99242544 0.01960784 0.01960784 0.02352941
v 0.44833333 -0.06485891 0.97384705 0.01960784 0.01960784 0.02352941
v 0.44833333 -0.07051142 0.95313685 0.01960784 0.01960784 0.02352941
v 0.44833333 -0.07242762 0.93133333 0.01960784 0.01960784 0.02352941
v 0.44833333 -0.07051142 0.90952981 0.01960784 0.01960784 0.02352941
v 0.44833333 -0.06485891 0.88881961 0.01960784 0.01960784 0.02352941
v 0.44833333 -0.05575352 0.87024123 0.01960784 0.01960784 0.02352941
v 0.44833333 -0.04365184 0.85472626 0.36470588 0.37254902 0.38431373
v 0.44833333 -0.02916070 0.84305269 0.25882353 0.26274510 0.27450980
v 0.44833333 -0.01300675 0.83580587 0.01960784 0.01960784 0.02352941
v 0.44833333 0.00400000 0.83334921 0.01960784 0.01960784 0.02352941
v 0.44833333 0.02100675 0.83580587 0.01960784 0.01960784 0.02352941
v 0.44833333 0.03716070 0.84305269 0.01960784 0.01960784 0.02352941
v 0.44833333 0.05165184 0.85472626 0.01960784 0.01960784 0.02352941
v 0.44833333 0.06375352 0.87024123 0.01960784 0.01960784 0.02352941
v 0.44833333 0.07285891 0.88881961 0.14509804 0.14901961 0.15686275
v 0.44833333 0.07851142 0.90952981 0.25882353 0.26274510 0.27450980
v 0.46611111 0.07691968 0.93077778 0.76078431 0.77254902 0.79607843
v 0.46611111 0.07509143 0.95158054 0.77647059 0.78823529 0.81176471
v 0.46611111 0.06969836 0.97134017 0.78823529 0.80000000 0.82352941
v 0.46611111 0.06101090 0.98906583 0.75294118 0.76470588 0.78823529
v 0.46611111 0.04946468 1.00386868 0.75686275 0.76862745 0.79215686
v 0.46611111 0.03563866 1.01500645 0.78431373 0.80000000 0.82352941
v 0.46611111 0.02022616 1.02192064 0.79607843 0.81176471 0.83529412
v 0.46611111 0.00400000 1.02426455 0.80000000 0.81176471 0.83921569
v 0.46611111 -0.01222616 1.02192064 0.53725490 0.54509804 0.56470588
v 0.46611111 -0.02763866 1.01500645 0.40000000 0.40784314 0.42352941
v 0.46611111 -0.04146468 1.00386868 0.26274510 0.26666667 0.27450980
v 0.46611111 -0.05301090 0.98906583 0.13725490 0.14117647 0.14509804
v 0.46611111 -0.06169836 0.97134017 0.01960784 0.01960784 0.02352941
v 0.46611111 -0.06709143 0.95158054 0.01960784 0.01960784 0.02352941
v 0.46611111 -0.06891968 0.93077778 0.01960784 0.01960784 0.02352941
v 0.46611111 -0.06709143 0.90997501 0.15294118 0.15686275 0.16470588
v 0.46611111 -0.06169836 0.89021539 0.25882353 0.26274510 0.27450980
v 0.46611111 -0.05301090 0.87248973 0.41568627 0.41960784 0.43529412
v 0.46611111 -0.04146468 0.85768688 0.50980392 0.51764706 0.53333333
v 0.46611111 -0.02763866 0.84654911 0.47843137 0.49019608 0.50588235
v 0.46611111 -0.01222616 0.83963491 0.36078431 0.36862745 0.38039216
v 0.46611111 0.00400000 0.83729101 0.36078431 0.36862745 0.38039216
v 0.46611111 0.02022616 0.83963491 0.36862745 0.37254902 0.38823529
v 0.46611111 0.03563866 0.84654911 0.38823529 0.39607843 0.40784314
v 0.46611111 0.04946468 0.85768688 0.41960784 0.42745098 0.43921569
v 0.46611111 0.06101090 0.87248973 0.38823529 0.39607843 0.40784314
v 0.46611111 0.06969836 0.89021539 0.52941176 0.53725490 0.55686275
v 0.46611111 0.07509143 0.90997501 0.64705882 0.65882353 0.67843137
v 0.48388889 0.07341175 0.93022222 0.78431373 0.80000000 0.82352941
v 0.48388889 0.07167145 0.95002423 0.79215686 0.80392157 0.82745098
v 0.48388889 0.06653782 0.96883328 0.77647059 0.78823529 0.81176471
v 0.48388889 0.05826829 0.98570622 0.76470588 0.77647059 0.80000000
v 0.48388889 0.04727752 0.99979695 0.74901961 0.76078431 0.78431373
v 0.48388889 0.03411663 1.01039892 0.78431373 0.79607843 0.81960784
v 0.48388889 0.01944557 1.01698049 0.80000000 0.81176471 0.83921569
v 0.48388889 0.00400000 1.01921164 0.80000000 0.81568627 0.83921569
v 0.48388889 -0.01144557 1.01698049 0.79215686 0.80784314 0.83137255
v 0.48388889 -0.02611663 1.01039892 0.77647059 0.78823529 0.81568627
v 0.48388889 -0.03927752 0.99979695 0.75686275 0.77254902 0.79215686
v 0.48388889 -0.05026829 0.98570622 0.64705882 0.65882353 0.67843137
v 0.48388889 -0.05853782 0.96883328 0.50980392 0.51764706 0.53333333
v 0.48388889 -0.06367145 0.95002423 0.40784314 0.41568627 0.43137255
v 0.48388889 -0.06541175 0.93022222 0.40392157 0.41176471 0.42352941
v 0.48388889 -0.06367145 0.91042021 0.53725490 0.54509804 0.56078431
v 0.48388889 -0.05853782 0.89161116 0.63921569 0.65098039 0.67058824
v 0.48388889 -0.05026829 0.87473823 0.76862745 0.78431373 0.80784314
v 0.48388889 -0.03927752 0.86064749 0.81176471 0.82745098 0.85098039
v 0.48388889 -0.02611663 0.85004553 0.74901961 0.76078431 0.78431373
v 0.48388889 -0.01144557 0.84346395 0.70980392 0.72549020 0.74509804
v 0.48388889 0.00400000 0.84123280 0.70196078 0.71764706 0.73725490
v 0.48388889 0.01944557 0.84346395 0.71372549 0.72549020 0.74509804
v 0.48388889 0.03411663 0.85004553 0.75294118 0.76470588 0.78823529
v 0.48388889 0.04727752 0.86064749 0.80392157 0.81960784 0.84313725
v 0.48388889 0.05826829 0.87473823 0.77254902 0.78431373 0.80784314
v 0.48388889 0.06653782 0.89161116 0.76470588 0.77647059 0.80000000
v 0.48388889 0.07167145 0.91042021 0.79607843 0.81176471 0.83529412
v 0.50166667 0.06990381 0.92966667 0.80000000 0.81176471 0.83529412
v 0.50166667 0.06825146 0.94846792 0.79215686 0.80784314 0.83137255
v 0.50166667 0.06337728 0.96632640 0.76078431 0.77254902 0.79607843
v 0.50166667 0.05552567 0.98234661 0.77647059 0.78823529 0.81568627
v 0.50166667 0.04509035 0.99572522 0.74509804 0.75686275 0.78039216
v 0.50166667 0.03259459 1.00579139 0.78039216 0.79215686 0.81568627
v 0.50166667 0.01866498 1.01204034 0.80000000 0.81568627 0.83921569
v 0.50166667 0.00400000 1.01415873 0.79607843 0.80784314 0.83137255
v 0.50166667 -0.01066498 1.01204034 0.77647059 0.79215686 0.81176471
v 0.50166667 -0.02459459 1.00579139 0.75686275 0.76862745 0.79215686
v 0.50166667 -0.03709035 0.99572522 0.75686275 0.76862745 0.79215686
v 0.50166667 -0.04752567 0.98234661 0.78039216 0.79607843 0.81568627
v 0.50166667 -0.05537728 0.96632640 0.75294118 0.76862745 0.78823529
v 0.50166667 -0.06025146 0.94846792 0.77254902 0.78431373 0.80784314
v 0.50166667 -0.06190381 0.92966667 0.78431373 0.80000000 0.82352941
v 0.50166667 -0.06025146 0.91086541 0.76862745 0.78039216 0.80392157
v 0.50166667 -0.05537728 0.89300693 0.77647059 0.78823529 0.81176471
v 0.50166667 -0.04752567 0.87698673 0.73725490 0.75294118 0.77647059
v 0.50166667 -0.03709035 0.86360811 0.80392157 0.81960784 0.84313725
v 0.50166667 -0.02459459 0.85354195 0.80784314 0.81960784 0.84313725
v 0.50166667 -0.01066498 0.84729300 0.74901961 0.76078431 0.78431373
v 0.50166667 0.00400000 0.84517460 0.70980392 0.72549020 0.74509804
v 0.50166667 0.01866498 0.84729300 0.70980392 0.72156863 0.74509804
v 0.50166667 0.03259459 0.85354195 0.75686275 0.77254902 0.79215686
v 0.50166667 0.04509035 0.86360811 0.80392157 0.81960784 0.84313725
v 0.50166667 0.05552567 0.87698673 0.76470588 0.78039216 0.80000000
v 0.50166667 0.06337728 0.89300693 0.75686275 0.77254902 0.79215686
v 0.50166667 0.06825146 0.91086541 0.79607843 0.80784314 0.83137255
v 0.51944444 0.06639587 0.92911111 0.79215686 0.80784314 0.83137255
v 0.51944444 0.06483148 0.94691161 0.78039216 0.79215686 0.81568627
v 0.51944444 0.06021674 0.96381951 0.74901961 0.76470588 0.78431373
v 0.51944444 0.05278306 0.97898700 0.78431373 0.80000000 0.82352941
v 0.51944444 0.04290319 0.99165349 0.74509804 0.75686275 0.78039216
v 0.51944444 0.03107255 1.00118385 0.77647059 0.79215686 0.81176471
v 0.51944444 0.01788439 1.00710019 0.80000000 0.81176471 0.83921569
v 0.51944444 0.00400000 1.00910582 0.78431373 0.79607843 0.82352941
v 0.51944444 -0.00988439 1.00710019 0.75686275 0.77254902 0.79215686
v 0.51944444 -0.02307255 1.00118385 0.74901961 0.76470588 0.78431373
v 0.51944444 -0.03490319 0.99165349 0.77254902 0.78823529 0.81176471
v 0.51944444 -0.04478306 0.97898700 0.77254902 0.78823529 0.81176471
v 0.51944444 -0.05221674 0.96381951 0.77254902 0.78431373 0.80784314
v 0.51944444 -0.05683148 0.94691161 0.74509804 0.76078431 0.78039216
v 0.51944444 -0.05839587 0.92911111 0.74509804 0.75686275 0.78039216
v 0.51944444 -0.05683148 0.91131061 0.75294118 0.76470588 0.78823529
v 0.51944444 -0.05221674 0.89440271 0.77254902 0.78431373 0.80784314
v 0.51944444 -0.04478306 0.87923523 0.76470588 0.78039216 0.80392157
v 0.51944444 -0.03490319 0.86656873 0.74901961 0.76470588 0.78823529
v 0.51944444 -0.02307255 0.85703837 0.82352941 0.83529412 0.86274510
v 0.51944444 -0.00988439 0.85112204 0.79215686 0.80784314 0.83137255
v 0.51944444 0.00400000 0.84911640 0.73333333 0.74509804 0.76470588
v 0.51944444 0.01788439 0.85112204 0.70980392 0.72549020 0.74509804
v 0.51944444 0.03107255 0.85703837 0.76470588 0.77647059 0.80000000
v 0.51944444 0.04290319 0.86656873 0.80000000 0.81568627 0.83921569
v 0.51944444 0.05278306 0.87923523 0.76470588 0.77647059 0.80000000
v 0.51944444 0.06021674 0.89440271 0.75294118 0.76470588 0.78823529
v 0.51944444 0.06483148 0.91131061 0.77647059 0.78823529 0.81176471
v 0.53722222 0.06288794 0.92855556 0.77254902 0.78431373 0.80784314
v 0.53722222 0.06141149 0.94535530 0.76078431 0.77254902 0.79607843
v 0.53722222 0.05705620 0.96131263 0.74901961 0.76470588 0.78431373
v 0.53722222 0.05004044 0.97562739 0.78823529 0.80392157 0.82745098
v 0.53722222 0.04071603 0.98758176 0.74509804 0.76078431 0.78431373
v 0.53722222 0.02955052 0.99657632 0.77254902 0.78823529 0.81176471
v 0.53722222 0.01710380 1.00216003 0.79607843 0.81176471 0.83529412
v 0.53722222 0.00400000 1.00405291 0.77254902 0.78431373 0.80784314
v 0.53722222 -0.00910380 1.00216003 0.74901961 0.76078431 0.78431373
v 0.53722222 -0.02155052 0.99657632 0.76470588 0.77647059 0.80000000
v 0.53722222 -0.03271603 0.98758176 0.78431373 0.79607843 0.81960784
v 0.53722222 -0.04204044 0.97562739 0.75686275 0.76862745 0.79215686
v 0.53722222 -0.04905620 0.96131263 0.78431373 0.80000000 0.82352941
v 0.53722222 -0.05341149 0.94535530 0.77647059 0.79215686 0.81568627
v 0.53722222 -0.05488794 0.92855556 0.76470588 0.77647059 0.80000000
v 0.53722222 -0.05341149 0.91175581 0.77647059 0.79215686 0.81568627
v 0.53722222 -0.04905620 0.89579848 0.76862745 0.78039216 0.80392157
v 0.53722222 -0.04204044 0.88148372 0.78823529 0.80392157 0.82745098
v 0.53722222 -0.03271603 0.86952935 0.72941176 0.74509804 0.76470588
v 0.53722222 -0.02155052 0.86053479 0.78823529 0.80000000 0.82352941
v 0.53722222 -0.00910380 0.85495108 0.81960784 0.83529412 0.85882353
v 0.53722222 0.00400000 0.85305820 0.76078431 0.77254902 0.79607843
v 0.53722222 0.01710380 0.85495108 0.71372549 0.72941176 0.74901961
v 0.53722222 0.02955052 0.86053479 0.76862745 0.78039216 0.80392157
v 0.53722222 0.04071603 0.86952935 0.79215686 0.80784314 0.83137255
v 0.53722222 0.05004044 0.88148372 0.76470588 0.78039216 0.80392157
v 0.53722222 0.05705620 0.89579848 0.75686275 0.76862745 0.79215686
v 0.53722222 0.06141149 0.91175581 0.75294118 0.76470588 0.78823529
v 0.55500000 0.05938000 0.92800000 0.76862745 0.78431373 0.80784314
v 0.55500000 0.05799151 0.94379899 0.75294118 0.76862745 0.78823529
v 0.55500000 0.05389566 0.95880575 0.73333333 0.74901961 0.77254902
v 0.55500000 0.04729783 0.97226778 0.79607843 0.80784314 0.83137255
v 0.55500000 0.03852887 0.98351004 0.75294118 0.76862745 0.79215686
v 0.55500000 0.02802848 0.99196879 0.75686275 0.77254902 0.79607843
v 0.55500000 0.01632321 0.99721988 0.80000000 0.81568627 0.83921569
v 0.55500000 0.00400000 0.99900000 0.78431373 0.79607843 0.81960784
v 0.55500000 -0.00832321 0.99721988 0.73333333 0.74901961 0.76862745
v 0.55500000 -0.02002848 0.99196879 0.76078431 0.77254902 0.79607843
v 0.55500000 -0.03052887 0.98351004 0.80000000 0.81176471 0.83529412
v 0.55500000 -0.03929783 0.97226778 0.74901961 0.76078431 0.78431373
v 0.55500000 -0.04589566 0.95880575 0.76862745 0.78431373 0.80784314
v 0.55500000 -0.04999151 0.94379899 0.78823529 0.80000000 0.82352941
v 0.55500000 -0.05138000 0.92800000 0.79607843 0.80784314 0.83137255
v 0.55500000 -0.04999151 0.91220101 0.78431373 0.80000000 0.82352941
v 0.55500000 -0.04589566 0.89719425 0.76862745 0.78431373 0.80392157
v 0.55500000 -0.03929783 0.88373222 0.77254902 0.78823529 0.80784314
v 0.55500000 -0.03052887 0.87248996 0.76470588 0.78039216 0.80000000
v 0.55500000 -0.02002848 0.86403121 0.74117647 0.75294118 0.77647059
v 0.55500000 -0.00832321 0.85878012 0.81568627 0.83137255 0.85490196
v 0.55500000 0.00400000 0.85700000 0.79215686 0.80784314 0.83137255
v 0.55500000 0.01632321 0.85878012 0.72156863 0.73725490 0.75686275
v 0.55500000 0.02802848 0.86403121 0.74901961 0.76078431 0.78431373
v 0.55500000 0.03852887 0.87248996 0.80392157 0.81960784 0.84313725
v 0.55500000 0.04729783 0.88373222 0.75294118 0.76862745 0.79215686
v 0.55500000 0.05389566 0.89719425 0.77254902 0.78431373 0.80784314
v 0.55500000 0.05799151 0.91220101 0.74117647 0.75686275 0.77647059
f 589 590 618
f 589 618 617
f 590 591 619
f 590 619 618
f 591 592 620
f 591 620 619
f 592 593 621
f 592 621 620
f 593 594 622
f 593 622 621
f 594 595 623
f 594 623 622
f 595 596 624
f 595 624 623
f 596 597 625
f 596 625 624
f 597 598 626
f 597 626 625
f 598 599 627
f 598 627 626
f 599 600 628
f 599 628 627
f 600 601 629
f 600 629 628
f 601 602 630
f 601 630 629
f 602 603 631
f 602 631 630
f 603 604 632
f 603 632 631
f 604 605 633
f 604 633 632
f 605 606 634
f 605 634 633
f 606 607 635
f 606 635 634
f 607 608 636
f 607 636 635
f 608 609 637
f 608 637 636
f 609 610 638
f 609 638 637
f 610 611 639
f 610 639 638
f 611 612 640
f 611 640 639
f 612 613 641
f 612 641 640
f 613 614 642
f 613 642 641
f 614 615 643
f 614 643 642
f 615 616 644
f 615 644 643
f 616 589 617
f 616 617 644
f 617 618 646
f 617 646 645
f 618 619 647
f 618 647 646
f 619 620 648
f 619 648 647
f 620 621 649
f 620 649 648
f 621 622 650
f 621 650 649
f 622 623 651
f 622 651 650
f 623 624 652
f 623 652 651
f 624 625 653
f 624 653 652
f 625 626 654
f 625 654 653
f 626 627 655
f 626 655 654
f 627 628 656
f 627 656 655
f 628 629 657
f 628 657 656
f 629 630 658
f 629 658 657
f 630 631 659
f 630 659 658
f 631 632 660
f 631 660 659
f 632 633 661
f 632 661 660
f 633 634 662
f 633 662 661
f 634 635 663
f 634 663 662
f 635 636 664
f 635 664 663
f 636 637 665
f 636 665 664
f 637 638 666
f 637 666 665
f 638 639 667
f 638 667 666
f 639 640 668
f 639 668 667
f 640 641 669
f 640 669 668
f 641 642 670
f 641 670 669
f 642 643 671
f 642 671 670
f 643 644 672
f 643 672 671
f 644 617 645
f 644 645 672
f 645 646 674
f 645 674 673
f 646 647 675
f 646 675 674
f 647 648 676
f 647 676 675
f 648 649 677
f 648 677 676
f 649 650 678
f 649 678 677
f 650 651 679
f 650 679 678
f 651 652 680
f 651 680 679
f 652 653 681
f 652 681 680
f 653 654 682
f 653 682 681
f 654 655 683
f 654 683 682
f 655 656 684
f 655 684 683
f 656 657 685
f 656 685 684
f 657 658 686
f 657 686 685
f 658 659 687
f 658 687 686
f 659 660 688
f 659 688 687
f 660 661 689
f 660 689 688
f 661 662 690
f 661 690 689
f 662 663 691
f 662 691 690
f 663 664 692
f 663 692 691
f 664 665 693
f 664 693 692
f 665 666 694
f 665 694 693
f 666 667 695
f 666 695 694
f 667 668 696
f 667 696 695
f 668 669 697
f 668 697 696
f 669 670 698
f 669 698 697
f 670 671 699
f 670 699 698
f 671 672 700
f 671 700 699
f 672 645 673
f 672 673 700
f 673 674 702
f 673 702 701
f 674 675 703
f 674 703 702
f 675 676 704
f 675 704 703
f 676 677 705
f 676 705 704
f 677 678 706
f 677 706 705
f 678 679 707
f 678 707 706
f 679 680 708
f 679 708 707
f 680 681 709
f 680 709 708
f 681 682 710
f 681 710 709
f 682 683 711
f 682 711 710
f 683 684 712
f 683 712 711
f 684 685 713
f 684 713 712
f 685 686 714
f 685 714 713
f 686 687 715
f 686 715 714
f 687 688 716
f 687 716 715
f 688 689 717
f 688 717 716
f 689 690 718
f 689 718 717
f 690 691 719
f 690 719 718
f 691 692 720
f 691 720 719
f 692 693 721
f 692 721 720
f 693 694 722
f 693 722 721
f 694 695 723
f 694 723 722
f 695 696 724
f 695 724 723
f 696 697 725
f 696 725 724
f 697 698 726
f 697 726 725
f 698 699 727
f 698 727 726
f 699 700 728
f 699 728 727
f 700 673 701
f 700 701 728
f 701 702 730
f 701 730 729
f 702 703 731
f 702 731 730
f 703 704 732
f 703 732 731
f 704 705 733
f 704 733 732
f 705 706 734
f 705 734 733
f 706 707 735
f 706 735 734
f 707 708 736
f 707 736 735
f 708 709 737
f 708 737 736
f 709 710 738
f 709 738 737
f 710 711 739
f 710 739 738
f 711 712 740
f 711 740 739
f 712 713 741
f 712 741 740
f 713 714 742
f 713 742 741
f 714 715 743
f 714 743 742
f 715 716 744
f 715 744 743
f 716 717 745
f 716 745 744
f 717 718 746
f 717 746 745
f 718 719 747
f 718 747 746
f 719 720 748
f 719 748 747
f 720 721 749
f 720 749 748
f 721 722 750
f 721 750 749
f 722 723 751
f 722 751 750
f 723 724 752
f 723 752 751
f 724 725 753
f 724 753 752
f 725 726 754
f 725 754 753
f 726 727 755
f 726 755 754
f 727 728 756
f 727 756 755
f 728 701 729
f 728 729 756
f 729 730 758
f 729 758 757
f 730 731 759
f 730 759 758
f 731 732 760
f 731 760 759
f 732 733 761
f 732 761 760
f 733 734 762
f 733 762 761
f 734 735 763
f 734 763 762
f 735 736 764
f 735 764 763
f 736 737 765
f 736 765 764
f 737 738 766
f 737 766 765
f 738 739 767
f 738 767 766
f 739 740 768
f 739 768 767
f 740 741 769
f 740 769 768
f 741 742 770
f 741 770 769
f 742 743 771
f 742 771 770
f 743 744 772
f 743 772 771
f 744 745 773
f 744 773 772
f 745 746 774
f 745 774 773
f 746 747 775
f 746 775 774
f 747 748 776
f 747 776 775
f 748 749 777
f 748 777 776
f 749 750 778
f 749 778 777
f 750 751 779
f 750 779 778
f 751 752 780
f 751 780 779
f 752 753 781
f 752 781 780
f 753 754 782
f 753 782 781
f 754 755 783
f 754 783 782
f 755 756 784
f 755 784 783
f 756 729 757
f 756 757 784
f 757 758 786
f 757 786 785
f 758 759 787
f 758 787 786
f 759 760 788
f 759 788 787
f 760 761 789
f 760 789 788
f 761 762 790
f 761 790 789
f 762 763 791
f 762 791 790
f 763 764 792
f 763 792 791
f 764 765 793
f 764 793 792
f 765 766 794
f 765 794 793
f 766 767 795
f 766 795 794
f 767 768 796
f 767 796 795
f 768 769 797
f 768 797 796
f 769 770 798
f 769 798 797
f 770 771 799
f 770 799 798
f 771 772 800
f 771 800 799
f 772 773 801
f 772 801 800
f 773 774 802
f 773 802 801
f 774 775 803
f 774 803 802
f 775 776 804
f 775 804 803
f 776 777 805
f 776 805 804
f 777 778 806
f 777 806 805
f 778 779 807
f 778 807 806
f 779 780 808
f 779 808 807
f 780 781 809
f 780 809 808
f 781 782 810
f 781 810 809
f 782 783 811
f 782 811 810
f 783 784 812
f 783 812 811
f 784 757 785
f 784 785 812
f 785 786 814
f 785 814 813
f 786 787 815
f 786 815 814
f 787 788 816
f 787 816 815
f 788 789 817
f 788 817 816
f 789 790 818
f 789 818 817
f 790 791 819
f 790 819 818
f 791 792 820
f 791 820 819
f 792 793 821
f 792 821 820
f 793 794 822
f 793 822 821
f 794 795 823
f 794 823 822
f 795 796 824
f 795 824 823
f 796 797 825
f 796 825 824
f 797 798 826
f 797 826 825
f 798 799 827
f 798 827 826
f 799 800 828
f 799 828 827
f 800 801 829
f 800 829 828
f 801 802 830
f 801 830 829
f 802 803 831
f 802 831 830
f 803 804 832
f 803 832 831
f 804 805 833
f 804 833 832
f 805 806 834
f 805 834 833
f 806 807 835
f 806 835 834
f 807 808 836
f 807 836 835
f 808 809 837
f 808 837 836
f 809 810 838
f 809 838 837
f 810 811 839
f 810 839 838
f 811 812 840
f 811 840 839
f 812 785 813
f 812 813 840
f 813 814 842
f 813 842 841
f 814 815 843
f 814 843 842
f 815 816 844
f 815 844 843
f 816 817 845
f 816 845 844
f 817 818 846
f 817 846 845
f 818 819 847
f 818 847 846
f 819 820 848
f 819 848 847
f 820 821 849
f 820 849 848
f 821 822 850
f 821 850 849
f 822 823 851
f 822 851 850
f 823 824 852
f 823 852 851
f 824 825 853
f 824 853 852
f 825 826 854
f 825 854 853
f 826 827 855
f 826 855 854
f 827 828 856
f 827 856 855
f 828 829 857
f 828 857 856
f 829 830 858
f 829 858 857
f 830 831 859
f 830 859 858
f 831 832 860
f 831 860 859
f 832 833 861
f 832 861 860
f 833 834 862
f 833 862 861
f 834 835 863
f 834 863 862
f 835 836 864
f 835 864 863
f 836 837 865
f 836 865 864
f 837 838 866
f 837 866 865
f 838 839 867
f 838 867 866
f 839 840 868
f 839 868 867
f 840 813 841
f 840 841 868
f 841 842 870
f 841 870 869
f 842 843 871
f 842 871 870
f 843 844 872
f 843 872 871
f 844 845 873
f 844 873 872
f 845 846 874
f 845 874 873
f 846 847 875
f 846 875 874
f 847 848 876
f 847 876 875
f 848 849 877
f 848 877 876
f 849 850 878
f 849 878 877
f 850 851 879
f 850 879 878
f 851 852 880
f 851 880 879
f 852 853 881
f 852 881 880
f 853 854 882
f 853 882 881
f 854 855 883
f 854 883 882
f 855 856 884
f 855 884 883
f 856 857 885
f 856 885 884
f 857 858 886
f 857 886 885
f 858 859 887
f 858 887 886
f 859 860 888
f 859 888 887
f 860 861 889
f 860 889 888
f 861 862 890
f 861 890 889
f 862 863 891
f 862 891 890
f 863 864 892
f 863 892 891
f 864 865 893
f 864 893 892
f 865 866 894
f 865 894 893
f 866 867 895
f 866 895 894
f 867 868 896
f 867 896 895
f 868 841 869
f 868 869 896
f 869 870 898
f 869 898 897
f 870 871 899
f 870 899 898
f 871 872 900
f 871 900 899
f 872 873 901
f 872 901 900
f 873 874 902
f 873 902 901
f 874 875 903
f 874 903 902
f 875 876 904
f 875 904 903
f 876 877 905
f 876 905 904
f 877 878 906
f 877 906 905
f 878 879 907
f 878 907 906
f 879 880 908
f 879 908 907
f 880 881 909
f 880 909 908
f 881 882 910
f 881 910 909
f 882 883 911
f 882 911 910
f 883 884 912
f 883 912 911
f 884 885 913
f 884 913 912
f 885 886 914
f 885 914 913
f 886 887 915
f 886 915 914
f 887 888 916
f 887 916 915
f 888 889 917
f 888 917 916
f 889 890 918
f 889 918 917
f 890 891 919
f 890 919 918
f 891 892 920
f 891 920 919
f 892 893 921
f 892 921 920
f 893 894 922
f 893 922 921
f 894 895 923
f 894 923 922
f 895 896 924
f 895 924 923
f 896 869 897
f 896 897 924
f 897 898 926
f 897 926 925
f 898 899 927
f 898 927 926
f 899 900 928
f 899 928 927
f 900 901 929
f 900 929 928
f 901 902 930
f 901 930 929
f 902 903 931
f 902 931 930
f 903 904 932
f 903 932 931
f 904 905 933
f 904 933 932
f 905 906 934
f 905 934 933
f 906 907 935
f 906 935 934
f 907 908 936
f 907 936 935
f 908 909 937
f 908 937 936
f 909 910 938
f 909 938 937
f 910 911 939
f 910 939 938
f 911 912 940
f 911 940 939
f 912 913 941
f 912 941 940
f 913 914 942
f 913 942 941
f 914 915 943
f 914 943 942
f 915 916 944
f 915 944 943
f 916 917 945
f 916 945 944
f 917 918 946
f 917 946 945
f 918 919 947
f 918 947 946
f 919 920 948
f 919 948 947
f 920 921 949
f 920 949 948
f 921 922 950
f 921 950 949
f 922 923 951
f 922 951 950
f 923 924 952
f 923 952 951
f 924 897 925
f 924 925 952
f 925 926 954
f 925 954 953
f 926 927 955
f 926 955 954
f 927 928 956
f 927 956 955
f 928 929 957
f 928 957 956
f 929 930 958
f 929 958 957
f 930 931 959
f 930 959 958
f 931 932 960
f 931 960 959
f 932 933 961
f 932 961 960
f 933 934 962
f 933 962 961
f 934 935 963
f 934 963 962
f 935 936 964
f 935 964 963
f 936 937 965
f 936 965 964
f 937 938 966
f 937 966 965
f 938 939 967
f 938 967 966
f 939 940 968
f 939 968 967
f 940 941 969
f 940 969 968
f 941 942 970
f 941 970 969
f 942 943 971
f 942 971 970
f 943 944 972
f 943 972 971
f 944 945 973
f 944 973 972
f 945 946 974
f 945 974 973
f 946 947 975
f 946 975 974
f 947 948 976
f 947 976 975
f 948 949 977
f 948 977 976
f 949 950 978
f 949 978 977
f 950 951 979
f 950 979 978
f 951 952 980
f 951 980 979
f 952 925 953
f 952 953 980
f 953 954 982
f 953 982 981
f 954 955 983
f 954 983 982
f 955 956 984
f 955 984 983
f 956 957 985
f 956 985 984
f 957 958 986
f 957 986 985
f 958 959 987
f 958 987 986
f 959 960 988
f 959 988 987
f 960 961 989
f 960 989 988
f 961 962 990
f 961 990 989
f 962 963 991
f 962 991 990
f 963 964 992
f 963 992 991
f 964 965 993
f 964 993 992
f 965 966 994
f 965 994 993
f 966 967 995
f 966 995 994
f 967 968 996
f 967 996 995
f 968 969 997
f 968 997 996
f 969 970 998
f 969 998 997
f 970 971 999
f 970 999 998
f 971 972 1000
f 971 1000 999
f 972 973 1001
f 972 1001 1000
f 973 974 1002
f 973 1002 1001
f 974 975 1003
f 974 1003 1002
f 975 976 1004
f 975 1004 1003
f 976 977 1005
f 976 1005 1004
f 977 978 1006
f 977 1006 1005
f 978 979 1007
f 978 1007 1006
f 979 980 1008
f 979 1008 1007
f 980 953 981
f 980 981 1008
f 981 982 1010
f 981 1010 1009
f 982 983 1011
f 982 1011 1010
f 983 984 1012
f 983 1012 1011
f 984 985 1013
f 984 1013 1012
f 985 986 1014
f 985 1014 1013
f 986 987 1015
f 986 1015 1014
f 987 988 1016
f 987 1016 1015
f 988 989 1017
f 988 1017 1016
f 989 990 1018
f 989 1018 1017
f 990 991 1019
f 990 1019 1018
f 991 992 1020
f 991 1020 1019
f 992 993 1021
f 992 1021 1020
f 993 994 1022
f 993 1022 1021
f 994 995 1023
f 994 1023 1022
f 995 996 1024
f 995 1024 1023
f 996 997 1025
f 996 1025 1024
f 997 998 1026
f 997 1026 1025
f 998 999 1027
f 998 1027 1026
f 999 1000 1028
f 999 1028 1027
f 1000 1001 1029
f 1000 1029 1028
f 1001 1002 1030
f 1001 1030 1029
f 1002 1003 1031
f 1002 1031 1030
f 1003 1004 1032
f 1003 1032 1031
f 1004 1005 1033
f 1004 1033 1032
f 1005 1006 1034
f 1005 1034 1033
f 1006 1007 1035
f 1006 1035 1034
f 1007 1008 1036
f 1007 1036 1035
f 1008 981 1009
f 1008 1009 1036
f 1009 1010 1038
f 1009 1038 1037
f 1010 1011 1039
f 1010 1039 1038
f 1011 1012 1040
f 1011 1040 1039
f 1012 1013 1041
f 1012 1041 1040
f 1013 1014 1042
f 1013 1042 1041
f 1014 1015 1043
f 1014 1043 1042
f 1015 1016 1044
f 1015 1044 1043
f 1016 1017 1045
f 1016 1045 1044
f 1017 1018 1046
f 1017 1046 1045
f 1018 1019 1047
f 1018 1047 1046
f 1019 1020 1048
f 1019 1048 1047
f 1020 1021 1049
f 1020 1049 1048
f 1021 1022 1050
f 1021 1050 1049
f 1022 1023 1051
f 1022 1051 1050
f 1023 1024 1052
f 1023 1052 1051
f 1024 1025 1053
f 1024 1053 1052
f 1025 1026 1054
f 1025 1054 1053
f 1026 1027 1055
f 1026 1055 1054
f 1027 1028 1056
f 1027 1056 1055
f 1028 1029 1057
f 1028 1057 1056
f 1029 1030 1058
f 1029 1058 1057
f 1030 1031 1059
f 1030 1059 1058
f 1031 1032 1060
f 1031 1060 1059
f 1032 1033 1061
f 1032 1061 1060
f 1033 1034 1062
f 1033 1062 1061
f 1034 1035 1063
f 1034 1063 1062
f 1035 1036 1064
f 1035 1064 1063
f 1036 1009 1037
f 1036 1037 1064
f 1037 1038 1066
f 1037 1066 1065
f 1038 1039 1067
f 1038 1067 1066
f 1039 1040 1068
f 1039 1068 1067
f 1040 1041 1069
f 1040 1069 1068
f 1041 1042 1070
f 1041 1070 1069
f 1042 1043 1071
f 1042 1071 1070
f 1043 1044 1072
f 1043 1072 1071
f 1044 1045 1073
f 1044 1073 1072
f 1045 1046 1074
f 1045 1074 1073
f 1046 1047 1075
f 1046 1075 1074
f 1047 1048 1076
f 1047 1076 1075
f 1048 1049 1077
f 1048 1077 1076
f 1049 1050 1078
f 1049 1078 1077
f 1050 1051 1079
f 1050 1079 1078
f 1051 1052 1080
f 1051 1080 1079
f 1052 1053 1081
f 1052 1081 1080
f 1053 1054 1082
f 1053 1082 1081
f 1054 1055 1083
f 1054 1083 1082
f 1055 1056 1084
f 1055 1084 1083
f 1056 1057 1085
f 1056 1085 1084
f 1057 1058 1086
f 1057 1086 1085
f 1058 1059 1087
f 1058 1087 1086
f 1059 1060 1088
f 1059 1088 1087
f 1060 1061 1089
f 1060 1089 1088
f 1061 1062 1090
f 1061 1090 1089
f 1062 1063 1091
f 1062 1091 1090
f 1063 1064 1092
f 1063 1092 1091
f 1064 1037 1065
f 1064 1065 1092
f 1065 1066 1094
f 1065 1094 1093
f 1066 1067 1095
f 1066 1095 1094
f 1067 1068 1096
f 1067 1096 1095
f 1068 1069 1097
f 1068 1097 1096
f 1069 1070 1098
f 1069 1098 1097
f 1070 1071 1099
f 1070 1099 1098
f 1071 1072 1100
f 1071 1100 1099
f 1072 1073 1101
f 1072 1101 1100
f 1073 1074 1102
f 1073 1102 1101
f 1074 1075 1103
f 1074 1103 1102
f 1075 1076 1104
f 1075 1104 1103
f 1076 1077 1105
f 1076 1105 1104
f 1077 1078 1106
f 1077 1106 1105
f 1078 1079 1107
f 1078 1107 1106
f 1079 1080 1108
f 1079 1108 1107
f 1080 1081 1109
f 1080 1109 1108
f 1081 1082 1110
f 1081 1110 1109
f 1082 1083 1111
f 1082 1111 1110
f 1083 1084 1112
f 1083 1112 1111
f 1084 1085 1113
f 1084 1113 1112
f 1085 1086 1114
f 1085 1114 1113
f 1086 1087 1115
f 1086 1115 1114
f 1087 1088 1116
f 1087 1116 1115
f 1088 1089 1117
f 1088 1117 1116
f 1089 1090 1118
f 1089 1118 1117
f 1090 1091 1119
f 1090 1119 1118
f 1091 1092 1120
f 1091 1120 1119
f 1092 1065 1093
f 1092 1093 1120

o Sleeve_R
v -0.23500000 0.05080000 0.93800000 0.72549020 0.73725490 0.76078431
v -0.23500000 0.04962663 0.95135126 0.74901961 0.76470588 0.78431373
v -0.23500000 0.04616534 0.96403302 0.79215686 0.80784314 0.83137255
v -0.23500000 0.04058971 0.97540939 0.75294118 0.76862745 0.78823529
v -0.23500000 0.03317932 0.98490989 0.79215686 0.80784314 0.83137255
v -0.23500000 0.02430576 0.99205813 0.74901961 0.76078431 0.78431373
v -0.23500000 0.01441398 0.99649567 0.76470588 0.77647059 0.80000000
v -0.23500000 0.00400000 0.99800000 0.28627451 0.29019608 0.30196078
v -0.23500000 -0.00641398 0.99649567 0.01960784 0.01960784 0.02352941
v -0.23500000 -0.01630576 0.99205813 0.01960784 0.01960784 0.02352941
v -0.23500000 -0.02517932 0.98490989 0.01960784 0.01960784 0.02352941
v -0.23500000 -0.03258971 0.97540939 0.01960784 0.01960784 0.02352941
v -0.23500000 -0.03816534 0.96403302 0.01960784 0.01960784 0.02352941
v -0.23500000 -0.04162663 0.95135126 0.01960784 0.01960784 0.02352941
v -0.23500000 -0.04280000 0.93800000 0.51372549 0.52549020 0.54117647
v -0.23500000 -0.04162663 0.92464874 0.78039216 0.79215686 0.81568627
v -0.23500000 -0.03816534 0.91196698 0.78823529 0.80000000 0.82352941
v -0.23500000 -0.03258971 0.90059061 0.77254902 0.78431373 0.80784314
v -0.23500000 -0.02517932 0.89109011 0.75294118 0.76862745 0.79215686
v -0.23500000 -0.01630576 0.88394187 0.78431373 0.79607843 0.81960784
v -0.23500000 -0.00641398 0.87950433 0.77254902 0.78823529 0.81176471
v -0.23500000 0.00400000 0.87800000 0.74509804 0.75686275 0.78039216
v -0.23500000 0.01441398 0.87950433 0.79215686 0.80784314 0.83137255
v -0.23500000 0.02430576 0.88394187 0.76470588 0.78039216 0.80392157
v -0.23500000 0.03317932 0.89109011 0.75686275 0.77254902 0.79215686
v -0.23500000 0.04058971 0.90059061 0.78823529 0.80000000 0.82352941
v -0.23500000 0.04616534 0.91196698 0.78039216 0.79215686 0.81960784
v -0.23500000 0.04962663 0.92464874 0.72941176 0.74117647 0.76470588
v -0.25277778 0.05417037 0.93744444 0.74117647 0.75294118 0.77647059
v -0.25277778 0.05291249 0.95175721 0.74901961 0.76078431 0.78431373
v -0.25277778 0.04920194 0.96535228 0.78431373 0.80000000 0.81960784
v -0.25277778 0.04322478 0.97754792 0.76862745 0.78431373 0.80392157
v -0.25277778 0.03528071 0.98773262 0.77647059 0.78823529 0.81176471
v -0.25277778 0.02576811 0.99539565 0.76862745 0.78431373 0.80392157
v -0.25277778 0.01516396 1.00015277 0.74117647 0.75294118 0.77647059
v -0.25277778 0.00400000 1.00176543 0.54509804 0.55294118 0.57254902
v -0.25277778 -0.00716396 1.00015277 0.01960784 0.01960784 0.02352941
v -0.25277778 -0.01776811 0.99539565 0.01960784 0.01960784 0.02352941
v -0.25277778 -0.02728071 0.98773262 0.01960784 0.01960784 0.02352941
v -0.25277778 -0.03522478 0.97754792 0.13725490 0.13725490 0.14509804
v -0.25277778 -0.04120194 0.96535228 0.25882353 0.26274510 0.27450980
v -0.25277778 -0.04491249 0.95175721 0.38431373 0.39215686 0.40392157
v -0.25277778 -0.04617037 0.93744444 0.49803922 0.50980392 0.52549020
v -0.25277778 -0.04491249 0.92313168 0.74509804 0.75686275 0.78039216
v -0.25277778 -0.04120194 0.90953661 0.76862745 0.78039216 0.80392157
v -0.25277778 -0.03522478 0.89734096 0.78431373 0.79607843 0.81960784
v -0.25277778 -0.02728071 0.88715627 0.75686275 0.76862745 0.79215686
v -0.25277778 -0.01776811 0.87949324 0.78039216 0.79607843 0.81960784
v -0.25277778 -0.00716396 0.87473612 0.77254902 0.78823529 0.81176471
v -0.25277778 0.00400000 0.87312346 0.74901961 0.76078431 0.78431373
v -0.25277778 0.01516396 0.87473612 0.78431373 0.80000000 0.82352941
v -0.25277778 0.02576811 0.87949324 0.77254902 0.78823529 0.80784314
v -0.25277778 0.03528071 0.88715627 0.75686275 0.76862745 0.79215686
v -0.25277778 0.04322478 0.89734096 0.78039216 0.79215686 0.81568627
v -0.25277778 0.04920194 0.90953661 0.77647059 0.79215686 0.81568627
v -0.25277778 0.05291249 0.92313168 0.74901961 0.76078431 0.78431373
v -0.27055556 0.05754074 0.93688889 0.74117647 0.75686275 0.77647059
v -0.27055556 0.05619836 0.95216317 0.73725490 0.74901961 0.77254902
v -0.27055556 0.05223854 0.96667153 0.77254902 0.78431373 0.80784314
v -0.27055556 0.04585984 0.97968646 0.76862745 0.78431373 0.80784314
v -0.27055556 0.03738211 0.99055535 0.78431373 0.79607843 0.81960784
v -0.27055556 0.02723046 0.99873317 0.76862745 0.78039216 0.80392157
v -0.27055556 0.01591394 1.00380987 0.72941176 0.74509804 0.76470588
v -0.27055556 0.00400000 1.00553086 0.80392157 0.81960784 0.84313725
v -0.27055556 -0.00791394 1.00380987 0.54117647 0.55294118 0.56862745
v -0.27055556 -0.01923046 0.99873317 0.37254902 0.38039216 0.39215686
v -0.27055556 -0.02938211 0.99055535 0.40784314 0.41176471 0.42745098
v -0.27055556 -0.03785984 0.97968646 0.50588235 0.51764706 0.53333333
v -0.27055556 -0.04423854 0.96667153 0.63137255 0.64313725 0.66274510
v -0.27055556 -0.04819836 0.95216317 0.76470588 0.78039216 0.80392157
v -0.27055556 -0.04954074 0.93688889 0.78039216 0.79215686 0.81568627
v -0.27055556 -0.04819836 0.92161461 0.76862745 0.78039216 0.80392157
v -0.27055556 -0.04423854 0.90710625 0.74901961 0.76470588 0.78823529
v -0.27055556 -0.03785984 0.89409132 0.77647059 0.79215686 0.81568627
v -0.27055556 -0.02938211 0.88322243 0.76078431 0.77647059 0.79607843
v -0.27055556 -0.01923046 0.87504461 0.78823529 0.80000000 0.82352941
v -0.27055556 -0.00791394 0.86996791 0.75686275 0.77254902 0.79607843
v -0.27055556 0.00400000 0.86824691 0.75294118 0.76470588 0.78823529
v -0.27055556 0.01591394 0.86996791 0.78823529 0.80392157 0.82745098
v -0.27055556 0.02723046 0.87504461 0.77254902 0.78823529 0.81176471
v -0.27055556 0.03738211 0.88322243 0.75294118 0.76470588 0.78431373
v -0.27055556 0.04585984 0.89409132 0.78823529 0.80000000 0.82352941
v -0.27055556 0.05223854 0.90710625 0.76470588 0.77647059 0.80000000
v -0.27055556 0.05619836 0.92161461 0.74509804 0.75686275 0.78039216
v -0.28833333 0.06091111 0.93633333 0.76078431 0.77647059 0.79607843
v -0.28833333 0.05948423 0.95256912 0.74509804 0.76078431 0.78039216
v -0.28833333 0.05527514 0.96799078 0.75686275 0.77254902 0.79607843
v -0.28833333 0.04849490 0.98182500 0.76862745 0.78039216 0.80392157
v -0.28833333 0.03948350 0.99337807 0.78823529 0.80392157 0.82745098
v -0.28833333 0.02869281 1.00207069 0.76470588 0.77647059 0.80000000
v -0.28833333 0.01666391 1.00746696 0.72156863 0.73333333 0.75294118
v -0.28833333 0.00400000 1.00929630 0.78431373 0.80000000 0.81960784
v -0.28833333 -0.00866391 1.00746696 0.81960784 0.83529412 0.86274510
v -0.28833333 -0.02069281 1.00207069 0.74901961 0.76470588 0.78431373
v -0.28833333 -0.03148350 0.99337807 0.75294118 0.76470588 0.78823529
v -0.28833333 -0.04049490 0.98182500 0.78431373 0.79607843 0.81960784
v -0.28833333 -0.04727514 0.96799078 0.76862745 0.78039216 0.80392157
v -0.28833333 -0.05148423 0.95256912 0.78823529 0.80392157 0.82352941
v -0.28833333 -0.05291111 0.93633333 0.79215686 0.80784314 0.83137255
v -0.28833333 -0.05148423 0.92009755 0.79215686 0.80784314 0.83137255
v -0.28833333 -0.04727514 0.90467589 0.77254902 0.78823529 0.81176471
v -0.28833333 -0.04049490 0.89084167 0.76078431 0.77254902 0.79215686
v -0.28833333 -0.03148350 0.87928859 0.77647059 0.79215686 0.81568627
v -0.28833333 -0.02069281 0.87059598 0.77647059 0.78823529 0.81176471
v -0.28833333 -0.00866391 0.86519970 0.74901961 0.76078431 0.78431373
v -0.28833333 0.00400000 0.86337037 0.76078431 0.77254902 0.79607843
v -0.28833333 0.01666391 0.86519970 0.79215686 0.80784314 0.83137255
v -0.28833333 0.02869281 0.87059598 0.77647059 0.79215686 0.81176471
v -0.28833333 0.03948350 0.87928859 0.74509804 0.76078431 0.78431373
v -0.28833333 0.04849490 0.89084167 0.78823529 0.80392157 0.82745098
v -0.28833333 0.05527514 0.90467589 0.75294118 0.76470588 0.78823529
v -0.28833333 0.05948423 0.92009755 0.75294118 0.76862745 0.78823529
v -0.30611111 0.06427233 0.93577778 0.78431373 0.80000000 0.82352941
v -0.30611111 0.06276118 0.95297246 0.76470588 0.78039216 0.80392157
v -0.30611111 0.05830350 0.96930494 0.75294118 0.76470588 0.78823529
v -0.30611111 0.05112281 0.98395622 0.76470588 0.78039216 0.80392157
v -0.30611111 0.04157919 0.99619163 0.79607843 0.81176471 0.83529412
v -0.30611111 0.03015119 1.00539764 0.75686275 0.77254902 0.79607843
v -0.30611111 0.01741186 1.01111262 0.71372549 0.72549020 0.74901961
v -0.30611111 0.00400000 1.01305000 0.75686275 0.77254902 0.79215686
v -0.30611111 -0.00941186 1.01111262 0.81960784 0.83137255 0.85882353
v -0.30611111 -0.02215119 1.00539764 0.80000000 0.81176471 0.83529412
v -0.30611111 -0.03357919 0.99619163 0.72941176 0.74117647 0.76470588
v -0.30611111 -0.04312281 0.98395622 0.78823529 0.80000000 0.82352941
v -0.30611111 -0.05030350 0.96930494 0.76862745 0.78431373 0.80392157
v -0.30611111 -0.05476118 0.95297246 0.76862745 0.78039216 0.80392157
v -0.30611111 -0.05627233 0.93577778 0.75294118 0.76470588 0.78823529
v -0.30611111 -0.05476118 0.91858309 0.76470588 0.77647059 0.80000000
v -0.30611111 -0.05030350 0.90225062 0.78431373 0.80000000 0.82352941
v -0.30611111 -0.04312281 0.88759934 0.76078431 0.77254902 0.79607843
v -0.30611111 -0.03357919 0.87536392 0.78431373 0.79607843 0.81960784
v -0.30611111 -0.02215119 0.86615791 0.75686275 0.77254902 0.79607843
v -0.30611111 -0.00941186 0.86044293 0.74901961 0.76078431 0.78431373
v -0.30611111 0.00400000 0.85850556 0.77254902 0.78431373 0.80784314
v -0.30611111 0.01741186 0.86044293 0.79607843 0.81176471 0.83529412
v -0.30611111 0.03015119 0.86615791 0.77647059 0.79215686 0.81568627
v -0.30611111 0.04157919 0.87536392 0.74509804 0.75686275 0.78039216
v -0.30611111 0.05112281 0.88759934 0.78823529 0.80392157 0.82745098
v -0.30611111 0.05830350 0.90225062 0.74901961 0.76078431 0.78431373
v -0.30611111 0.06276118 0.91858309 0.77254902 0.78431373 0.80784314
v -0.32388889 0.06763067 0.93522222 0.80000000 0.81568627 0.83921569
v -0.32388889 0.06603531 0.95337499 0.78823529 0.80000000 0.82352941
v -0.32388889 0.06132925 0.97061749 0.75294118 0.76862745 0.79215686
v -0.32388889 0.05374846 0.98608513 0.76470588 0.77647059 0.80000000
v -0.32388889 0.04367307 0.99900230 0.80392157 0.81568627 0.84313725
v -0.32388889 0.03160831 1.00872126 0.75294118 0.76470588 0.78823529
v -0.32388889 0.01815916 1.01475467 0.70980392 0.72156863 0.74117647
v -0.32388889 0.00400000 1.01680000 0.72941176 0.74509804 0.76470588
v -0.32388889 -0.01015916 1.01475467 0.78431373 0.80000000 0.82352941
v -0.32388889 -0.02360831 1.00872126 0.82352941 0.83921569 0.86274510
v -0.32388889 -0.03567307 0.99900230 0.76470588 0.77647059 0.80000000
v -0.32388889 -0.04574846 0.98608513 0.75686275 0.76862745 0.79215686
v -0.32388889 -0.05332925 0.97061749 0.77254902 0.78431373 0.81176471
v -0.32388889 -0.05803531 0.95337499 0.75294118 0.76470588 0.78823529
v -0.32388889 -0.05963067 0.93522222 0.75294118 0.76470588 0.78823529
v -0.32388889 -0.05803531 0.91706946 0.74509804 0.76078431 0.78039216
v -0.32388889 -0.05332925 0.89982695 0.76078431 0.77647059 0.80000000
v -0.32388889 -0.04574846 0.88435931 0.78039216 0.79215686 0.81568627
v -0.32388889 -0.03567307 0.87144215 0.76862745 0.78431373 0.80392157
v -0.32388889 -0.02360831 0.86172318 0.74901961 0.76078431 0.78431373
v -0.32388889 -0.01015916 0.85568977 0.76078431 0.77254902 0.79607843
v -0.32388889 0.00400000 0.85364444 0.78431373 0.79607843 0.82352941
v -0.32388889 0.01815916 0.85568977 0.80000000 0.81176471 0.83921569
v -0.32388889 0.03160831 0.86172318 0.78039216 0.79607843 0.81960784
v -0.32388889 0.04367307 0.87144215 0.74509804 0.75686275 0.78039216
v -0.32388889 0.05374846 0.88435931 0.78039216 0.79607843 0.81960784
v -0.32388889 0.06132925 0.89982695 0.75294118 0.76862745 0.78823529
v -0.32388889 0.06603531 0.91706946 0.78823529 0.80392157 0.82745098
v -0.34166667 0.07098900 0.93466667 0.79607843 0.80784314 0.83529412
v -0.34166667 0.06930945 0.95377751 0.79607843 0.81176471 0.83529412
v -0.34166667 0.06435500 0.97193005 0.76078431 0.77254902 0.79607843
v -0.34166667 0.05637411 0.98821405 0.76862745 0.78431373 0.80392157
v -0.34166667 0.04576696 1.00181296 0.80392157 0.81960784 0.84313725
v -0.34166667 0.03306544 1.01204488 0.74901961 0.76078431 0.78431373
v -0.34166667 0.01890645 1.01839673 0.70980392 0.72156863 0.74117647
v -0.34166667 0.00400000 1.02055000 0.70980392 0.72156863 0.74509804
v -0.34166667 -0.01090645 1.01839673 0.74117647 0.75686275 0.77647059
v -0.34166667 -0.02506544 1.01204488 0.79607843 0.81176471 0.83529412
v -0.34166667 -0.03776696 1.00181296 0.81176471 0.82745098 0.85098039
v -0.34166667 -0.04837411 0.98821405 0.74117647 0.75294118 0.77647059
v -0.34166667 -0.05635500 0.97193005 0.63921569 0.65098039 0.67058824
v -0.34166667 -0.06130945 0.95377751 0.65098039 0.65882353 0.68235294
v -0.34166667 -0.06298900 0.93466667 0.67058824 0.68235294 0.70196078
v -0.34166667 -0.06130945 0.91555583 0.64705882 0.65882353 0.67843137
v -0.34166667 -0.05635500 0.89740328 0.75294118 0.76862745 0.79215686
v -0.34166667 -0.04837411 0.88111928 0.78039216 0.79215686 0.81568627
v -0.34166667 -0.03776696 0.86752037 0.75294118 0.76862745 0.78823529
v -0.34166667 -0.02506544 0.85728846 0.75686275 0.77254902 0.79607843
v -0.34166667 -0.01090645 0.85093661 0.78039216 0.79215686 0.81568627
v -0.34166667 0.00400000 0.84878333 0.79607843 0.80784314 0.83137255
v -0.34166667 0.01890645 0.85093661 0.80000000 0.81568627 0.83921569
v -0.34166667 0.03306544 0.85728846 0.78431373 0.79607843 0.81960784
v -0.34166667 0.04576696 0.86752037 0.74901961 0.76078431 0.78431373
v -0.34166667 0.05637411 0.88111928 0.76862745 0.78431373 0.80784314
v -0.34166667 0.06435500 0.89740328 0.76862745 0.78039216 0.80392157
v -0.34166667 0.06930945 0.91555583 0.79607843 0.80784314 0.83137255
v -0.35944444 0.07434733 0.93411111 0.77647059 0.78823529 0.81176471
v -0.35944444 0.07258358 0.95418003 0.79215686 0.80784314 0.83137255
v -0.35944444 0.06738076 0.97324260 0.76862745 0.78039216 0.80392157
v -0.35944444 0.05899976 0.99034296 0.77647059 0.78823529 0.81176471
v -0.35944444 0.04786084 1.00462362 0.80000000 0.81568627 0.83921569
v -0.35944444 0.03452256 1.01536849 0.74117647 0.75686275 0.78039216
v -0.35944444 0.01965375 1.02203878 0.70980392 0.72156863 0.74509804
v -0.35944444 0.00400000 1.02430000 0.70196078 0.71764706 0.73725490
v -0.35944444 -0.01165375 1.02203878 0.59607843 0.60392157 0.62352941
v -0.35944444 -0.02652256 1.01536849 0.50196078 0.50980392 0.52549020
v -0.35944444 -0.03986084 1.00462362 0.41568627 0.42352941 0.43921569
v -0.35944444 -0.05099976 0.99034296 0.40000000 0.40392157 0.41960784
v -0.35944444 -0.05938076 0.97324260 0.25490196 0.25882353 0.26666667
v -0.35944444 -0.06458358 0.95418003 0.14117647 0.14509804 0.15294118
v -0.35944444 -0.06634733 0.93411111 0.15294118 0.15294118 0.16078431
v -0.35944444 -0.06458358 0.91404220 0.14901961 0.15294118 0.16078431
v -0.35944444 -0.05938076 0.89497962 0.25882353 0.26274510 0.27450980
v -0.35944444 -0.05099976 0.87787926 0.52941176 0.54117647 0.55686275
v -0.35944444 -0.03986084 0.86359860 0.76078431 0.77254902 0.79607843
v -0.35944444 -0.02652256 0.85285373 0.78039216 0.79607843 0.81568627
v -0.35944444 -0.01165375 0.84618345 0.79607843 0.80784314 0.83137255
v -0.35944444 0.00400000 0.84392222 0.80000000 0.81568627 0.83921569
v -0.35944444 0.01965375 0.84618345 0.80000000 0.81568627 0.83921569
v -0.35944444 0.03452256 0.85285373 0.65098039 0.66274510 0.68235294
v -0.35944444 0.04786084 0.86359860 0.62745098 0.63921569 0.65882353
v -0.35944444 0.05899976 0.87787926 0.75686275 0.77254902 0.79607843
v -0.35944444 0.06738076 0.89497962 0.78039216 0.79215686 0.81960784
v -0.35944444 0.07258358 0.91404220 0.78431373 0.80000000 0.82352941
v -0.37722222 0.07770567 0.93355556 0.75294118 0.76470588 0.78823529
v -0.37722222 0.07585771 0.95458255 0.77647059 0.79215686 0.81176471
v -0.37722222 0.07040651 0.97455516 0.77254902 0.78823529 0.80784314
v -0.37722222 0.06162541 0.99247188 0.78823529 0.80000000 0.82352941
v -0.37722222 0.04995473 1.00743429 0.79215686 0.80784314 0.83137255
v -0.37722222 0.03597969 1.01869211 0.73725490 0.75294118 0.77254902
v -0.37722222 0.02040105 1.02568083 0.48235294 0.49019608 0.50588235
v -0.37722222 0.00400000 1.02805000 0.36078431 0.36862745 0.38039216
v -0.37722222 -0.01240105 1.02568083 0.24705882 0.25098039 0.25882353
v -0.37722222 -0.02797969 1.01869211 0.13333333 0.13333333 0.14117647
v -0.37722222 -0.04195473 1.00743429 0.01960784 0.01960784 0.02352941
v -0.37722222 -0.05362541 0.99247188 0.01960784 0.01960784 0.02745098
v -0.37722222 -0.06240651 0.97455516 0.01960784 0.01960784 0.02352941
v -0.37722222 -0.06785771 0.95458255 0.01960784 0.01960784 0.02352941
v -0.37722222 -0.06970567 0.93355556 0.01960784 0.01960784 0.02352941
v -0.37722222 -0.06785771 0.91252856 0.01960784 0.01960784 0.02352941
v -0.37722222 -0.06240651 0.89255595 0.01960784 0.01960784 0.02352941
v -0.37722222 -0.05362541 0.87463923 0.01960784 0.01960784 0.02352941
v -0.37722222 -0.04195473 0.85967682 0.39607843 0.40392157 0.41568627
v -0.37722222 -0.02797969 0.84841900 0.79215686 0.80784314 0.83137255
v -0.37722222 -0.01240105 0.84143028 0.53725490 0.54901961 0.56470588
v -0.37722222 0.00400000 0.83906111 0.41568627 0.42352941 0.43529412
v -0.37722222 0.02040105 0.84143028 0.41568627 0.42352941 0.43921569
v -0.37722222 0.03597969 0.84841900 0.27843137 0.28235294 0.29411765
v -0.37722222 0.04995473 0.85967682 0.13333333 0.13725490 0.14509804
v -0.37722222 0.06162541 0.87463923 0.25490196 0.26274510 0.27058824
v -0.37722222 0.07040651 0.89255595 0.51764706 0.52549020 0.54509804
v -0.37722222 0.07585771 0.91252856 0.76862745 0.78039216 0.80392157
v -0.39500000 0.08106400 0.93300000 0.50196078 0.50980392 0.52549020
v -0.39500000 0.07913184 0.95498507 0.75686275 0.76862745 0.79215686
v -0.39500000 0.07343226 0.97586771 0.77647059 0.78823529 0.81176471
v -0.39500000 0.06425106 0.99460079 0.79607843 0.81176471 0.83529412
v -0.39500000 0.05204862 1.01024495 0.78039216 0.79215686 0.81568627
v -0.39500000 0.03743682 1.02201572 0.49803922 0.50588235 0.52156863
v -0.39500000 0.02114835 1.02932288 0.25098039 0.25490196 0.26666667
v -0.39500000 0.00400000 1.03180000 0.01960784 0.01960784 0.02352941
v -0.39500000 -0.01314835 1.02932288 0.01960784 0.01960784 0.02352941
v -0.39500000 -0.02943682 1.02201572 0.01960784 0.01960784 0.02352941
v -0.39500000 -0.04404862 1.01024495 0.01960784 0.01960784 0.02352941
v -0.39500000 -0.05625106 0.99460079 0.01960784 0.01960784 0.02352941
v -0.39500000 -0.06543226 0.97586771 0.01960784 0.01960784 0.02352941
v -0.39500000 -0.07113184 0.95498507 0.01960784 0.01960784 0.02352941
v -0.39500000 -0.07306400 0.93300000 0.01960784 0.01960784 0.02352941
v -0.39500000 -0.07113184 0.91101493 0.01960784 0.01960784 0.02352941
v -0.39500000 -0.06543226 0.89013229 0.01960784 0.01960784 0.02352941
v -0.39500000 -0.05625106 0.87139921 0.27843137 0.28235294 0.29411765
v -0.39500000 -0.04404862 0.85575505 0.40392157 0.40784314 0.42352941
v -0.39500000 -0.02943682 0.84398428 0.65490196 0.66666667 0.68627451
v -0.39500000 -0.01314835 0.83667712 0.53333333 0.54117647 0.55686275
v -0.39500000 0.00400000 0.83420000 0.01960784 0.01960784 0.02352941
v -0.39500000 0.02114835 0.83667712 0.01960784 0.01960784 0.02352941
v -0.39500000 0.03743682 0.84398428 0.01960784 0.01960784 0.02352941
v -0.39500000 0.05204862 0.85575505 0.01960784 0.01960784 0.02352941
v -0.39500000 0.06425106 0.87139921 0.01960784 0.01960784 0.02352941
v -0.39500000 0.07343226 0.89013229 0.01960784 0.01960784 0.02352941
v -0.39500000 0.07913184 0.91101493 0.26274510 0.26666667 0.27843137
v -0.41277778 0.08442233 0.93244444 0.01960784 0.01960784 0.02352941
v -0.41277778 0.08240598 0.95538759 0.51372549 0.52156863 0.53725490
v -0.41277778 0.07645802 0.97718027 0.76470588 0.78039216 0.80392157
v -0.41277778 0.06687671 0.99672971 0.67843137 0.69411765 0.71372549
v -0.41277778 0.05414250 1.01305561 0.40000000 0.40784314 0.42352941
v -0.41277778 0.03889394 1.02533934 0.25882353 0.26274510 0.27058824
v -0.41277778 0.02189565 1.03296493 0.01960784 0.01960784 0.02352941
v -0.41277778 0.00400000 1.03555000 0.01960784 0.01960784 0.02352941
v -0.41277778 -0.01389565 1.03296493 0.01960784 0.01960784 0.02352941
v -0.41277778 -0.03089394 1.02533934 0.01960784 0.01960784 0.02352941
v -0.41277778 -0.04614250 1.01305561 0.01960784 0.01960784 0.02352941
v -0.41277778 -0.05887671 0.99672971 0.01960784 0.01960784 0.02352941
v -0.41277778 -0.06845802 0.97718027 0.01960784 0.01960784 0.02352941
v -0.41277778 -0.07440598 0.95538759 0.01960784 0.01960784 0.02352941
v -0.41277778 -0.07642233 0.93244444 0.01960784 0.01960784 0.02352941
v -0.41277778 -0.07440598 0.90950130 0.27058824 0.27450980 0.28627451
v -0.41277778 -0.06845802 0.88770862 0.38431373 0.39215686 0.40392157
v -0.41277778 -0.05887671 0.86815918 0.54117647 0.54901961 0.56862745
v -0.41277778 -0.04614250 0.85183328 0.77647059 0.79215686 0.81568627
v -0.41277778 -0.03089394 0.83954955 0.76078431 0.77647059 0.80000000
v -0.41277778 -0.01389565 0.83192396 0.76470588 0.78039216 0.80000000
v -0.41277778 0.00400000 0.82933889 0.52156863 0.52941176 0.54901961
v -0.41277778 0.02189565 0.83192396 0.27450980 0.27843137 0.29019608
v -0.41277778 0.03889394 0.83954955 0.01960784 0.01960784 0.02352941
v -0.41277778 0.05414250 0.85183328 0.01960784 0.01960784 0.02352941
v -0.41277778 0.06687671 0.86815918 0.01960784 0.01960784 0.02352941
v -0.41277778 0.07645802 0.88770862 0.01960784 0.01960784 0.02352941
v -0.41277778 0.08240598 0.90950130 0.01960784 0.01960784 0.02352941
v -0.43055556 0.08393556 0.93188889 0.26274510 0.27058824 0.27843137
v -0.43055556 0.08193140 0.95469316 0.52549020 0.53333333 0.54901961
v -0.43055556 0.07601945 0.97635394 0.75294118 0.76862745 0.78823529
v -0.43055556 0.06649613 0.99578505 0.80784314 0.82352941 0.84705882
v -0.43055556 0.05383900 1.01201214 0.42352941 0.43137255 0.44313725
v -0.43055556 0.03868274 1.02422151 0.01960784 0.01960784 0.02352941
v -0.43055556 0.02178733 1.03180095 0.01960784 0.01960784 0.02352941
v -0.43055556 0.00400000 1.03437037 0.01960784 0.01960784 0.02352941
v -0.43055556 -0.01378733 1.03180095 0.02352941 0.02352941 0.02745098
v -0.43055556 -0.03068274 1.02422151 0.02352941 0.02352941 0.02745098
v -0.43055556 -0.04583900 1.01201214 0.01960784 0.01960784 0.02352941
v -0.43055556 -0.05849613 0.99578505 0.01960784 0.01960784 0.02352941
v -0.43055556 -0.06801945 0.97635394 0.14901961 0.15294118 0.16078431
v -0.43055556 -0.07393140 0.95469316 0.28627451 0.29019608 0.30196078
v -0.43055556 -0.07593556 0.93188889 0.41568627 0.42352941 0.43529412
v -0.43055556 -0.07393140 0.90908461 0.53725490 0.54509804 0.56470588
v -0.43055556 -0.06801945 0.88742384 0.74901961 0.76470588 0.78823529
v -0.43055556 -0.05849613 0.86799273 0.79215686 0.80784314 0.83137255
v -0.43055556 -0.04583900 0.85176564 0.76470588 0.78039216 0.80392157
v -0.43055556 -0.03068274 0.83955626 0.74901961 0.76078431 0.78431373
v -0.43055556 -0.01378733 0.83197683 0.74901961 0.76078431 0.78431373
v -0.43055556 0.00400000 0.82940741 0.75686275 0.77254902 0.79607843
v -0.43055556 0.02178733 0.83197683 0.76862745 0.78039216 0.80784314
v -0.43055556 0.03868274 0.83955626 0.51372549 0.52156863 0.54117647
v -0.43055556 0.05383900 0.85176564 0.25098039 0.25490196 0.26666667
v -0.43055556 0.06649613 0.86799273 0.13725490 0.14117647 0.14901961
v -0.43055556 0.07601945 0.88742384 0.01960784 0.01960784 0.02352941
v -0.43055556 0.08193140 0.90908461 0.15294118 0.15686275 0.16470588
v -0.44833333 0.08042762 0.93133333 0.66274510 0.67843137 0.69803922
v -0.44833333 0.07851142 0.95313685 0.78039216 0.79607843 0.81960784
v -0.44833333 0.07285891 0.97384705 0.76862745 0.78039216 0.80392157
v -0.44833333 0.06375352 0.99242544 0.76078431 0.77254902 0.79607843
v -0.44833333 0.05165184 1.00794041 0.82352941 0.83921569 0.86274510
v -0.44833333 0.03716070 1.01961398 0.55686275 0.56862745 0.58431373
v -0.44833333 0.02100675 1.02686079 0.42352941 0.42745098 0.44313725
v -0.44833333 0.00400000 1.02931746 0.29019608 0.29411765 0.30588235
v -0.44833333 -0.01300675 1.02686079 0.28627451 0.29411765 0.30196078
v -0.44833333 -0.02916070 1.01961398 0.40784314 0.41568627 0.43137255
v -0.44833333 -0.04365184 1.00794041 0.37647059 0.38431373 0.39607843
v -0.44833333 -0.05575352 0.99242544 0.38823529 0.39607843 0.40784314
v -0.44833333 -0.06485891 0.97384705 0.52156863 0.52941176 0.54901961
v -0.44833333 -0.07051142 0.95313685 0.65882353 0.67058824 0.69019608
v -0.44833333 -0.07242762 0.93133333 0.79607843 0.81176471 0.83529412
v -0.44833333 -0.07051142 0.90952981 0.78431373 0.80000000 0.82352941
v -0.44833333 -0.06485891 0.88881961 0.74901961 0.76078431 0.78431373
v -0.44833333 -0.05575352 0.87024123 0.79215686 0.80784314 0.83137255
v -0.44833333 -0.04365184 0.85472626 0.77254902 0.78431373 0.80784314
v -0.44833333 -0.02916070 0.84305269 0.74509804 0.76078431 0.78431373
v -0.44833333 -0.01300675 0.83580587 0.74117647 0.75686275 0.77647059
v -0.44833333 0.00400000 0.83334921 0.74509804 0.75686275 0.78039216
v -0.44833333 0.02100675 0.83580587 0.74901961 0.76078431 0.78431373
v -0.44833333 0.03716070 0.84305269 0.74901961 0.76078431 0.78431373
v -0.44833333 0.05165184 0.85472626 0.74901961 0.76470588 0.78823529
v -0.44833333 0.06375352 0.87024123 0.64705882 0.65882353 0.67843137
v -0.44833333 0.07285891 0.88881961 0.50980392 0.51764706 0.53333333
v -0.44833333 0.07851142 0.90952981 0.54117647 0.54901961 0.56862745
v -0.46611111 0.07691968 0.93077778 0.78823529 0.80392157 0.82745098
v -0.46611111 0.07509143 0.95158054 0.76862745 0.78431373 0.80784314
v -0.46611111 0.06969836 0.97134017 0.78039216 0.79607843 0.81960784
v -0.46611111 0.06101090 0.98906583 0.73333333 0.74509804 0.76862745
v -0.46611111 0.04946468 1.00386868 0.78039216 0.79215686 0.81568627
v -0.46611111 0.03563866 1.01500645 0.82745098 0.84313725 0.86666667
v -0.46611111 0.02022616 1.02192064 0.83137255 0.84705882 0.87058824
v -0.46611111 0.00400000 1.02426455 0.83137255 0.84313725 0.87058824
v -0.46611111 -0.01222616 1.02192064 0.69019608 0.70196078 0.72549020
v -0.46611111 -0.02763866 1.01500645 0.80000000 0.81568627 0.83921569
v -0.46611111 -0.04146468 1.00386868 0.74509804 0.75686275 0.78039216
v -0.46611111 -0.05301090 0.98906583 0.75294118 0.76862745 0.79215686
v -0.46611111 -0.06169836 0.97134017 0.76470588 0.78039216 0.80392157
v -0.46611111 -0.06709143 0.95158054 0.75686275 0.77254902 0.79215686
v -0.46611111 -0.06891968 0.93077778 0.78039216 0.79607843 0.81960784
v -0.46611111 -0.06709143 0.90997501 0.76862745 0.78039216 0.80392157
v -0.46611111 -0.06169836 0.89021539 0.75294118 0.76470588 0.78823529
v -0.46611111 -0.05301090 0.87248973 0.78823529 0.80000000 0.82352941
v -0.46611111 -0.04146468 0.85768688 0.78039216 0.79607843 0.81960784
v -0.46611111 -0.02763866 0.84654911 0.74901961 0.76470588 0.78431373
v -0.46611111 -0.01222616 0.83963491 0.74117647 0.75294118 0.77647059
v -0.46611111 0.00400000 0.83729101 0.73725490 0.74901961 0.77254902
v -0.46611111 0.02022616 0.83963491 0.74117647 0.75294118 0.77254902
v -0.46611111 0.03563866 0.84654911 0.74509804 0.76078431 0.78039216
v -0.46611111 0.04946468 0.85768688 0.76470588 0.77647059 0.80000000
v -0.46611111 0.06101090 0.87248973 0.78039216 0.79607843 0.81960784
v -0.46611111 0.06969836 0.89021539 0.75686275 0.76862745 0.79215686
v -0.46611111 0.07509143 0.90997501 0.77647059 0.79215686 0.81568627
v -0.48388889 0.07341175 0.93022222 0.74901961 0.76078431 0.78431373
v -0.48388889 0.07167145 0.95002423 0.75294118 0.76862745 0.78823529
v -0.48388889 0.06653782 0.96883328 0.77254902 0.78431373 0.80784314
v -0.48388889 0.05826829 0.98570622 0.77254902 0.78431373 0.81176471
v -0.48388889 0.04727752 0.99979695 0.72549020 0.73725490 0.76078431
v -0.48388889 0.03411663 1.01039892 0.78431373 0.79607843 0.81960784
v -0.48388889 0.01944557 1.01698049 0.82352941 0.83921569 0.86274510
v -0.48388889 0.00400000 1.01921164 0.83529412 0.84705882 0.87450980
v -0.48388889 -0.01144557 1.01698049 0.83137255 0.84313725 0.87058824
v -0.48388889 -0.02611663 1.01039892 0.79215686 0.80784314 0.83137255
v -0.48388889 -0.03927752 0.99979695 0.73725490 0.74901961 0.77254902
v -0.48388889 -0.05026829 0.98570622 0.76470588 0.78039216 0.80000000
v -0.48388889 -0.05853782 0.96883328 0.77254902 0.78823529 0.80784314
v -0.48388889 -0.06367145 0.95002423 0.74117647 0.75686275 0.77647059
v -0.48388889 -0.06541175 0.93022222 0.75686275 0.76862745 0.79215686
v -0.48388889 -0.06367145 0.91042021 0.74901961 0.76470588 0.78431373
v -0.48388889 -0.05853782 0.89161116 0.76078431 0.77647059 0.80000000
v -0.48388889 -0.05026829 0.87473823 0.77647059 0.78823529 0.81568627
v -0.48388889 -0.03927752 0.86064749 0.78823529 0.80000000 0.82745098
v -0.48388889 -0.02611663 0.85004553 0.75294118 0.76470588 0.78823529
v -0.48388889 -0.01144557 0.84346395 0.73725490 0.75294118 0.77254902
v -0.48388889 0.00400000 0.84123280 0.73725490 0.75294118 0.77254902
v -0.48388889 0.01944557 0.84346395 0.74509804 0.76078431 0.78431373
v -0.48388889 0.03411663 0.85004553 0.76470588 0.77647059 0.80000000
v -0.48388889 0.04727752 0.86064749 0.78039216 0.79607843 0.81960784
v -0.48388889 0.05826829 0.87473823 0.77254902 0.78431373 0.81176471
v -0.48388889 0.06653782 0.89161116 0.76862745 0.78039216 0.80784314
v -0.48388889 0.07167145 0.91042021 0.74509804 0.76078431 0.78431373
v -0.50166667 0.06990381 0.92966667 0.75686275 0.76862745 0.79215686
v -0.50166667 0.06825146 0.94846792 0.77254902 0.78431373 0.81176471
v -0.50166667 0.06337728 0.96632640 0.76078431 0.77647059 0.80000000
v -0.50166667 0.05552567 0.98234661 0.80000000 0.81176471 0.83529412
v -0.50166667 0.04509035 0.99572522 0.73725490 0.74901961 0.77254902
v -0.50166667 0.03259459 1.00579139 0.72941176 0.74117647 0.76470588
v -0.50166667 0.01866498 1.01204034 0.78431373 0.80000000 0.82352941
v -0.50166667 0.00400000 1.01415873 0.82352941 0.83921569 0.86274510
v -0.50166667 -0.01066498 1.01204034 0.83137255 0.84313725 0.87058824
v -0.50166667 -0.02459459 1.00579139 0.78823529 0.80000000 0.82352941
v -0.50166667 -0.03709035 0.99572522 0.73333333 0.74509804 0.76862745
v -0.50166667 -0.04752567 0.98234661 0.77254902 0.78431373 0.80784314
v -0.50166667 -0.05537728 0.96632640 0.78039216 0.79607843 0.81960784
v -0.50166667 -0.06025146 0.94846792 0.74117647 0.75686275 0.77647059
v -0.50166667 -0.06190381 0.92966667 0.74117647 0.75294118 0.77254902
v -0.50166667 -0.06025146 0.91086541 0.74509804 0.76078431 0.78039216
v -0.50166667 -0.05537728 0.89300693 0.77647059 0.79215686 0.81176471
v -0.50166667 -0.04752567 0.87698673 0.76470588 0.77647059 0.80000000
v -0.50166667 -0.03709035 0.86360811 0.79215686 0.80784314 0.83137255
v -0.50166667 -0.02459459 0.85354195 0.75686275 0.76862745 0.79215686
v -0.50166667 -0.01066498 0.84729300 0.73725490 0.75294118 0.77254902
v -0.50166667 0.00400000 0.84517460 0.74509804 0.76078431 0.78039216
v -0.50166667 0.01866498 0.84729300 0.76470588 0.78039216 0.80000000
v -0.50166667 0.03259459 0.85354195 0.78431373 0.80000000 0.82352941
v -0.50166667 0.04509035 0.86360811 0.78039216 0.79607843 0.81960784
v -0.50166667 0.05552567 0.87698673 0.75686275 0.77254902 0.79215686
v -0.50166667 0.06337728 0.89300693 0.78431373 0.79607843 0.82352941
v -0.50166667 0.06825146 0.91086541 0.76862745 0.78431373 0.80784314
v -0.51944444 0.06639587 0.92911111 0.79607843 0.80784314 0.83137255
v -0.51944444 0.06483148 0.94691161 0.78431373 0.80000000 0.82352941
v -0.51944444 0.06021674 0.96381951 0.76862745 0.78039216 0.80392157
v -0.51944444 0.05278306 0.97898700 0.77254902 0.78431373 0.80784314
v -0.51944444 0.04290319 0.99165349 0.79215686 0.80392157 0.83137255
v -0.51944444 0.03107255 1.00118385 0.71764706 0.72941176 0.75294118
v -0.51944444 0.01788439 1.00710019 0.74117647 0.75294118 0.77647059
v -0.51944444 0.00400000 1.00910582 0.80000000 0.81568627 0.83921569
v -0.51944444 -0.00988439 1.00710019 0.82745098 0.84313725 0.86666667
v -0.51944444 -0.02307255 1.00118385 0.78039216 0.79215686 0.81568627
v -0.51944444 -0.03490319 0.99165349 0.73725490 0.74901961 0.77254902
v -0.51944444 -0.04478306 0.97898700 0.77254902 0.78823529 0.81176471
v -0.51944444 -0.05221674 0.96381951 0.78431373 0.80000000 0.82352941
v -0.51944444 -0.05683148 0.94691161 0.76078431 0.77254902 0.79607843
v -0.51944444 -0.05839587 0.92911111 0.74509804 0.75686275 0.77647059
v -0.51944444 -0.05683148 0.91131061 0.75686275 0.76862745 0.79215686
v -0.51944444 -0.05221674 0.89440271 0.78823529 0.80000000 0.82352941
v -0.51944444 -0.04478306 0.87923523 0.75294118 0.76862745 0.78823529
v -0.51944444 -0.03490319 0.86656873 0.79215686 0.80784314 0.83137255
v -0.51944444 -0.02307255 0.85703837 0.75686275 0.77254902 0.79607843
v -0.51944444 -0.00988439 0.85112204 0.74117647 0.75294118 0.77647059
v -0.51944444 0.00400000 0.84911640 0.75686275 0.77254902 0.79215686
v -0.51944444 0.01788439 0.85112204 0.78431373 0.79607843 0.81960784
v -0.51944444 0.03107255 0.85703837 0.78823529 0.80392157 0.82745098
v -0.51944444 0.04290319 0.86656873 0.76470588 0.77647059 0.80000000
v -0.51944444 0.05278306 0.87923523 0.76470588 0.78039216 0.80000000
v -0.51944444 0.06021674 0.89440271 0.76470588 0.78039216 0.80392157
v -0.51944444 0.06483148 0.91131061 0.79215686 0.80784314 0.83137255
v -0.53722222 0.06288794 0.92855556 0.77254902 0.78431373 0.80784314
v -0.53722222 0.06141149 0.94535530 0.76078431 0.77254902 0.79607843
v -0.53722222 0.05705620 0.96131263 0.77254902 0.78431373 0.80784314
v -0.53722222 0.05004044 0.97562739 0.74901961 0.76078431 0.78431373
v -0.53722222 0.04071603 0.98758176 0.80784314 0.81960784 0.84705882
v -0.53722222 0.02955052 0.99657632 0.75686275 0.76862745 0.79215686
v -0.53722222 0.01710380 1.00216003 0.71764706 0.72941176 0.74901961
v -0.53722222 0.00400000 1.00405291 0.77254902 0.78823529 0.81176471
v -0.53722222 -0.00910380 1.00216003 0.82352941 0.83921569 0.86274510
v -0.53722222 -0.02155052 0.99657632 0.65490196 0.66666667 0.68627451
v -0.53722222 -0.03271603 0.98758176 0.49019608 0.49803922 0.51372549
v -0.53722222 -0.04204044 0.97562739 0.39607843 0.40392157 0.41960784
v -0.53722222 -0.04905620 0.96131263 0.40000000 0.40784314 0.41960784
v -0.53722222 -0.05341149 0.94535530 0.39607843 0.40000000 0.41568627
v -0.53722222 -0.05488794 0.92855556 0.50980392 0.52156863 0.53725490
v -0.53722222 -0.05341149 0.91175581 0.77647059 0.78823529 0.81176471
v -0.53722222 -0.04905620 0.89579848 0.78823529 0.80392157 0.82745098
v -0.53722222 -0.04204044 0.88148372 0.74901961 0.76078431 0.78431373
v -0.53722222 -0.03271603 0.86952935 0.79215686 0.80784314 0.83137255
v -0.53722222 -0.02155052 0.86053479 0.76078431 0.77647059 0.80000000
v -0.53722222 -0.00910380 0.85495108 0.62745098 0.63921569 0.65882353
v -0.53722222 0.00400000 0.85305820 0.64705882 0.65882353 0.67843137
v -0.53722222 0.01710380 0.85495108 0.53725490 0.54901961 0.56470588
v -0.53722222 0.02955052 0.86053479 0.53333333 0.54117647 0.55686275
v -0.53722222 0.04071603 0.86952935 0.63529412 0.64705882 0.66666667
v -0.53722222 0.05004044 0.88148372 0.78039216 0.79607843 0.81960784
v -0.53722222 0.05705620 0.89579848 0.75294118 0.76862745 0.78823529
v -0.53722222 0.06141149 0.91175581 0.76078431 0.77254902 0.79607843
v -0.55500000 0.05938000 0.92800000 0.74509804 0.75686275 0.78039216
v -0.55500000 0.05799151 0.94379899 0.75294118 0.76862745 0.79215686
v -0.55500000 0.05389566 0.95880575 0.77254902 0.78431373 0.80784314
v -0.55500000 0.04729783 0.97226778 0.76862745 0.78039216 0.80392157
v -0.55500000 0.03852887 0.98351004 0.76862745 0.78431373 0.80784314
v -0.55500000 0.02802848 0.99196879 0.80000000 0.81568627 0.83921569
v -0.55500000 0.01632321 0.99721988 0.72549020 0.73725490 0.75686275
v -0.55500000 0.00400000 0.99900000 0.74117647 0.75294118 0.77647059
v -0.55500000 -0.00832321 0.99721988 0.81176471 0.82745098 0.85098039
v -0.55500000 -0.02002848 0.99196879 0.55686275 0.56470588 0.58431373
v -0.55500000 -0.03052887 0.98351004 0.24705882 0.25098039 0.26274510
v -0.55500000 -0.03929783 0.97226778 0.01960784 0.01960784 0.02352941
v -0.55500000 -0.04589566 0.95880575 0.01960784 0.01960784 0.02352941
v -0.55500000 -0.04999151 0.94379899 0.01960784 0.01960784 0.02352941
v -0.55500000 -0.05138000 0.92800000 0.01960784 0.01960784 0.02352941
v -0.55500000 -0.04999151 0.91220101 0.54509804 0.55686275 0.57254902
v -0.55500000 -0.04589566 0.89719425 0.80392157 0.81960784 0.84313725
v -0.55500000 -0.03929783 0.88373222 0.74509804 0.75686275 0.78039216
v -0.55500000 -0.03052887 0.87248996 0.78431373 0.80000000 0.82352941
v -0.55500000 -0.02002848 0.86403121 0.77647059 0.79215686 0.81568627
v -0.55500000 -0.00832321 0.85878012 0.50980392 0.51764706 0.53333333
v -0.55500000 0.00400000 0.85700000 0.28235294 0.29019608 0.29803922
v -0.55500000 0.01632321 0.85878012 0.29019608 0.29411765 0.30588235
v -0.55500000 0.02802848 0.86403121 0.01960784 0.01960784 0.02352941
v -0.55500000 0.03852887 0.87248996 0.25490196 0.25882353 0.27058824
v -0.55500000 0.04729783 0.88373222 0.55294118 0.56078431 0.58039216
v -0.55500000 0.05389566 0.89719425 0.77254902 0.78431373 0.80784314
v -0.55500000 0.05799151 0.91220101 0.75294118 0.76862745 0.78823529
f 1121 1150 1122
f 1121 1149 1150
f 1122 1151 1123
f 1122 1150 1151
f 1123 1152 1124
f 1123 1151 1152
f 1124 1153 1125
f 1124 1152 1153
f 1125 1154 1126
f 1125 1153 1154
f 1126 1155 1127
f 1126 1154 1155
f 1127 1156 1128
f 1127 1155 1156
f 1128 1157 1129
f 1128 1156 1157
f 1129 1158 1130
f 1129 1157 1158
f 1130 1159 1131
f 1130 1158 1159
f 1131 1160 1132
f 1131 1159 1160
f 1132 1161 1133
f 1132 1160 1161
f 1133 1162 1134
f 1133 1161 1162
f 1134 1163 1135
f 1134 1162 1163
f 1135 1164 1136
f 1135 1163 1164
f 1136 1165 1137
f 1136 1164 1165
f 1137 1166 1138
f 1137 1165 1166
f 1138 1167 1139
f 1138 1166 1167
f 1139 1168 1140
f 1139 1167 1168
f 1140 1169 1141
f 1140 1168 1169
f 1141 1170 1142
f 1141 1169 1170
f 1142 1171 1143
f 1142 1170 1171
f 1143 1172 1144
f 1143 1171 1172
f 1144 1173 1145
f 1144 1172 1173
f 1145 1174 1146
f 1145 1173 1174
f 1146 1175 1147
f 1146 1174 1175
f 1147 1176 1148
f 1147 1175 1176
f 1148 1149 1121
f 1148 1176 1149
f 1149 1178 1150
f 1149 1177 1178
f 1150 1179 1151
f 1150 1178 1179
f 1151 1180 1152
f 1151 1179 1180
f 1152 1181 1153
f 1152 1180 1181
f 1153 1182 1154
f 1153 1181 1182
f 1154 1183 1155
f 1154 1182 1183
f 1155 1184 1156
f 1155 1183 1184
f 1156 1185 1157
f 1156 1184 1185
f 1157 1186 1158
f 1157 1185 1186
f 1158 1187 1159
f 1158 1186 1187
f 1159 1188 1160
f 1159 1187 1188
f 1160 1189 1161
f 1160 1188 1189
f 1161 1190 1162
f 1161 1189 1190
f 1162 1191 1163
f 1162 1190 1191
f 1163 1192 1164
f 1163 1191 1192
f 1164 1193 1165
f 1164 1192 1193
f 1165 1194 1166
f 1165 1193 1194
f 1166 1195 1167
f 1166 1194 1195
f 1167 1196 1168
f 1167 1195 1196
f 1168 1197 1169
f 1168 1196 1197
f 1169 1198 1170
f 1169 1197 1198
f 1170 1199 1171
f 1170 1198 1199
f 1171 1200 1172
f 1171 1199 1200
f 1172 1201 1173
f 1172 1200 1201
f 1173 1202 1174
f 1173 1201 1202
f 1174 1203 1175
f 1174 1202 1203
f 1175 1204 1176
f 1175 1203 1204
f 1176 1177 1149
f 1176 1204 1177
f 1177 1206 1178
f 1177 1205 1206
f 1178 1207 1179
f 1178 1206 1207
f 1179 1208 1180
f 1179 1207 1208
f 1180 1209 1181
f 1180 1208 1209
f 1181 1210 1182
f 1181 1209 1210
f 1182 1211 1183
f 1182 1210 1211
f 1183 1212 1184
f 1183 1211 1212
f 1184 1213 1185
f 1184 1212 1213
f 1185 1214 1186
f 1185 1213 1214
f 1186 1215 1187
f 1186 1214 1215
f 1187 1216 1188
f 1187 1215 1216
f 1188 1217 1189
f 1188 1216 1217
f 1189 1218 1190
f 1189 1217 1218
f 1190 1219 1191
f 1190 1218 1219
f 1191 1220 1192
f 1191 1219 1220
f 1192 1221 1193
f 1192 1220 1221
f 1193 1222 1194
f 1193 1221 1222
f 1194 1223 1195
f 1194 1222 1223
f 1195 1224 1196
f 1195 1223 1224
f 1196 1225 1197
f 1196 1224 1225
f 1197 1226 1198
f 1197 1225 1226
f 1198 1227 1199
f 1198 1226 1227
f 1199 1228 1200
f 1199 1227 1228
f 1200 1229 1201
f 1200 1228 1229
f 1201 1230 1202
f 1201 1229 1230
f 1202 1231 1203
f 1202 1230 1231
f 1203 1232 1204
f 1203 1231 1232
f 1204 1205 1177
f 1204 1232 1205
f 1205 1234 1206
f 1205 1233 1234
f 1206 1235 1207
f 1206 1234 1235
f 1207 1236 1208
f 1207 1235 1236
f 1208 1237 1209
f 1208 1236 1237
f 1209 1238 1210
f 1209 1237 1238
f 1210 1239 1211
f 1210 1238 1239
f 1211 1240 1212
f 1211 1239 1240
f 1212 1241 1213
f 1212 1240 1241
f 1213 1242 1214
f 1213 1241 1242
f 1214 1243 1215
f 1214 1242 1243
f 1215 1244 1216
f 1215 1243 1244
f 1216 1245 1217
f 1216 1244 1245
f 1217 1246 1218
f 1217 1245 1246
f 1218 1247 1219
f 1218 1246 1247
f 1219 1248 1220
f 1219 1247 1248
f 1220 1249 1221
f 1220 1248 1249
f 1221 1250 1222
f 1221 1249 1250
f 1222 1251 1223
f 1222 1250 1251
f 1223 1252 1224
f 1223 1251 1252
f 1224 1253 1225
f 1224 1252 1253
f 1225 1254 1226
f 1225 1253 1254
f 1226 1255 1227
f 1226 1254 1255
f 1227 1256 1228
f 1227 1255 1256
f 1228 1257 1229
f 1228 1256 1257
f 1229 1258 1230
f 1229 1257 1258
f 1230 1259 1231
f 1230 1258 1259
f 1231 1260 1232
f 1231 1259 1260
f 1232 1233 1205
f 1232 1260 1233
f 1233 1262 1234
f 1233 1261 1262
f 1234 1263 1235
f 1234 1262 1263
f 1235 1264 1236
f 1235 1263 1264
f 1236 1265 1237
f 1236 1264 1265
f 1237 1266 1238
f 1237 1265 1266
f 1238 1267 1239
f 1238 1266 1267
f 1239 1268 1240
f 1239 1267 1268
f 1240 1269 1241
f 1240 1268 1269
f 1241 1270 1242
f 1241 1269 1270
f 1242 1271 1243
f 1242 1270 1271
f 1243 1272 1244
f 1243 1271 1272
f 1244 1273 1245
f 1244 1272 1273
f 1245 1274 1246
f 1245 1273 1274
f 1246 1275 1247
f 1246 1274 1275
f 1247 1276 1248
f 1247 1275 1276
f 1248 1277 1249
f 1248 1276 1277
f 1249 1278 1250
f 1249 1277 1278
f 1250 1279 1251
f 1250 1278 1279
f 1251 1280 1252
f 1251 1279 1280
f 1252 1281 1253
f 1252 1280 1281
f 1253 1282 1254
f 1253 1281 1282
f 1254 1283 1255
f 1254 1282 1283
f 1255 1284 1256
f 1255 1283 1284
f 1256 1285 1257
f 1256 1284 1285
f 1257 1286 1258
f 1257 1285 1286
f 1258 1287 1259
f 1258 1286 1287
f 1259 1288 1260
f 1259 1287 1288
f 1260 1261 1233
f 1260 1288 1261
f 1261 1290 1262
f 1261 1289 1290
f 1262 1291 1263
f 1262 1290 1291
f 1263 1292 1264
f 1263 1291 1292
f 1264 1293 1265
f 1264 1292 1293
f 1265 1294 1266
f 1265 1293 1294
f 1266 1295 1267
f 1266 1294 1295
f 1267 1296 1268
f 1267 1295 1296
f 1268 1297 1269
f 1268 1296 1297
f 1269 1298 1270
f 1269 1297 1298
f 1270 1299 1271
f 1270 1298 1299
f 1271 1300 1272
f 1271 1299 1300
f 1272 1301 1273
f 1272 1300 1301
f 1273 1302 1274
f 1273 1301 1302
f 1274 1303 1275
f 1274 1302 1303
f 1275 1304 1276
f 1275 1303 1304
f 1276 1305 1277
f 1276 1304 1305
f 1277 1306 1278
f 1277 1305 1306
f 1278 1307 1279
f 1278 1306 1307
f 1279 1308 1280
f 1279 1307 1308
f 1280 1309 1281
f 1280 1308 1309
f 1281 1310 1282
f 1281 1309 1310
f 1282 1311 1283
f 1282 1310 1311
f 1283 1312 1284
f 1283 1311 1312
f 1284 1313 1285
f 1284 1312 1313
f 1285 1314 1286
f 1285 1313 1314
f 1286 1315 1287
f 1286 1314 1315
f 1287 1316 1288
f 1287 1315 1316
f 1288 1289 1261
f 1288 1316 1289
f 1289 1318 1290
f 1289 1317 1318
f 1290 1319 1291
f 1290 1318 1319
f 1291 1320 1292
f 1291 1319 1320
f 1292 1321 1293
f 1292 1320 1321
f 1293 1322 1294
f 1293 1321 1322
f 1294 1323 1295
f 1294 1322 1323
f 1295 1324 1296
f 1295 1323 1324
f 1296 1325 1297
f 1296 1324 1325
f 1297 1326 1298
f 1297 1325 1326
f 1298 1327 1299
f 1298 1326 1327
f 1299 1328 1300
f 1299 1327 1328
f 1300 1329 1301
f 1300 1328 1329
f 1301 1330 1302
f 1301 1329 1330
f 1302 1331 1303
f 1302 1330 1331
f 1303 1332 1304
f 1303 1331 1332
f 1304 1333 1305
f 1304 1332 1333
f 1305 1334 1306
f 1305 1333 1334
f 1306 1335 1307
f 1306 1334 1335
f 1307 1336 1308
f 1307 1335 1336
f 1308 1337 1309
f 1308 1336 1337
f 1309 1338 1310
f 1309 1337 1338
f 1310 1339 1311
f 1310 1338 1339
f 1311 1340 1312
f 1311 1339 1340
f 1312 1341 1313
f 1312 1340 1341
f 1313 1342 1314
f 1313 1341 1342
f 1314 1343 1315
f 1314 1342 1343
f 1315 1344 1316
f 1315 1343 1344
f 1316 1317 1289
f 1316 1344 1317
f 1317 1346 1318
f 1317 1345 1346
f 1318 1347 1319
f 1318 1346 1347
f 1319 1348 1320
f 1319 1347 1348
f 1320 1349 1321
f 1320 1348 1349
f 1321 1350 1322
f 1321 1349 1350
f 1322 1351 1323
f 1322 1350 1351
f 1323 1352 1324
f 1323 1351 1352
f 1324 1353 1325
f 1324 1352 1353
f 1325 1354 1326
f 1325 1353 1354
f 1326 1355 1327
f 1326 1354 1355
f 1327 1356 1328
f 1327 1355 1356
f 1328 1357 1329
f 1328 1356 1357
f 1329 1358 1330
f 1329 1357 1358
f 1330 1359 1331
f 1330 1358 1359
f 1331 1360 1332
f 1331 1359 1360
f 1332 1361 1333
f 1332 1360 1361
f 1333 1362 1334
f 1333 1361 1362
f 1334 1363 1335
f 1334 1362 1363
f 1335 1364 1336
f 1335 1363 1364
f 1336 1365 1337
f 1336 1364 1365
f 1337 1366 1338
f 1337 1365 1366
f 1338 1367 1339
f 1338 1366 1367
f 1339 1368 1340
f 1339 1367 1368
f 1340 1369 1341
f 1340 1368 1369
f 1341 1370 1342
f 1341 1369 1370
f 1342 1371 1343
f 1342 1370 1371
f 1343 1372 1344
f 1343 1371 1372
f 1344 1345 1317
f 1344 1372 1345
f 1345 1374 1346
f 1345 1373 1374
f 1346 1375 1347
f 1346 1374 1375
f 1347 1376 1348
f 1347 1375 1376
f 1348 1377 1349
f 1348 1376 1377
f 1349 1378 1350
f 1349 1377 1378
f 1350 1379 1351
f 1350 1378 1379
f 1351 1380 1352
f 1351 1379 1380
f 1352 1381 1353
f 1352 1380 1381
f 1353 1382 1354
f 1353 1381 1382
f 1354 1383 1355
f 1354 1382 1383
f 1355 1384 1356
f 1355 1383 1384
f 1356 1385 1357
f 1356 1384 1385
f 1357 1386 1358
f 1357 1385 1386
f 1358 1387 1359
f 1358 1386 1387
f 1359 1388 1360
f 1359 1387 1388
f 1360 1389 1361
f 1360 1388 1389
f 1361 1390 1362
f 1361 1389 1390
f 1362 1391 1363
f 1362 1390 1391
f 1363 1392 1364
f 1363 1391 1392
f 1364 1393 1365
f 1364 1392 1393
f 1365 1394 1366
f 1365 1393 1394
f 1366 1395 1367
f 1366 1394 1395
f 1367 1396 1368
f 1367 1395 1396
f 1368 1397 1369
f 1368 1396 1397
f 1369 1398 1370
f 1369 1397 1398
f 1370 1399 1371
f 1370 1398 1399
f 1371 1400 1372
f 1371 1399 1400
f 1372 1373 1345
f 1372 1400 1373
f 1373 1402 1374
f 1373 1401 1402
f 1374 1403 1375
f 1374 1402 1403
f 1375 1404 1376
f 1375 1403 1404
f 1376 1405 1377
f 1376 1404 1405
f 1377 1406 1378
f 1377 1405 1406
f 1378 1407 1379
f 1378 1406 1407
f 1379 1408 1380
f 1379 1407 1408
f 1380 1409 1381
f 1380 1408 1409
f 1381 1410 1382
f 1381 1409 1410
f 1382 1411 1383
f 1382 1410 1411
f 1383 1412 1384
f 1383 1411 1412
f 1384 1413 1385
f 1384 1412 1413
f 1385 1414 1386
f 1385 1413 1414
f 1386 1415 1387
f 1386 1414 1415
f 1387 1416 1388
f 1387 1415 1416
f 1388 1417 1389
f 1388 1416 1417
f 1389 1418 1390
f 1389 1417 1418
f 1390 1419 1391
f 1390 1418 1419
f 1391 1420 1392
f 1391 1419 1420
f 1392 1421 1393
f 1392 1420 1421
f 1393 1422 1394
f 1393 1421 1422
f 1394 1423 1395
f 1394 1422 1423
f 1395 1424 1396
f 1395 1423 1424
f 1396 1425 1397
f 1396 1424 1425
f 1397 1426 1398
f 1397 1425 1426
f 1398 1427 1399
f 1398 1426 1427
f 1399 1428 1400
f 1399 1427 1428
f 1400 1401 1373
f 1400 1428 1401
f 1401 1430 1402
f 1401 1429 1430
f 1402 1431 1403
f 1402 1430 1431
f 1403 1432 1404
f 1403 1431 1432
f 1404 1433 1405
f 1404 1432 1433
f 1405 1434 1406
f 1405 1433 1434
f 1406 1435 1407
f 1406 1434 1435
f 1407 1436 1408
f 1407 1435 1436
f 1408 1437 1409
f 1408 1436 1437
f 1409 1438 1410
f 1409 1437 1438
f 1410 1439 1411
f 1410 1438 1439
f 1411 1440 1412
f 1411 1439 1440
f 1412 1441 1413
f 1412 1440 1441
f 1413 1442 1414
f 1413 1441 1442
f 1414 1443 1415
f 1414 1442 1443
f 1415 1444 1416
f 1415 1443 1444
f 1416 1445 1417
f 1416 1444 1445
f 1417 1446 1418
f 1417 1445 1446
f 1418 1447 1419
f 1418 1446 1447
f 1419 1448 1420
f 1419 1447 1448
f 1420 1449 1421
f 1420 1448 1449
f 1421 1450 1422
f 1421 1449 1450
f 1422 1451 1423
f 1422 1450 1451
f 1423 1452 1424
f 1423 1451 1452
f 1424 1453 1425
f 1424 1452 1453
f 1425 1454 1426
f 1425 1453 1454
f 1426 1455 1427
f 1426 1454 1455
f 1427 1456 1428
f 1427 1455 1456
f 1428 1429 1401
f 1428 1456 1429
f 1429 1458 1430
f 1429 1457 1458
f 1430 1459 1431
f 1430 1458 1459
f 1431 1460 1432
f 1431 1459 1460
f 1432 1461 1433
f 1432 1460 1461
f 1433 1462 1434
f 1433 1461 1462
f 1434 1463 1435
f 1434 1462 1463
f 1435 1464 1436
f 1435 1463 1464
f 1436 1465 1437
f 1436 1464 1465
f 1437 1466 1438
f 1437 1465 1466
f 1438 1467 1439
f 1438 1466 1467
f 1439 1468 1440
f 1439 1467 1468
f 1440 1469 1441
f 1440 1468 1469
f 1441 1470 1442
f 1441 1469 1470
f 1442 1471 1443
f 1442 1470 1471
f 1443 1472 1444
f 1443 1471 1472
f 1444 1473 1445
f 1444 1472 1473
f 1445 1474 1446
f 1445 1473 1474
f 1446 1475 1447
f 1446 1474 1475
f 1447 1476 1448
f 1447 1475 1476
f 1448 1477 1449
f 1448 1476 1477
f 1449 1478 1450
f 1449 1477 1478
f 1450 1479 1451
f 1450 1478 1479
f 1451 1480 1452
f 1451 1479 1480
f 1452 1481 1453
f 1452 1480 1481
f 1453 1482 1454
f 1453 1481 1482
f 1454 1483 1455
f 1454 1482 1483
f 1455 1484 1456
f 1455 1483 1484
f 1456 1457 1429
f 1456 1484 1457
f 1457 1486 1458
f 1457 1485 1486
f 1458 1487 1459
f 1458 1486 1487
f 1459 1488 1460
f 1459 1487 1488
f 1460 1489 1461
f 1460 1488 1489
f 1461 1490 1462
f 1461 1489 1490
f 1462 1491 1463
f 1462 1490 1491
f 1463 1492 1464
f 1463 1491 1492
f 1464 1493 1465
f 1464 1492 1493
f 1465 1494 1466
f 1465 1493 1494
f 1466 1495 1467
f 1466 1494 1495
f 1467 1496 1468
f 1467 1495 1496
f 1468 1497 1469
f 1468 1496 1497
f 1469 1498 1470
f 1469 1497 1498
f 1470 1499 1471
f 1470 1498 1499
f 1471 1500 1472
f 1471 1499 1500
f 1472 1501 1473
f 1472 1500 1501
f 1473 1502 1474
f 1473 1501 1502
f 1474 1503 1475
f 1474 1502 1503
f 1475 1504 1476
f 1475 1503 1504
f 1476 1505 1477
f 1476 1504 1505
f 1477 1506 1478
f 1477 1505 1506
f 1478 1507 1479
f 1478 1506 1507
f 1479 1508 1480
f 1479 1507 1508
f 1480 1509 1481
f 1480 1508 1509
f 1481 1510 1482
f 1481 1509 1510
f 1482 1511 1483
f 1482 1510 1511
f 1483 1512 1484
f 1483 1511 1512
f 1484 1485 1457
f 1484 1512 1485
f 1485 1514 1486
f 1485 1513 1514
f 1486 1515 1487
f 1486 1514 1515
f 1487 1516 1488
f 1487 1515 1516
f 1488 1517 1489
f 1488 1516 1517
f 1489 1518 1490
f 1489 1517 1518
f 1490 1519 1491
f 1490 1518 1519
f 1491 1520 1492
f 1491 1519 1520
f 1492 1521 1493
f 1492 1520 1521
f 1493 1522 1494
f 1493 1521 1522
f 1494 1523 1495
f 1494 1522 1523
f 1495 1524 1496
f 1495 1523 1524
f 1496 1525 1497
f 1496 1524 1525
f 1497 1526 1498
f 1497 1525 1526
f 1498 1527 1499
f 1498 1526 1527
f 1499 1528 1500
f 1499 1527 1528
f 1500 1529 1501
f 1500 1528 1529
f 1501 1530 1502
f 1501 1529 1530
f 1502 1531 1503
f 1502 1530 1531
f 1503 1532 1504
f 1503 1531 1532
f 1504 1533 1505
f 1504 1532 1533
f 1505 1534 1506
f 1505 1533 1534
f 1506 1535 1507
f 1506 1534 1535
f 1507 1536 1508
f 1507 1535 1536
f 1508 1537 1509
f 1508 1536 1537
f 1509 1538 1510
f 1509 1537 1538
f 1510 1539 1511
f 1510 1538 1539
f 1511 1540 1512
f 1511 1539 1540
f 1512 1513 1485
f 1512 1540 1513
f 1513 1542 1514
f 1513 1541 1542
f 1514 1543 1515
f 1514 1542 1543
f 1515 1544 1516
f 1515 1543 1544
f 1516 1545 1517
f 1516 1544 1545
f 1517 1546 1518
f 1517 1545 1546
f 1518 1547 1519
f 1518 1546 1547
f 1519 1548 1520
f 1519 1547 1548
f 1520 1549 1521
f 1520 1548 1549
f 1521 1550 1522
f 1521 1549 1550
f 1522 1551 1523
f 1522 1550 1551
f 1523 1552 1524
f 1523 1551 1552
f 1524 1553 1525
f 1524 1552 1553
f 1525 1554 1526
f 1525 1553 1554
f 1526 1555 1527
f 1526 1554 1555
f 1527 1556 1528
f 1527 1555 1556
f 1528 1557 1529
f 1528 1556 1557
f 1529 1558 1530
f 1529 1557 1558
f 1530 1559 1531
f 1530 1558 1559
f 1531 1560 1532
f 1531 1559 1560
f 1532 1561 1533
f 1532 1560 1561
f 1533 1562 1534
f 1533 1561 1562
f 1534 1563 1535
f 1534 1562 1563
f 1535 1564 1536
f 1535 1563 1564
f 1536 1565 1537
f 1536 1564 1565
f 1537 1566 1538
f 1537 1565 1566
f 1538 1567 1539
f 1538 1566 1567
f 1539 1568 1540
f 1539 1567 1568
f 1540 1541 1513
f 1540 1568 1541
f 1541 1570 1542
f 1541 1569 1570
f 1542 1571 1543
f 1542 1570 1571
f 1543 1572 1544
f 1543 1571 1572
f 1544 1573 1545
f 1544 1572 1573
f 1545 1574 1546
f 1545 1573 1574
f 1546 1575 1547
f 1546 1574 1575
f 1547 1576 1548
f 1547 1575 1576
f 1548 1577 1549
f 1548 1576 1577
f 1549 1578 1550
f 1549 1577 1578
f 1550 1579 1551
f 1550 1578 1579
f 1551 1580 1552
f 1551 1579 1580
f 1552 1581 1553
f 1552 1580 1581
f 1553 1582 1554
f 1553 1581 1582
f 1554 1583 1555
f 1554 1582 1583
f 1555 1584 1556
f 1555 1583 1584
f 1556 1585 1557
f 1556 1584 1585
f 1557 1586 1558
f 1557 1585 1586
f 1558 1587 1559
f 1558 1586 1587
f 1559 1588 1560
f 1559 1587 1588
f 1560 1589 1561
f 1560 1588 1589
f 1561 1590 1562
f 1561 1589 1590
f 1562 1591 1563
f 1562 1590 1591
f 1563 1592 1564
f 1563 1591 1592
f 1564 1593 1565
f 1564 1592 1593
f 1565 1594 1566
f 1565 1593 1594
f 1566 1595 1567
f 1566 1594 1595
f 1567 1596 1568
f 1567 1595 1596
f 1568 1569 1541
f 1568 1596 1569
f 1569 1598 1570
f 1569 1597 1598
f 1570 1599 1571
f 1570 1598 1599
f 1571 1600 1572
f 1571 1599 1600
f 1572 1601 1573
f 1572 1600 1601
f 1573 1602 1574
f 1573 1601 1602
f 1574 1603 1575
f 1574 1602 1603
f 1575 1604 1576
f 1575 1603 1604
f 1576 1605 1577
f 1576 1604 1605
f 1577 1606 1578
f 1577 1605 1606
f 1578 1607 1579
f 1578 1606 1607
f 1579 1608 1580
f 1579 1607 1608
f 1580 1609 1581
f 1580 1608 1609
f 1581 1610 1582
f 1581 1609 1610
f 1582 1611 1583
f 1582 1610 1611
f 1583 1612 1584
f 1583 1611 1612
f 1584 1613 1585
f 1584 1612 1613
f 1585 1614 1586
f 1585 1613 1614
f 1586 1615 1587
f 1586 1614 1615
f 1587 1616 1588
f 1587 1615 1616
f 1588 1617 1589
f 1588 1616 1617
f 1589 1618 1590
f 1589 1617 1618
f 1590 1619 1591
f 1590 1618 1619
f 1591 1620 1592
f 1591 1619 1620
f 1592 1621 1593
f 1592 1620 1621
f 1593 1622 1594
f 1593 1621 1622
f 1594 1623 1595
f 1594 1622 1623
f 1595 1624 1596
f 1595 1623 1624
f 1596 1597 1569
f 1596 1624 1597
f 1597 1626 1598
f 1597 1625 1626
f 1598 1627 1599
f 1598 1626 1627
f 1599 1628 1600
f 1599 1627 1628
f 1600 1629 1601
f 1600 1628 1629
f 1601 1630 1602
f 1601 1629 1630
f 1602 1631 1603
f 1602 1630 1631
f 1603 1632 1604
f 1603 1631 1632
f 1604 1633 1605
f 1604 1632 1633
f 1605 1634 1606
f 1605 1633 1634
f 1606 1635 1607
f 1606 1634 1635
f 1607 1636 1608
f 1607 1635 1636
f 1608 1637 1609
f 1608 1636 1637
f 1609 1638 1610
f 1609 1637 1638
f 1610 1639 1611
f 1610 1638 1639
f 1611 1640 1612
f 1611 1639 1640
f 1612 1641 1613
f 1612 1640 1641
f 1613 1642 1614
f 1613 1641 1642
f 1614 1643 1615
f 1614 1642 1643
f 1615 1644 1616
f 1615 1643 1644
f 1616 1645 1617
f 1616 1644 1645
f 1617 1646 1618
f 1617 1645 1646
f 1618 1647 1619
f 1618 1646 1647
f 1619 1648 1620
f 1619 1647 1648
f 1620 1649 1621
f 1620 1648 1649
f 1621 1650 1622
f 1621 1649 1650
f 1622 1651 1623
f 1622 1650 1651
f 1623 1652 1624
f 1623 1651 1652
f 1624 1625 1597
f 1624 1652 1625

o FuzzyCuff_L
v 0.20500000 0.05392000 0.93893750 0.10196078 0.10196078 0.10196078
v 0.20500000 0.05266840 0.95317884 0.08627451 0.08627451 0.08627451
v 0.20500000 0.04897637 0.96670606 0.09019608 0.09019608 0.09019608
v 0.20500000 0.04302903 0.97884085 0.10196078 0.10196078 0.10196078
v 0.20500000 0.03512461 0.98897471 0.09411765 0.09411765 0.09411765
v 0.20500000 0.02565948 0.99659951 0.09019608 0.09019608 0.09019608
v 0.20500000 0.01510825 1.00133289 0.10196078 0.10196078 0.10196078
v 0.20500000 0.00400000 1.00293750 0.09411765 0.09411765 0.09411765
v 0.20500000 -0.00710825 1.00133289 0.09411765 0.09411765 0.09411765
v 0.20500000 -0.01765948 0.99659951 0.10588235 0.10588235 0.10588235
v 0.20500000 -0.02712461 0.98897471 0.09019608 0.09019608 0.09019608
v 0.20500000 -0.03502903 0.97884085 0.09019608 0.09019608 0.09019608
v 0.20500000 -0.04097637 0.96670606 0.10588235 0.10588235 0.10588235
v 0.20500000 -0.04466840 0.95317884 0.09803922 0.09803922 0.09803922
v 0.20500000 -0.04592000 0.93893750 0.09019608 0.09019608 0.09019608
v 0.20500000 -0.04466840 0.92469616 0.10588235 0.10588235 0.10588235
v 0.20500000 -0.04097637 0.91116894 0.10196078 0.10196078 0.10196078
v 0.20500000 -0.03502903 0.89903415 0.09411765 0.09411765 0.09411765
v 0.20500000 -0.02712461 0.88890029 0.10196078 0.10196078 0.10196078
v 0.20500000 -0.01765948 0.88127549 0.10196078 0.10196078 0.10196078
v 0.20500000 -0.00710825 0.87654211 0.09019608 0.09019608 0.09019608
v 0.20500000 0.00400000 0.87493750 0.09803922 0.09803922 0.09803922
v 0.20500000 0.01510825 0.87654211 0.09803922 0.09803922 0.09803922
v 0.20500000 0.02565948 0.88127549 0.08627451 0.08627451 0.08627451
v 0.20500000 0.03512461 0.88890029 0.10196078 0.10196078 0.10196078
v 0.20500000 0.04302903 0.89903415 0.10196078 0.10196078 0.10196078
v 0.20500000 0.04897637 0.91116894 0.08627451 0.08627451 0.08627451
v 0.20500000 0.05266840 0.92469616 0.09803922 0.09803922 0.09803922
v 0.21550000 0.05470000 0.93860937 0.09803922 0.09803922 0.09803922
v 0.21550000 0.05342885 0.95307324 0.09803922 0.09803922 0.09803922
v 0.21550000 0.04967912 0.96681182 0.09411765 0.09411765 0.09411765
v 0.21550000 0.04363886 0.97913621 0.09803922 0.09803922 0.09803922
v 0.21550000 0.03561093 0.98942842 0.10196078 0.10196078 0.10196078
v 0.21550000 0.02599791 0.99717235 0.09803922 0.09803922 0.09803922
v 0.21550000 0.01528181 1.00197969 0.09803922 0.09803922 0.09803922
v 0.21550000 0.00400000 1.00360937 0.10196078 0.10196078 0.10196078
v 0.21550000 -0.00728181 1.00197969 0.09411765 0.09411765 0.09411765
v 0.21550000 -0.01799791 0.99717235 0.09803922 0.09803922 0.09803922
v 0.21550000 -0.02761093 0.98942842 0.10588235 0.10588235 0.10588235
v 0.21550000 -0.03563886 0.97913621 0.09803922 0.09803922 0.09803922
v 0.21550000 -0.04167912 0.96681182 0.09411765 0.09411765 0.09411765
v 0.21550000 -0.04542885 0.95307324 0.10196078 0.10196078 0.10196078
v 0.21550000 -0.04670000 0.93860937 0.09803922 0.09803922 0.09803922
v 0.21550000 -0.04542885 0.92414551 0.09411765 0.09411765 0.09411765
v 0.21550000 -0.04167912 0.91040693 0.10196078 0.10196078 0.10196078
v 0.21550000 -0.03563886 0.89808254 0.09803922 0.09803922 0.09803922
v 0.21550000 -0.02761093 0.88779033 0.09411765 0.09411765 0.09411765
v 0.21550000 -0.01799791 0.88004640 0.09803922 0.09803922 0.09803922
v 0.21550000 -0.00728181 0.87523906 0.09803922 0.09803922 0.09803922
v 0.21550000 0.00400000 0.87360938 0.09019608 0.09019608 0.09019608
v 0.21550000 0.01528181 0.87523906 0.09803922 0.09803922 0.09803922
v 0.21550000 0.02599791 0.88004640 0.09411765 0.09411765 0.09411765
v 0.21550000 0.03561093 0.88779033 0.08627451 0.08627451 0.08627451
v 0.21550000 0.04363886 0.89808254 0.09019608 0.09019608 0.09019608
v 0.21550000 0.04967912 0.91040693 0.09803922 0.09803922 0.09803922
v 0.21550000 0.05342885 0.92414551 0.09411765 0.09411765 0.09411765
v 0.22600000 0.05548000 0.93828125 0.09803922 0.09803922 0.09803922
v 0.22600000 0.05418929 0.95296763 0.09019608 0.09019608 0.09019608
v 0.22600000 0.05038188 0.96691758 0.09803922 0.09803922 0.09803922
v 0.22600000 0.04424868 0.97943158 0.09803922 0.09803922 0.09803922
v 0.22600000 0.03609725 0.98988213 0.09411765 0.09411765 0.09411765
v 0.22600000 0.02633633 0.99774520 0.09803922 0.09803922 0.09803922
v 0.22600000 0.01545538 1.00262649 0.09803922 0.09803922 0.09803922
v 0.22600000 0.00400000 1.00428125 0.09019608 0.09019608 0.09019608
v 0.22600000 -0.00745538 1.00262649 0.09803922 0.09803922 0.09803922
v 0.22600000 -0.01833633 0.99774520 0.09411765 0.09411765 0.09411765
v 0.22600000 -0.02809725 0.98988213 0.09019608 0.09019608 0.09019608
v 0.22600000 -0.03624868 0.97943158 0.09411765 0.09411765 0.09411765
v 0.22600000 -0.04238188 0.96691758 0.09803922 0.09803922 0.09803922
v 0.22600000 -0.04618929 0.95296763 0.09019608 0.09019608 0.09019608
v 0.22600000 -0.04748000 0.93828125 0.09803922 0.09803922 0.09803922
v 0.22600000 -0.04618929 0.92359487 0.09803922 0.09803922 0.09803922
v 0.22600000 -0.04238188 0.90964492 0.09019608 0.09019608 0.09019608
v 0.22600000 -0.03624868 0.89713092 0.09411765 0.09411765 0.09411765
v 0.22600000 -0.02809725 0.88668037 0.09803922 0.09803922 0.09803922
v 0.22600000 -0.01833633 0.87881730 0.09803922 0.09803922 0.09803922
v 0.22600000 -0.00745538 0.87393601 0.09803922 0.09803922 0.09803922
v 0.22600000 0.00400000 0.87228125 0.10196078 0.10196078 0.10196078
v 0.22600000 0.01545538 0.87393601 0.09411765 0.09411765 0.09411765
v 0.22600000 0.02633633 0.87881730 0.10196078 0.10196078 0.10196078
v 0.22600000 0.03609725 0.88668037 0.10196078 0.10196078 0.10196078
v 0.22600000 0.04424868 0.89713092 0.09803922 0.09803922 0.09803922
v 0.22600000 0.05038188 0.90964492 0.09411765 0.09411765 0.09411765
v 0.22600000 0.05418929 0.92359487 0.09803922 0.09803922 0.09803922
v 0.23650000 0.05626000 0.93795312 0.09411765 0.09411765 0.09411765
v 0.23650000 0.05494973 0.95286203 0.10196078 0.10196078 0.10196078
v 0.23650000 0.05108463 0.96702334 0.09019608 0.09019608 0.09019608
v 0.23650000 0.04485851 0.97972694 0.09411765 0.09411765 0.09411765
v 0.23650000 0.03658358 0.99033583 0.09803922 0.09803922 0.09803922
v 0.23650000 0.02667476 0.99831804 0.09803922 0.09803922 0.09803922
v 0.23650000 0.01562894 1.00327330 0.09803922 0.09803922 0.09803922
v 0.23650000 0.00400000 1.00495312 0.10196078 0.10196078 0.10196078
v 0.23650000 -0.00762894 1.00327330 0.09803922 0.09803922 0.09803922
v 0.23650000 -0.01867476 0.99831804 0.10196078 0.10196078 0.10196078
v 0.23650000 -0.02858358 0.99033583 0.10196078 0.10196078 0.10196078
v 0.23650000 -0.03685851 0.97972694 0.09803922 0.09803922 0.09803922
v 0.23650000 -0.04308463 0.96702334 0.09411765 0.09411765 0.09411765
v 0.23650000 -0.04694973 0.95286203 0.10196078 0.10196078 0.10196078
v 0.23650000 -0.04826000 0.93795312 0.09411765 0.09411765 0.09411765
v 0.23650000 -0.04694973 0.92304422 0.09411765 0.09411765 0.09411765
v 0.23650000 -0.04308463 0.90888291 0.10196078 0.10196078 0.10196078
v 0.23650000 -0.03685851 0.89617931 0.09411765 0.09411765 0.09411765
v 0.23650000 -0.02858358 0.88557042 0.09411765 0.09411765 0.09411765
v 0.23650000 -0.01867476 0.87758821 0.09411765 0.09411765 0.09411765
v 0.23650000 -0.00762894 0.87263295 0.09411765 0.09411765 0.09411765
v 0.23650000 0.00400000 0.87095312 0.09019608 0.09019608 0.09019608
v 0.23650000 0.01562894 0.87263295 0.09411765 0.09411765 0.09411765
v 0.23650000 0.02667476 0.87758821 0.08627451 0.08627451 0.08627451
v 0.23650000 0.03658358 0.88557042 0.09411765 0.09411765 0.09411765
v 0.23650000 0.04485851 0.89617931 0.09803922 0.09803922 0.09803922
v 0.23650000 0.05108463 0.90888291 0.09803922 0.09803922 0.09803922
v 0.23650000 0.05494973 0.92304422 0.09411765 0.09411765 0.09411765
v 0.24700000 0.05704000 0.93762500 0.09411765 0.09411765 0.09411765
v 0.24700000 0.05571018 0.95275642 0.09411765 0.09411765 0.09411765
v 0.24700000 0.05178739 0.96712909 0.10588235 0.10588235 0.10588235
v 0.24700000 0.04546834 0.98002231 0.08235294 0.08235294 0.08235294
v 0.24700000 0.03706990 0.99078954 0.07843137 0.07843137 0.07843137
v 0.24700000 0.02701319 0.99889088 0.09411765 0.09411765 0.09411765
v 0.24700000 0.01580251 1.00392010 0.09411765 0.09411765 0.09411765
v 0.24700000 0.00400000 1.00562500 0.09019608 0.09019608 0.09019608
v 0.24700000 -0.00780251 1.00392010 0.09411765 0.09411765 0.09411765
v 0.24700000 -0.01901319 0.99889088 0.09019608 0.09019608 0.09019608
v 0.24700000 -0.02906990 0.99078954 0.10980392 0.10980392 0.10980392
v 0.24700000 -0.03746834 0.98002231 0.10980392 0.10980392 0.10980392
v 0.24700000 -0.04378739 0.96712909 0.09803922 0.09803922 0.09803922
v 0.24700000 -0.04771018 0.95275642 0.08627451 0.08627451 0.08627451
v 0.24700000 -0.04904000 0.93762500 0.10196078 0.10196078 0.10196078
v 0.24700000 -0.04771018 0.92249358 0.09019608 0.09019608 0.09019608
v 0.24700000 -0.04378739 0.90812091 0.09803922 0.09803922 0.09803922
v 0.24700000 -0.03746834 0.89522769 0.10980392 0.10980392 0.10980392
v 0.24700000 -0.02906990 0.88446046 0.10980392 0.10980392 0.10980392
v 0.24700000 -0.01901319 0.87635912 0.10588235 0.10588235 0.10588235
v 0.24700000 -0.00780251 0.87132990 0.09411765 0.09411765 0.09411765
v 0.24700000 0.00400000 0.86962500 0.09803922 0.09803922 0.09803922
v 0.24700000 0.01580251 0.87132990 0.10196078 0.10196078 0.10196078
v 0.24700000 0.02701319 0.87635912 0.09803922 0.09803922 0.09803922
v 0.24700000 0.03706990 0.88446046 0.07843137 0.07843137 0.07843137
v 0.24700000 0.04546834 0.89522769 0.07843137 0.07843137 0.07843137
v 0.24700000 0.05178739 0.90812091 0.08627451 0.08627451 0.08627451
v 0.24700000 0.05571018 0.92249358 0.10196078 0.10196078 0.10196078
f 1653 1654 1682
f 1653 1682 1681
f 1654 1655 1683
f 1654 1683 1682
f 1655 1656 1684
f 1655 1684 1683
f 1656 1657 1685
f 1656 1685 1684
f 1657 1658 1686
f 1657 1686 1685
f 1658 1659 1687
f 1658 1687 1686
f 1659 1660 1688
f 1659 1688 1687
f 1660 1661 1689
f 1660 1689 1688
f 1661 1662 1690
f 1661 1690 1689
f 1662 1663 1691
f 1662 1691 1690
f 1663 1664 1692
f 1663 1692 1691
f 1664 1665 1693
f 1664 1693 1692
f 1665 1666 1694
f 1665 1694 1693
f 1666 1667 1695
f 1666 1695 1694
f 1667 1668 1696
f 1667 1696 1695
f 1668 1669 1697
f 1668 1697 1696
f 1669 1670 1698
f 1669 1698 1697
f 1670 1671 1699
f 1670 1699 1698
f 1671 1672 1700
f 1671 1700 1699
f 1672 1673 1701
f 1672 1701 1700
f 1673 1674 1702
f 1673 1702 1701
f 1674 1675 1703
f 1674 1703 1702
f 1675 1676 1704
f 1675 1704 1703
f 1676 1677 1705
f 1676 1705 1704
f 1677 1678 1706
f 1677 1706 1705
f 1678 1679 1707
f 1678 1707 1706
f 1679 1680 1708
f 1679 1708 1707
f 1680 1653 1681
f 1680 1681 1708
f 1681 1682 1710
f 1681 1710 1709
f 1682 1683 1711
f 1682 1711 1710
f 1683 1684 1712
f 1683 1712 1711
f 1684 1685 1713
f 1684 1713 1712
f 1685 1686 1714
f 1685 1714 1713
f 1686 1687 1715
f 1686 1715 1714
f 1687 1688 1716
f 1687 1716 1715
f 1688 1689 1717
f 1688 1717 1716
f 1689 1690 1718
f 1689 1718 1717
f 1690 1691 1719
f 1690 1719 1718
f 1691 1692 1720
f 1691 1720 1719
f 1692 1693 1721
f 1692 1721 1720
f 1693 1694 1722
f 1693 1722 1721
f 1694 1695 1723
f 1694 1723 1722
f 1695 1696 1724
f 1695 1724 1723
f 1696 1697 1725
f 1696 1725 1724
f 1697 1698 1726
f 1697 1726 1725
f 1698 1699 1727
f 1698 1727 1726
f 1699 1700 1728
f 1699 1728 1727
f 1700 1701 1729
f 1700 1729 1728
f 1701 1702 1730
f 1701 1730 1729
f 1702 1703 1731
f 1702 1731 1730
f 1703 1704 1732
f 1703 1732 1731
f 1704 1705 1733
f 1704 1733 1732
f 1705 1706 1734
f 1705 1734 1733
f 1706 1707 1735
f 1706 1735 1734
f 1707 1708 1736
f 1707 1736 1735
f 1708 1681 1709
f 1708 1709 1736
f 1709 1710 1738
f 1709 1738 1737
f 1710 1711 1739
f 1710 1739 1738
f 1711 1712 1740
f 1711 1740 1739
f 1712 1713 1741
f 1712 1741 1740
f 1713 1714 1742
f 1713 1742 1741
f 1714 1715 1743
f 1714 1743 1742
f 1715 1716 1744
f 1715 1744 1743
f 1716 1717 1745
f 1716 1745 1744
f 1717 1718 1746
f 1717 1746 1745
f 1718 1719 1747
f 1718 1747 1746
f 1719 1720 1748
f 1719 1748 1747
f 1720 1721 1749
f 1720 1749 1748
f 1721 1722 1750
f 1721 1750 1749
f 1722 1723 1751
f 1722 1751 1750
f 1723 1724 1752
f 1723 1752 1751
f 1724 1725 1753
f 1724 1753 1752
f 1725 1726 1754
f 1725 1754 1753
f 1726 1727 1755
f 1726 1755 1754
f 1727 1728 1756
f 1727 1756 1755
f 1728 1729 1757
f 1728 1757 1756
f 1729 1730 1758
f 1729 1758 1757
f 1730 1731 1759
f 1730 1759 1758
f 1731 1732 1760
f 1731 1760 1759
f 1732 1733 1761
f 1732 1761 1760
f 1733 1734 1762
f 1733 1762 1761
f 1734 1735 1763
f 1734 1763 1762
f 1735 1736 1764
f 1735 1764 1763
f 1736 1709 1737
f 1736 1737 1764
f 1737 1738 1766
f 1737 1766 1765
f 1738 1739 1767
f 1738 1767 1766
f 1739 1740 1768
f 1739 1768 1767
f 1740 1741 1769
f 1740 1769 1768
f 1741 1742 1770
f 1741 1770 1769
f 1742 1743 1771
f 1742 1771 1770
f 1743 1744 1772
f 1743 1772 1771
f 1744 1745 1773
f 1744 1773 1772
f 1745 1746 1774
f 1745 1774 1773
f 1746 1747 1775
f 1746 1775 1774
f 1747 1748 1776
f 1747 1776 1775
f 1748 1749 1777
f 1748 1777 1776
f 1749 1750 1778
f 1749 1778 1777
f 1750 1751 1779
f 1750 1779 1778
f 1751 1752 1780
f 1751 1780 1779
f 1752 1753 1781
f 1752 1781 1780
f 1753 1754 1782
f 1753 1782 1781
f 1754 1755 1783
f 1754 1783 1782
f 1755 1756 1784
f 1755 1784 1783
f 1756 1757 1785
f 1756 1785 1784
f 1757 1758 1786
f 1757 1786 1785
f 1758 1759 1787
f 1758 1787 1786
f 1759 1760 1788
f 1759 1788 1787
f 1760 1761 1789
f 1760 1789 1788
f 1761 1762 1790
f 1761 1790 1789
f 1762 1763 1791
f 1762 1791 1790
f 1763 1764 1792
f 1763 1792 1791
f 1764 1737 1765
f 1764 1765 1792

o FuzzyCuff_R
v -0.20500000 0.05392000 0.93893750 0.09019608 0.09019608 0.09019608
v -0.20500000 0.05266840 0.95317884 0.09411765 0.09411765 0.09411765
v -0.20500000 0.04897637 0.96670606 0.10980392 0.10980392 0.10980392
v -0.20500000 0.04302903 0.97884085 0.11372549 0.11372549 0.11372549
v -0.20500000 0.03512461 0.98897471 0.10980392 0.10980392 0.10980392
v -0.20500000 0.02565948 0.99659951 0.09411765 0.09411765 0.09411765
v -0.20500000 0.01510825 1.00133289 0.09019608 0.09019608 0.09019608
v -0.20500000 0.00400000 1.00293750 0.09019608 0.09019608 0.09019608
v -0.20500000 -0.00710825 1.00133289 0.09803922 0.09803922 0.09803922
v -0.20500000 -0.01765948 0.99659951 0.09019608 0.09019608 0.09019608
v -0.20500000 -0.02712461 0.98897471 0.08235294 0.08235294 0.08235294
v -0.20500000 -0.03502903 0.97884085 0.08235294 0.08235294 0.08235294
v -0.20500000 -0.04097637 0.96670606 0.08627451 0.08627451 0.08627451
v -0.20500000 -0.04466840 0.95317884 0.10588235 0.10588235 0.10588235
v -0.20500000 -0.04592000 0.93893750 0.09019608 0.09019608 0.09019608
v -0.20500000 -0.04466840 0.92469616 0.09019608 0.09019608 0.09019608
v -0.20500000 -0.04097637 0.91116894 0.10588235 0.10588235 0.10588235
v -0.20500000 -0.03502903 0.89903415 0.11372549 0.11372549 0.11372549
v -0.20500000 -0.02712461 0.88890029 0.10980392 0.10980392 0.10980392
v -0.20500000 -0.01765948 0.88127549 0.09019608 0.09019608 0.09019608
v -0.20500000 -0.00710825 0.87654211 0.09411765 0.09411765 0.09411765
v -0.20500000 0.00400000 0.87493750 0.09019608 0.09019608 0.09019608
v -0.20500000 0.01510825 0.87654211 0.09803922 0.09803922 0.09803922
v -0.20500000 0.02565948 0.88127549 0.09411765 0.09411765 0.09411765
v -0.20500000 0.03512461 0.88890029 0.07843137 0.07843137 0.07843137
v -0.20500000 0.04302903 0.89903415 0.07843137 0.07843137 0.07843137
v -0.20500000 0.04897637 0.91116894 0.09019608 0.09019608 0.09019608
v -0.20500000 0.05266840 0.92469616 0.10588235 0.10588235 0.10588235
v -0.21550000 0.05470000 0.93860937 0.10196078 0.10196078 0.10196078
v -0.21550000 0.05342885 0.95307324 0.09411765 0.09411765 0.09411765
v -0.21550000 0.04967912 0.96681182 0.09411765 0.09411765 0.09411765
v -0.21550000 0.04363886 0.97913621 0.09803922 0.09803922 0.09803922
v -0.21550000 0.03561093 0.98942842 0.09411765 0.09411765 0.09411765
v -0.21550000 0.02599791 0.99717235 0.10196078 0.10196078 0.10196078
v -0.21550000 0.01528181 1.00197969 0.09803922 0.09803922 0.09803922
v -0.21550000 0.00400000 1.00360937 0.10196078 0.10196078 0.10196078
v -0.21550000 -0.00728181 1.00197969 0.09803922 0.09803922 0.09803922
v -0.21550000 -0.01799791 0.99717235 0.10196078 0.10196078 0.10196078
v -0.21550000 -0.02761093 0.98942842 0.09411765 0.09411765 0.09411765
v -0.21550000 -0.03563886 0.97913621 0.09411765 0.09411765 0.09411765
v -0.21550000 -0.04167912 0.96681182 0.09411765 0.09411765 0.09411765
v -0.21550000 -0.04542885 0.95307324 0.09411765 0.09411765 0.09411765
v -0.21550000 -0.04670000 0.93860937 0.10196078 0.10196078 0.10196078
v -0.21550000 -0.04542885 0.92414551 0.09019608 0.09019608 0.09019608
v -0.21550000 -0.04167912 0.91040693 0.09411765 0.09411765 0.09411765
v -0.21550000 -0.03563886 0.89808254 0.09803922 0.09803922 0.09803922
v -0.21550000 -0.02761093 0.88779033 0.09803922 0.09803922 0.09803922
v -0.21550000 -0.01799791 0.88004640 0.09803922 0.09803922 0.09803922
v -0.21550000 -0.00728181 0.87523906 0.10196078 0.10196078 0.10196078
v -0.21550000 0.00400000 0.87360938 0.10196078 0.10196078 0.10196078
v -0.21550000 0.01528181 0.87523906 0.09803922 0.09803922 0.09803922
v -0.21550000 0.02599791 0.88004640 0.10588235 0.10588235 0.10588235
v -0.21550000 0.03561093 0.88779033 0.09411765 0.09411765 0.09411765
v -0.21550000 0.04363886 0.89808254 0.09411765 0.09411765 0.09411765
v -0.21550000 0.04967912 0.91040693 0.09411765 0.09411765 0.09411765
v -0.21550000 0.05342885 0.92414551 0.09411765 0.09411765 0.09411765
v -0.22600000 0.05548000 0.93828125 0.09019608 0.09019608 0.09019608
v -0.22600000 0.05418929 0.95296763 0.10196078 0.10196078 0.10196078
v -0.22600000 0.05038188 0.96691758 0.09803922 0.09803922 0.09803922
v -0.22600000 0.04424868 0.97943158 0.09411765 0.09411765 0.09411765
v -0.22600000 0.03609725 0.98988213 0.09803922 0.09803922 0.09803922
v -0.22600000 0.02633633 0.99774520 0.09411765 0.09411765 0.09411765
v -0.22600000 0.01545538 1.00262649 0.09411765 0.09411765 0.09411765
v -0.22600000 0.00400000 1.00428125 0.09411765 0.09411765 0.09411765
v -0.22600000 -0.00745538 1.00262649 0.09411765 0.09411765 0.09411765
v -0.22600000 -0.01833633 0.99774520 0.09019608 0.09019608 0.09019608
v -0.22600000 -0.02809725 0.98988213 0.10196078 0.10196078 0.10196078
v -0.22600000 -0.03624868 0.97943158 0.09803922 0.09803922 0.09803922
v -0.22600000 -0.04238188 0.96691758 0.09803922 0.09803922 0.09803922
v -0.22600000 -0.04618929 0.95296763 0.10196078 0.10196078 0.10196078
v -0.22600000 -0.04748000 0.93828125 0.09019608 0.09019608 0.09019608
v -0.22600000 -0.04618929 0.92359487 0.10196078 0.10196078 0.10196078
v -0.22600000 -0.04238188 0.90964492 0.09803922 0.09803922 0.09803922
v -0.22600000 -0.03624868 0.89713092 0.09411765 0.09411765 0.09411765
v -0.22600000 -0.02809725 0.88668037 0.09411765 0.09411765 0.09411765
v -0.22600000 -0.01833633 0.87881730 0.09411765 0.09411765 0.09411765
v -0.22600000 -0.00745538 0.87393601 0.09411765 0.09411765 0.09411765
v -0.22600000 0.00400000 0.87228125 0.09411765 0.09411765 0.09411765
v -0.22600000 0.01545538 0.87393601 0.09411765 0.09411765 0.09411765
v -0.22600000 0.02633633 0.87881730 0.09019608 0.09019608 0.09019608
v -0.22600000 0.03609725 0.88668037 0.10588235 0.10588235 0.10588235
v -0.22600000 0.04424868 0.89713092 0.10196078 0.10196078 0.10196078
v -0.22600000 0.05038188 0.90964492 0.09803922 0.09803922 0.09803922
v -0.22600000 0.05418929 0.92359487 0.09803922 0.09803922 0.09803922
v -0.23650000 0.05626000 0.93795312 0.10196078 0.10196078 0.10196078
v -0.23650000 0.05494973 0.95286203 0.09411765 0.09411765 0.09411765
v -0.23650000 0.05108463 0.96702334 0.09411765 0.09411765 0.09411765
v -0.23650000 0.04485851 0.97972694 0.09803922 0.09803922 0.09803922
v -0.23650000 0.03658358 0.99033583 0.09411765 0.09411765 0.09411765
v -0.23650000 0.02667476 0.99831804 0.10196078 0.10196078 0.10196078
v -0.23650000 0.01562894 1.00327330 0.09803922 0.09803922 0.09803922
v -0.23650000 0.00400000 1.00495312 0.09803922 0.09803922 0.09803922
v -0.23650000 -0.00762894 1.00327330 0.09803922 0.09803922 0.09803922
v -0.23650000 -0.01867476 0.99831804 0.10196078 0.10196078 0.10196078
v -0.23650000 -0.02858358 0.99033583 0.09019608 0.09019608 0.09019608
v -0.23650000 -0.03685851 0.97972694 0.09411765 0.09411765 0.09411765
v -0.23650000 -0.04308463 0.96702334 0.09411765 0.09411765 0.09411765
v -0.23650000 -0.04694973 0.95286203 0.09411765 0.09411765 0.09411765
v -0.23650000 -0.04826000 0.93795312 0.10196078 0.10196078 0.10196078
v -0.23650000 -0.04694973 0.92304422 0.09019608 0.09019608 0.09019608
v -0.23650000 -0.04308463 0.90888291 0.09803922 0.09803922 0.09803922
v -0.23650000 -0.03685851 0.89617931 0.09803922 0.09803922 0.09803922
v -0.23650000 -0.02858358 0.88557042 0.09411765 0.09411765 0.09411765
v -0.23650000 -0.01867476 0.87758821 0.09803922 0.09803922 0.09803922
v -0.23650000 -0.00762894 0.87263295 0.09803922 0.09803922 0.09803922
v -0.23650000 0.00400000 0.87095312 0.09019608 0.09019608 0.09019608
v -0.23650000 0.01562894 0.87263295 0.09803922 0.09803922 0.09803922
v -0.23650000 0.02667476 0.87758821 0.09803922 0.09803922 0.09803922
v -0.23650000 0.03658358 0.88557042 0.08627451 0.08627451 0.08627451
v -0.23650000 0.04485851 0.89617931 0.09411765 0.09411765 0.09411765
v -0.23650000 0.05108463 0.90888291 0.09803922 0.09803922 0.09803922
v -0.23650000 0.05494973 0.92304422 0.09019608 0.09019608 0.09019608
v -0.24700000 0.05704000 0.93762500 0.09019608 0.09019608 0.09019608
v -0.24700000 0.05571018 0.95275642 0.10588235 0.10588235 0.10588235
v -0.24700000 0.05178739 0.96712909 0.09019608 0.09019608 0.09019608
v -0.24700000 0.04546834 0.98002231 0.08627451 0.08627451 0.08627451
v -0.24700000 0.03706990 0.99078954 0.09019608 0.09019608 0.09019608
v -0.24700000 0.02701319 0.99889088 0.08235294 0.08235294 0.08235294
v -0.24700000 0.01580251 1.00392010 0.09803922 0.09803922 0.09803922
v -0.24700000 0.00400000 1.00562500 0.09803922 0.09803922 0.09803922
v -0.24700000 -0.00780251 1.00392010 0.09411765 0.09411765 0.09411765
v -0.24700000 -0.01901319 0.99889088 0.10196078 0.10196078 0.10196078
v -0.24700000 -0.02906990 0.99078954 0.10980392 0.10980392 0.10980392
v -0.24700000 -0.03746834 0.98002231 0.10588235 0.10588235 0.10588235
v -0.24700000 -0.04378739 0.96712909 0.10980392 0.10980392 0.10980392
v -0.24700000 -0.04771018 0.95275642 0.09411765 0.09411765 0.09411765
v -0.24700000 -0.04904000 0.93762500 0.09411765 0.09411765 0.09411765
v -0.24700000 -0.04771018 0.92249358 0.10196078 0.10196078 0.10196078
v -0.24700000 -0.04378739 0.90812091 0.08627451 0.08627451 0.08627451
v -0.24700000 -0.03746834 0.89522769 0.10196078 0.10196078 0.10196078
v -0.24700000 -0.02906990 0.88446046 0.10980392 0.10980392 0.10980392
v -0.24700000 -0.01901319 0.87635912 0.09019608 0.09019608 0.09019608
v -0.24700000 -0.00780251 0.87132990 0.09803922 0.09803922 0.09803922
v -0.24700000 0.00400000 0.86962500 0.10196078 0.10196078 0.10196078
v -0.24700000 0.01580251 0.87132990 0.09803922 0.09803922 0.09803922
v -0.24700000 0.02701319 0.87635912 0.10588235 0.10588235 0.10588235
v -0.24700000 0.03706990 0.88446046 0.09411765 0.09411765 0.09411765
v -0.24700000 0.04546834 0.89522769 0.09411765 0.09411765 0.09411765
v -0.24700000 0.05178739 0.90812091 0.10588235 0.10588235 0.10588235
v -0.24700000 0.05571018 0.92249358 0.10196078 0.10196078 0.10196078
f 1793 1822 1794
f 1793 1821 1822
f 1794 1823 1795
f 1794 1822 1823
f 1795 1824 1796
f 1795 1823 1824
f 1796 1825 1797
f 1796 1824 1825
f 1797 1826 1798
f 1797 1825 1826
f 1798 1827 1799
f 1798 1826 1827
f 1799 1828 1800
f 1799 1827 1828
f 1800 1829 1801
f 1800 1828 1829
f 1801 1830 1802
f 1801 1829 1830
f 1802 1831 1803
f 1802 1830 1831
f 1803 1832 1804
f 1803 1831 1832
f 1804 1833 1805
f 1804 1832 1833
f 1805 1834 1806
f 1805 1833 1834
f 1806 1835 1807
f 1806 1834 1835
f 1807 1836 1808
f 1807 1835 1836
f 1808 1837 1809
f 1808 1836 1837
f 1809 1838 1810
f 1809 1837 1838
f 1810 1839 1811
f 1810 1838 1839
f 1811 1840 1812
f 1811 1839 1840
f 1812 1841 1813
f 1812 1840 1841
f 1813 1842 1814
f 1813 1841 1842
f 1814 1843 1815
f 1814 1842 1843
f 1815 1844 1816
f 1815 1843 1844
f 1816 1845 1817
f 1816 1844 1845
f 1817 1846 1818
f 1817 1845 1846
f 1818 1847 1819
f 1818 1846 1847
f 1819 1848 1820
f 1819 1847 1848
f 1820 1821 1793
f 1820 1848 1821
f 1821 1850 1822
f 1821 1849 1850
f 1822 1851 1823
f 1822 1850 1851
f 1823 1852 1824
f 1823 1851 1852
f 1824 1853 1825
f 1824 1852 1853
f 1825 1854 1826
f 1825 1853 1854
f 1826 1855 1827
f 1826 1854 1855
f 1827 1856 1828
f 1827 1855 1856
f 1828 1857 1829
f 1828 1856 1857
f 1829 1858 1830
f 1829 1857 1858
f 1830 1859 1831
f 1830 1858 1859
f 1831 1860 1832
f 1831 1859 1860
f 1832 1861 1833
f 1832 1860 1861
f 1833 1862 1834
f 1833 1861 1862
f 1834 1863 1835
f 1834 1862 1863
f 1835 1864 1836
f 1835 1863 1864
f 1836 1865 1837
f 1836 1864 1865
f 1837 1866 1838
f 1837 1865 1866
f 1838 1867 1839
f 1838 1866 1867
f 1839 1868 1840
f 1839 1867 1868
f 1840 1869 1841
f 1840 1868 1869
f 1841 1870 1842
f 1841 1869 1870
f 1842 1871 1843
f 1842 1870 1871
f 1843 1872 1844
f 1843 1871 1872
f 1844 1873 1845
f 1844 1872 1873
f 1845 1874 1846
f 1845 1873 1874
f 1846 1875 1847
f 1846 1874 1875
f 1847 1876 1848
f 1847 1875 1876
f 1848 1849 1821
f 1848 1876 1849
f 1849 1878 1850
f 1849 1877 1878
f 1850 1879 1851
f 1850 1878 1879
f 1851 1880 1852
f 1851 1879 1880
f 1852 1881 1853
f 1852 1880 1881
f 1853 1882 1854
f 1853 1881 1882
f 1854 1883 1855
f 1854 1882 1883
f 1855 1884 1856
f 1855 1883 1884
f 1856 1885 1857
f 1856 1884 1885
f 1857 1886 1858
f 1857 1885 1886
f 1858 1887 1859
f 1858 1886 1887
f 1859 1888 1860
f 1859 1887 1888
f 1860 1889 1861
f 1860 1888 1889
f 1861 1890 1862
f 1861 1889 1890
f 1862 1891 1863
f 1862 1890 1891
f 1863 1892 1864
f 1863 1891 1892
f 1864 1893 1865
f 1864 1892 1893
f 1865 1894 1866
f 1865 1893 1894
f 1866 1895 1867
f 1866 1894 1895
f 1867 1896 1868
f 1867 1895 1896
f 1868 1897 1869
f 1868 1896 1897
f 1869 1898 1870
f 1869 1897 1898
f 1870 1899 1871
f 1870 1898 1899
f 1871 1900 1872
f 1871 1899 1900
f 1872 1901 1873
f 1872 1900 1901
f 1873 1902 1874
f 1873 1901 1902
f 1874 1903 1875
f 1874 1902 1903
f 1875 1904 1876
f 1875 1903 1904
f 1876 1877 1849
f 1876 1904 1877
f 1877 1906 1878
f 1877 1905 1906
f 1878 1907 1879
f 1878 1906 1907
f 1879 1908 1880
f 1879 1907 1908
f 1880 1909 1881
f 1880 1908 1909
f 1881 1910 1882
f 1881 1909 1910
f 1882 1911 1883
f 1882 1910 1911
f 1883 1912 1884
f 1883 1911 1912
f 1884 1913 1885
f 1884 1912 1913
f 1885 1914 1886
f 1885 1913 1914
f 1886 1915 1887
f 1886 1914 1915
f 1887 1916 1888
f 1887 1915 1916
f 1888 1917 1889
f 1888 1916 1917
f 1889 1918 1890
f 1889 1917 1918
f 1890 1919 1891
f 1890 1918 1919
f 1891 1920 1892
f 1891 1919 1920
f 1892 1921 1893
f 1892 1920 1921
f 1893 1922 1894
f 1893 1921 1922
f 1894 1923 1895
f 1894 1922 1923
f 1895 1924 1896
f 1895 1923 1924
f 1896 1925 1897
f 1896 1924 1925
f 1897 1926 1898
f 1897 1925 1926
f 1898 1927 1899
f 1898 1926 1927
f 1899 1928 1900
f 1899 1927 1928
f 1900 1929 1901
f 1900 1928 1929
f 1901 1930 1902
f 1901 1929 1930
f 1902 1931 1903
f 1902 1930 1931
f 1903 1932 1904
f 1903 1931 1932
f 1904 1905 1877
f 1904 1932 1905

o WristCuff_L
v 0.54500000 0.06094000 0.92831250 0.07058824 0.07058824 0.07058824
v 0.54500000 0.05951240 0.94455653 0.07450980 0.07450980 0.07450980
v 0.54500000 0.05530117 0.95998601 0.09019608 0.09019608 0.09019608
v 0.54500000 0.04851748 0.97382726 0.08627451 0.08627451 0.08627451
v 0.54500000 0.03950151 0.98538620 0.08235294 0.08235294 0.08235294
v 0.54500000 0.02870534 0.99408323 0.07843137 0.07843137 0.07843137
v 0.54500000 0.01667034 0.99948224 0.08627451 0.08627451 0.08627451
v 0.54500000 0.00400000 1.00131250 0.09019608 0.09019608 0.09019608
v 0.54500000 -0.00867034 0.99948224 0.07843137 0.07843137 0.07843137
v 0.54500000 -0.02070534 0.99408323 0.07843137 0.07843137 0.07843137
v 0.54500000 -0.03150151 0.98538620 0.09019608 0.09019608 0.09019608
v 0.54500000 -0.04051748 0.97382726 0.08235294 0.08235294 0.08235294
v 0.54500000 -0.04730117 0.95998601 0.08627451 0.08627451 0.08627451
v 0.54500000 -0.05151240 0.94455653 0.09019608 0.09019608 0.09019608
v 0.54500000 -0.05294000 0.92831250 0.08627451 0.08627451 0.08627451
v 0.54500000 -0.05151240 0.91206847 0.07843137 0.07843137 0.07843137
v 0.54500000 -0.04730117 0.89663899 0.07843137 0.07843137 0.07843137
v 0.54500000 -0.04051748 0.88279774 0.08235294 0.08235294 0.08235294
v 0.54500000 -0.03150151 0.87123880 0.09019608 0.09019608 0.09019608
v 0.54500000 -0.02070534 0.86254177 0.07450980 0.07450980 0.07450980
v 0.54500000 -0.00867034 0.85714276 0.08627451 0.08627451 0.08627451
v 0.54500000 0.00400000 0.85531250 0.09019608 0.09019608 0.09019608
v 0.54500000 0.01667034 0.85714276 0.07843137 0.07843137 0.07843137
v 0.54500000 0.02870534 0.86254177 0.08235294 0.08235294 0.08235294
v 0.54500000 0.03950151 0.87123880 0.07843137 0.07843137 0.07843137
v 0.54500000 0.04851748 0.88279774 0.09411765 0.09411765 0.09411765
v 0.54500000 0.05530117 0.89663899 0.09019608 0.09019608 0.09019608
v 0.54500000 0.05951240 0.91206847 0.07843137 0.07843137 0.07843137
v 0.55675000 0.05801500 0.92800000 0.08235294 0.08235294 0.08235294
v 0.55675000 0.05666073 0.94340957 0.08235294 0.08235294 0.08235294
v 0.55675000 0.05266583 0.95804645 0.08235294 0.08235294 0.08235294
v 0.55675000 0.04623063 0.97117667 0.08627451 0.08627451 0.08627451
v 0.55675000 0.03767780 0.98214183 0.08235294 0.08235294 0.08235294
v 0.55675000 0.02743623 0.99039209 0.08627451 0.08627451 0.08627451
v 0.55675000 0.01601947 0.99551376 0.08627451 0.08627451 0.08627451
v 0.55675000 0.00400000 0.99725000 0.09019608 0.09019608 0.09019608
v 0.55675000 -0.00801947 0.99551376 0.09019608 0.09019608 0.09019608
v 0.55675000 -0.01943623 0.99039209 0.08235294 0.08235294 0.08235294
v 0.55675000 -0.02967780 0.98214183 0.08235294 0.08235294 0.08235294
v 0.55675000 -0.03823063 0.97117667 0.08627451 0.08627451 0.08627451
v 0.55675000 -0.04466583 0.95804645 0.08235294 0.08235294 0.08235294
v 0.55675000 -0.04866073 0.94340957 0.08235294 0.08235294 0.08235294
v 0.55675000 -0.05001500 0.92800000 0.08627451 0.08627451 0.08627451
v 0.55675000 -0.04866073 0.91259043 0.09019608 0.09019608 0.09019608
v 0.55675000 -0.04466583 0.89795355 0.08235294 0.08235294 0.08235294
v 0.55675000 -0.03823063 0.88482333 0.07843137 0.07843137 0.07843137
v 0.55675000 -0.02967780 0.87385817 0.08627451 0.08627451 0.08627451
v 0.55675000 -0.01943623 0.86560791 0.07843137 0.07843137 0.07843137
v 0.55675000 -0.00801947 0.86048624 0.08627451 0.08627451 0.08627451
v 0.55675000 0.00400000 0.85875000 0.09019608 0.09019608 0.09019608
v 0.55675000 0.01601947 0.86048624 0.08235294 0.08235294 0.08235294
v 0.55675000 0.02743623 0.86560791 0.07843137 0.07843137 0.07843137
v 0.55675000 0.03767780 0.87385817 0.08627451 0.08627451 0.08627451
v 0.55675000 0.04623063 0.88482333 0.08627451 0.08627451 0.08627451
v 0.55675000 0.05266583 0.89795355 0.08235294 0.08235294 0.08235294
v 0.55675000 0.05666073 0.91259043 0.07843137 0.07843137 0.07843137
v 0.56850000 0.05509000 0.92800000 0.08627451 0.08627451 0.08627451
v 0.56850000 0.05380907 0.94257512 0.08235294 0.08235294 0.08235294
v 0.56850000 0.05003050 0.95641938 0.08627451 0.08627451 0.08627451
v 0.56850000 0.04394377 0.96883858 0.08235294 0.08235294 0.08235294
v 0.56850000 0.03585409 0.97920996 0.08627451 0.08627451 0.08627451
v 0.56850000 0.02616712 0.98701346 0.08235294 0.08235294 0.08235294
v 0.56850000 0.01536859 0.99185778 0.08235294 0.08235294 0.08235294
v 0.56850000 0.00400000 0.99350000 0.07843137 0.07843137 0.07843137
v 0.56850000 -0.00736859 0.99185778 0.07843137 0.07843137 0.07843137
v 0.56850000 -0.01816712 0.98701346 0.08627451 0.08627451 0.08627451
v 0.56850000 -0.02785409 0.97920996 0.08235294 0.08235294 0.08235294
v 0.56850000 -0.03594377 0.96883858 0.08235294 0.08235294 0.08235294
v 0.56850000 -0.04203050 0.95641938 0.08627451 0.08627451 0.08627451
v 0.56850000 -0.04580907 0.94257512 0.08627451 0.08627451 0.08627451
v 0.56850000 -0.04709000 0.92800000 0.07843137 0.07843137 0.07843137
v 0.56850000 -0.04580907 0.91342488 0.08235294 0.08235294 0.08235294
v 0.56850000 -0.04203050 0.89958062 0.09019608 0.09019608 0.09019608
v 0.56850000 -0.03594377 0.88716142 0.08235294 0.08235294 0.08235294
v 0.56850000 -0.02785409 0.87679004 0.08235294 0.08235294 0.08235294
v 0.56850000 -0.01816712 0.86898654 0.08235294 0.08235294 0.08235294
v 0.56850000 -0.00736859 0.86414222 0.09019608 0.09019608 0.09019608
v 0.56850000 0.00400000 0.86250000 0.09019608 0.09019608 0.09019608
v 0.56850000 0.01536859 0.86414222 0.09019608 0.09019608 0.09019608
v 0.56850000 0.02616712 0.86898654 0.08235294 0.08235294 0.08235294
v 0.56850000 0.03585409 0.87679004 0.08235294 0.08235294 0.08235294
v 0.56850000 0.04394377 0.88716142 0.08235294 0.08235294 0.08235294
v 0.56850000 0.05003050 0.89958062 0.08235294 0.08235294 0.08235294
v 0.56850000 0.05380907 0.91342488 0.08627451 0.08627451 0.08627451
v 0.58025000 0.05216500 0.92800000 0.08235294 0.08235294 0.08235294
v 0.58025000 0.05095740 0.94174067 0.08235294 0.08235294 0.08235294
v 0.58025000 0.04739517 0.95479232 0.08235294 0.08235294 0.08235294
v 0.58025000 0.04165691 0.96650050 0.08627451 0.08627451 0.08627451
v 0.58025000 0.03403039 0.97627809 0.08235294 0.08235294 0.08235294
v 0.58025000 0.02489801 0.98363483 0.08627451 0.08627451 0.08627451
v 0.58025000 0.01471772 0.98820180 0.08627451 0.08627451 0.08627451
v 0.58025000 0.00400000 0.98975000 0.09019608 0.09019608 0.09019608
v 0.58025000 -0.00671772 0.98820180 0.08627451 0.08627451 0.08627451
v 0.58025000 -0.01689801 0.98363483 0.07843137 0.07843137 0.07843137
v 0.58025000 -0.02603039 0.97627809 0.08627451 0.08627451 0.08627451
v 0.58025000 -0.03365691 0.96650050 0.08235294 0.08235294 0.08235294
v 0.58025000 -0.03939517 0.95479232 0.08235294 0.08235294 0.08235294
v 0.58025000 -0.04295740 0.94174067 0.08627451 0.08627451 0.08627451
v 0.58025000 -0.04416500 0.92800000 0.08627451 0.08627451 0.08627451
v 0.58025000 -0.04295740 0.91425933 0.07843137 0.07843137 0.07843137
v 0.58025000 -0.03939517 0.90120768 0.08235294 0.08235294 0.08235294
v 0.58025000 -0.03365691 0.88949950 0.08627451 0.08627451 0.08627451
v 0.58025000 -0.02603039 0.87972191 0.07843137 0.07843137 0.07843137
v 0.58025000 -0.01689801 0.87236517 0.08627451 0.08627451 0.08627451
v 0.58025000 -0.00671772 0.86779820 0.08627451 0.08627451 0.08627451
v 0.58025000 0.00400000 0.86625000 0.08627451 0.08627451 0.08627451
v 0.58025000 0.01471772 0.86779820 0.09019608 0.09019608 0.09019608
v 0.58025000 0.02489801 0.87236517 0.08627451 0.08627451 0.08627451
v 0.58025000 0.03403039 0.87972191 0.08235294 0.08235294 0.08235294
v 0.58025000 0.04165691 0.88949950 0.08235294 0.08235294 0.08235294
v 0.58025000 0.04739517 0.90120768 0.08235294 0.08235294 0.08235294
v 0.58025000 0.05095740 0.91425933 0.08627451 0.08627451 0.08627451
v 0.59200000 0.04924000 0.92800000 0.07450980 0.07450980 0.07450980
v 0.59200000 0.04810574 0.94090621 0.08627451 0.08627451 0.08627451
v 0.59200000 0.04475983 0.95316526 0.09019608 0.09019608 0.09019608
v 0.59200000 0.03937006 0.96416241 0.07843137 0.07843137 0.07843137
v 0.59200000 0.03220668 0.97334623 0.08627451 0.08627451 0.08627451
v 0.59200000 0.02362890 0.98025619 0.08235294 0.08235294 0.08235294
v 0.59200000 0.01406685 0.98454582 0.09803922 0.09803922 0.09803922
v 0.59200000 0.00400000 0.98600000 0.09411765 0.09411765 0.09411765
v 0.59200000 -0.00606685 0.98454582 0.09803922 0.09803922 0.09803922
v 0.59200000 -0.01562890 0.98025619 0.09411765 0.09411765 0.09411765
v 0.59200000 -0.02420668 0.97334623 0.07450980 0.07450980 0.07450980
v 0.59200000 -0.03137006 0.96416241 0.09019608 0.09019608 0.09019608
v 0.59200000 -0.03675983 0.95316526 0.08235294 0.08235294 0.08235294
v 0.59200000 -0.04010574 0.94090621 0.08235294 0.08235294 0.08235294
v 0.59200000 -0.04124000 0.92800000 0.08627451 0.08627451 0.08627451
v 0.59200000 -0.04010574 0.91509379 0.08627451 0.08627451 0.08627451
v 0.59200000 -0.03675983 0.90283474 0.07843137 0.07843137 0.07843137
v 0.59200000 -0.03137006 0.89183759 0.09019608 0.09019608 0.09019608
v 0.59200000 -0.02420668 0.88265377 0.07843137 0.07843137 0.07843137
v 0.59200000 -0.01562890 0.87574381 0.09019608 0.09019608 0.09019608
v 0.59200000 -0.00606685 0.87145418 0.09411765 0.09411765 0.09411765
v 0.59200000 0.00400000 0.87000000 0.08627451 0.08627451 0.08627451
v 0.59200000 0.01406685 0.87145418 0.09019608 0.09019608 0.09019608
v 0.59200000 0.02362890 0.87574381 0.09019608 0.09019608 0.09019608
v 0.59200000 0.03220668 0.88265377 0.08627451 0.08627451 0.08627451
v 0.59200000 0.03937006 0.89183759 0.07843137 0.07843137 0.07843137
v 0.59200000 0.04475983 0.90283474 0.09019608 0.09019608 0.09019608
v 0.59200000 0.04810574 0.91509379 0.08627451 0.08627451 0.08627451
f 1933 1934 1962
f 1933 1962 1961
f 1934 1935 1963
f 1934 1963 1962
f 1935 1936 1964
f 1935 1964 1963
f 1936 1937 1965
f 1936 1965 1964
f 1937 1938 1966
f 1937 1966 1965
f 1938 1939 1967
f 1938 1967 1966
f 1939 1940 1968
f 1939 1968 1967
f 1940 1941 1969
f 1940 1969 1968
f 1941 1942 1970
f 1941 1970 1969
f 1942 1943 1971
f 1942 1971 1970
f 1943 1944 1972
f 1943 1972 1971
f 1944 1945 1973
f 1944 1973 1972
f 1945 1946 1974
f 1945 1974 1973
f 1946 1947 1975
f 1946 1975 1974
f 1947 1948 1976
f 1947 1976 1975
f 1948 1949 1977
f 1948 1977 1976
f 1949 1950 1978
f 1949 1978 1977
f 1950 1951 1979
f 1950 1979 1978
f 1951 1952 1980
f 1951 1980 1979
f 1952 1953 1981
f 1952 1981 1980
f 1953 1954 1982
f 1953 1982 1981
f 1954 1955 1983
f 1954 1983 1982
f 1955 1956 1984
f 1955 1984 1983
f 1956 1957 1985
f 1956 1985 1984
f 1957 1958 1986
f 1957 1986 1985
f 1958 1959 1987
f 1958 1987 1986
f 1959 1960 1988
f 1959 1988 1987
f 1960 1933 1961
f 1960 1961 1988
f 1961 1962 1990
f 1961 1990 1989
f 1962 1963 1991
f 1962 1991 1990
f 1963 1964 1992
f 1963 1992 1991
f 1964 1965 1993
f 1964 1993 1992
f 1965 1966 1994
f 1965 1994 1993
f 1966 1967 1995
f 1966 1995 1994
f 1967 1968 1996
f 1967 1996 1995
f 1968 1969 1997
f 1968 1997 1996
f 1969 1970 1998
f 1969 1998 1997
f 1970 1971 1999
f 1970 1999 1998
f 1971 1972 2000
f 1971 2000 1999
f 1972 1973 2001
f 1972 2001 2000
f 1973 1974 2002
f 1973 2002 2001
f 1974 1975 2003
f 1974 2003 2002
f 1975 1976 2004
f 1975 2004 2003
f 1976 1977 2005
f 1976 2005 2004
f 1977 1978 2006
f 1977 2006 2005
f 1978 1979 2007
f 1978 2007 2006
f 1979 1980 2008
f 1979 2008 2007
f 1980 1981 2009
f 1980 2009 2008
f 1981 1982 2010
f 1981 2010 2009
f 1982 1983 2011
f 1982 2011 2010
f 1983 1984 2012
f 1983 2012 2011
f 1984 1985 2013
f 1984 2013 2012
f 1985 1986 2014
f 1985 2014 2013
f 1986 1987 2015
f 1986 2015 2014
f 1987 1988 2016
f 1987 2016 2015
f 1988 1961 1989
f 1988 1989 2016
f 1989 1990 2018
f 1989 2018 2017
f 1990 1991 2019
f 1990 2019 2018
f 1991 1992 2020
f 1991 2020 2019
f 1992 1993 2021
f 1992 2021 2020
f 1993 1994 2022
f 1993 2022 2021
f 1994 1995 2023
f 1994 2023 2022
f 1995 1996 2024
f 1995 2024 2023
f 1996 1997 2025
f 1996 2025 2024
f 1997 1998 2026
f 1997 2026 2025
f 1998 1999 2027
f 1998 2027 2026
f 1999 2000 2028
f 1999 2028 2027
f 2000 2001 2029
f 2000 2029 2028
f 2001 2002 2030
f 2001 2030 2029
f 2002 2003 2031
f 2002 2031 2030
f 2003 2004 2032
f 2003 2032 2031
f 2004 2005 2033
f 2004 2033 2032
f 2005 2006 2034
f 2005 2034 2033
f 2006 2007 2035
f 2006 2035 2034
f 2007 2008 2036
f 2007 2036 2035
f 2008 2009 2037
f 2008 2037 2036
f 2009 2010 2038
f 2009 2038 2037
f 2010 2011 2039
f 2010 2039 2038
f 2011 2012 2040
f 2011 2040 2039
f 2012 2013 2041
f 2012 2041 2040
f 2013 2014 2042
f 2013 2042 2041
f 2014 2015 2043
f 2014 2043 2042
f 2015 2016 2044
f 2015 2044 2043
f 2016 1989 2017
f 2016 2017 2044
f 2017 2018 2046
f 2017 2046 2045
f 2018 2019 2047
f 2018 2047 2046
f 2019 2020 2048
f 2019 2048 2047
f 2020 2021 2049
f 2020 2049 2048
f 2021 2022 2050
f 2021 2050 2049
f 2022 2023 2051
f 2022 2051 2050
f 2023 2024 2052
f 2023 2052 2051
f 2024 2025 2053
f 2024 2053 2052
f 2025 2026 2054
f 2025 2054 2053
f 2026 2027 2055
f 2026 2055 2054
f 2027 2028 2056
f 2027 2056 2055
f 2028 2029 2057
f 2028 2057 2056
f 2029 2030 2058
f 2029 2058 2057
f 2030 2031 2059
f 2030 2059 2058
f 2031 2032 2060
f 2031 2060 2059
f 2032 2033 2061
f 2032 2061 2060
f 2033 2034 2062
f 2033 2062 2061
f 2034 2035 2063
f 2034 2063 2062
f 2035 2036 2064
f 2035 2064 2063
f 2036 2037 2065
f 2036 2065 2064
f 2037 2038 2066
f 2037 2066 2065
f 2038 2039 2067
f 2038 2067 2066
f 2039 2040 2068
f 2039 2068 2067
f 2040 2041 2069
f 2040 2069 2068
f 2041 2042 2070
f 2041 2070 2069
f 2042 2043 2071
f 2042 2071 2070
f 2043 2044 2072
f 2043 2072 2071
f 2044 2017 2045
f 2044 2045 2072

o WristCuff_R
v -0.54500000 0.06094000 0.92831250 0.08235294 0.08235294 0.08235294
v -0.54500000 0.05951240 0.94455653 0.09019608 0.09019608 0.09019608
v -0.54500000 0.05530117 0.95998601 0.09019608 0.09019608 0.09019608
v -0.54500000 0.04851748 0.97382726 0.08235294 0.08235294 0.08235294
v -0.54500000 0.03950151 0.98538620 0.07843137 0.07843137 0.07843137
v -0.54500000 0.02870534 0.99408323 0.09411765 0.09411765 0.09411765
v -0.54500000 0.01667034 0.99948224 0.08627451 0.08627451 0.08627451
v -0.54500000 0.00400000 1.00131250 0.08235294 0.08235294 0.08235294
v -0.54500000 -0.00867034 0.99948224 0.09019608 0.09019608 0.09019608
v -0.54500000 -0.02070534 0.99408323 0.08235294 0.08235294 0.08235294
v -0.54500000 -0.03150151 0.98538620 0.09019608 0.09019608 0.09019608
v -0.54500000 -0.04051748 0.97382726 0.07450980 0.07450980 0.07450980
v -0.54500000 -0.04730117 0.95998601 0.07450980 0.07450980 0.07450980
v -0.54500000 -0.05151240 0.94455653 0.09019608 0.09019608 0.09019608
v -0.54500000 -0.05294000 0.92831250 0.09803922 0.09803922 0.09803922
v -0.54500000 -0.05151240 0.91206847 0.09411765 0.09411765 0.09411765
v -0.54500000 -0.04730117 0.89663899 0.07843137 0.07843137 0.07843137
v -0.54500000 -0.04051748 0.88279774 0.07843137 0.07843137 0.07843137
v -0.54500000 -0.03150151 0.87123880 0.08627451 0.08627451 0.08627451
v -0.54500000 -0.02070534 0.86254177 0.09019608 0.09019608 0.09019608
v -0.54500000 -0.00867034 0.85714276 0.07843137 0.07843137 0.07843137
v -0.54500000 0.00400000 0.85531250 0.07450980 0.07450980 0.07450980
v -0.54500000 0.01667034 0.85714276 0.08627451 0.08627451 0.08627451
v -0.54500000 0.02870534 0.86254177 0.09411765 0.09411765 0.09411765
v -0.54500000 0.03950151 0.87123880 0.07843137 0.07843137 0.07843137
v -0.54500000 0.04851748 0.88279774 0.08627451 0.08627451 0.08627451
v -0.54500000 0.05530117 0.89663899 0.08235294 0.08235294 0.08235294
v -0.54500000 0.05951240 0.91206847 0.07843137 0.07843137 0.07843137
v -0.55675000 0.05801500 0.92800000 0.07843137 0.07843137 0.07843137
v -0.55675000 0.05666073 0.94340957 0.07843137 0.07843137 0.07843137
v -0.55675000 0.05266583 0.95804645 0.08627451 0.08627451 0.08627451
v -0.55675000 0.04623063 0.97117667 0.08627451 0.08627451 0.08627451
v -0.55675000 0.03767780 0.98214183 0.07843137 0.07843137 0.07843137
v -0.55675000 0.02743623 0.99039209 0.09019608 0.09019608 0.09019608
v -0.55675000 0.01601947 0.99551376 0.08627451 0.08627451 0.08627451
v -0.55675000 0.00400000 0.99725000 0.08235294 0.08235294 0.08235294
v -0.55675000 -0.00801947 0.99551376 0.08627451 0.08627451 0.08627451
v -0.55675000 -0.01943623 0.99039209 0.09019608 0.09019608 0.09019608
v -0.55675000 -0.02967780 0.98214183 0.08235294 0.08235294 0.08235294
v -0.55675000 -0.03823063 0.97117667 0.08235294 0.08235294 0.08235294
v -0.55675000 -0.04466583 0.95804645 0.08235294 0.08235294 0.08235294
v -0.55675000 -0.04866073 0.94340957 0.09019608 0.09019608 0.09019608
v -0.55675000 -0.05001500 0.92800000 0.08627451 0.08627451 0.08627451
v -0.55675000 -0.04866073 0.91259043 0.08235294 0.08235294 0.08235294
v -0.55675000 -0.04466583 0.89795355 0.08627451 0.08627451 0.08627451
v -0.55675000 -0.03823063 0.88482333 0.08235294 0.08235294 0.08235294
v -0.55675000 -0.02967780 0.87385817 0.08235294 0.08235294 0.08235294
v -0.55675000 -0.01943623 0.86560791 0.08235294 0.08235294 0.08235294
v -0.55675000 -0.00801947 0.86048624 0.08235294 0.08235294 0.08235294
v -0.55675000 0.00400000 0.85875000 0.07843137 0.07843137 0.07843137
v -0.55675000 0.01601947 0.86048624 0.07450980 0.07450980 0.07450980
v -0.55675000 0.02743623 0.86560791 0.08235294 0.08235294 0.08235294
v -0.55675000 0.03767780 0.87385817 0.08235294 0.08235294 0.08235294
v -0.55675000 0.04623063 0.88482333 0.08235294 0.08235294 0.08235294
v -0.55675000 0.05266583 0.89795355 0.08627451 0.08627451 0.08627451
v -0.55675000 0.05666073 0.91259043 0.08627451 0.08627451 0.08627451
v -0.56850000 0.05509000 0.92800000 0.09019608 0.09019608 0.09019608
v -0.56850000 0.05380907 0.94257512 0.08235294 0.08235294 0.08235294
v -0.56850000 0.05003050 0.95641938 0.07843137 0.07843137 0.07843137
v -0.56850000 0.04394377 0.96883858 0.08627451 0.08627451 0.08627451
v -0.56850000 0.03585409 0.97920996 0.08235294 0.08235294 0.08235294
v -0.56850000 0.02616712 0.98701346 0.08627451 0.08627451 0.08627451
v -0.56850000 0.01536859 0.99185778 0.07843137 0.07843137 0.07843137
v -0.56850000 0.00400000 0.99350000 0.07450980 0.07450980 0.07450980
v -0.56850000 -0.00736859 0.99185778 0.07843137 0.07843137 0.07843137
v -0.56850000 -0.01816712 0.98701346 0.08627451 0.08627451 0.08627451
v -0.56850000 -0.02785409 0.97920996 0.08235294 0.08235294 0.08235294
v -0.56850000 -0.03594377 0.96883858 0.08235294 0.08235294 0.08235294
v -0.56850000 -0.04203050 0.95641938 0.08627451 0.08627451 0.08627451
v -0.56850000 -0.04580907 0.94257512 0.08235294 0.08235294 0.08235294
v -0.56850000 -0.04709000 0.92800000 0.08235294 0.08235294 0.08235294
v -0.56850000 -0.04580907 0.91342488 0.08235294 0.08235294 0.08235294
v -0.56850000 -0.04203050 0.89958062 0.08235294 0.08235294 0.08235294
v -0.56850000 -0.03594377 0.88716142 0.08627451 0.08627451 0.08627451
v -0.56850000 -0.02785409 0.87679004 0.08235294 0.08235294 0.08235294
v -0.56850000 -0.01816712 0.86898654 0.08627451 0.08627451 0.08627451
v -0.56850000 -0.00736859 0.86414222 0.08627451 0.08627451 0.08627451
v -0.56850000 0.00400000 0.86250000 0.09019608 0.09019608 0.09019608
v -0.56850000 0.01536859 0.86414222 0.09019608 0.09019608 0.09019608
v -0.56850000 0.02616712 0.86898654 0.08235294 0.08235294 0.08235294
v -0.56850000 0.03585409 0.87679004 0.08235294 0.08235294 0.08235294
v -0.56850000 0.04394377 0.88716142 0.08235294 0.08235294 0.08235294
v -0.56850000 0.05003050 0.89958062 0.08235294 0.08235294 0.08235294
v -0.56850000 0.05380907 0.91342488 0.08627451 0.08627451 0.08627451
v -0.58025000 0.05216500 0.92800000 0.08235294 0.08235294 0.08235294
v -0.58025000 0.05095740 0.94174067 0.09019608 0.09019608 0.09019608
v -0.58025000 0.04739517 0.95479232 0.08235294 0.08235294 0.08235294
v -0.58025000 0.04165691 0.96650050 0.08235294 0.08235294 0.08235294
v -0.58025000 0.03403039 0.97627809 0.08627451 0.08627451 0.08627451
v -0.58025000 0.02489801 0.98363483 0.08235294 0.08235294 0.08235294
v -0.58025000 0.01471772 0.98820180 0.07843137 0.07843137 0.07843137
v -0.58025000 0.00400000 0.98975000 0.07843137 0.07843137 0.07843137
v -0.58025000 -0.00671772 0.98820180 0.07450980 0.07450980 0.07450980
v -0.58025000 -0.01689801 0.98363483 0.08235294 0.08235294 0.08235294
v -0.58025000 -0.02603039 0.97627809 0.08627451 0.08627451 0.08627451
v -0.58025000 -0.03365691 0.96650050 0.08235294 0.08235294 0.08235294
v -0.58025000 -0.03939517 0.95479232 0.08235294 0.08235294 0.08235294
v -0.58025000 -0.04295740 0.94174067 0.08235294 0.08235294 0.08235294
v -0.58025000 -0.04416500 0.92800000 0.08235294 0.08235294 0.08235294
v -0.58025000 -0.04295740 0.91425933 0.08235294 0.08235294 0.08235294
v -0.58025000 -0.03939517 0.90120768 0.08627451 0.08627451 0.08627451
v -0.58025000 -0.03365691 0.88949950 0.08235294 0.08235294 0.08235294
v -0.58025000 -0.02603039 0.87972191 0.08627451 0.08627451 0.08627451
v -0.58025000 -0.01689801 0.87236517 0.08235294 0.08235294 0.08235294
v -0.58025000 -0.00671772 0.86779820 0.08235294 0.08235294 0.08235294
v -0.58025000 0.00400000 0.86625000 0.07843137 0.07843137 0.07843137
v -0.58025000 0.01471772 0.86779820 0.07843137 0.07843137 0.07843137
v -0.58025000 0.02489801 0.87236517 0.09019608 0.09019608 0.09019608
v -0.58025000 0.03403039 0.87972191 0.08627451 0.08627451 0.08627451
v -0.58025000 0.04165691 0.88949950 0.08235294 0.08235294 0.08235294
v -0.58025000 0.04739517 0.90120768 0.08627451 0.08627451 0.08627451
v -0.58025000 0.05095740 0.91425933 0.08235294 0.08235294 0.08235294
v -0.59200000 0.04924000 0.92800000 0.08235294 0.08235294 0.08235294
v -0.59200000 0.04810574 0.94090621 0.08235294 0.08235294 0.08235294
v -0.59200000 0.04475983 0.95316526 0.09019608 0.09019608 0.09019608
v -0.59200000 0.03937006 0.96416241 0.07843137 0.07843137 0.07843137
v -0.59200000 0.03220668 0.97334623 0.09019608 0.09019608 0.09019608
v -0.59200000 0.02362890 0.98025619 0.08235294 0.08235294 0.08235294
v -0.59200000 0.01406685 0.98454582 0.07450980 0.07450980 0.07450980
v -0.59200000 0.00400000 0.98600000 0.07843137 0.07843137 0.07843137
v -0.59200000 -0.00606685 0.98454582 0.07843137 0.07843137 0.07843137
v -0.59200000 -0.01562890 0.98025619 0.07843137 0.07843137 0.07843137
v -0.59200000 -0.02420668 0.97334623 0.08235294 0.08235294 0.08235294
v -0.59200000 -0.03137006 0.96416241 0.08627451 0.08627451 0.08627451
v -0.59200000 -0.03675983 0.95316526 0.08235294 0.08235294 0.08235294
v -0.59200000 -0.04010574 0.94090621 0.07843137 0.07843137 0.07843137
v -0.59200000 -0.04124000 0.92800000 0.09411765 0.09411765 0.09411765
v -0.59200000 -0.04010574 0.91509379 0.08627451 0.08627451 0.08627451
v -0.59200000 -0.03675983 0.90283474 0.07450980 0.07450980 0.07450980
v -0.59200000 -0.03137006 0.89183759 0.08627451 0.08627451 0.08627451
v -0.59200000 -0.02420668 0.88265377 0.08627451 0.08627451 0.08627451
v -0.59200000 -0.01562890 0.87574381 0.08235294 0.08235294 0.08235294
v -0.59200000 -0.00606685 0.87145418 0.07450980 0.07450980 0.07450980
v -0.59200000 0.00400000 0.87000000 0.08235294 0.08235294 0.08235294
v -0.59200000 0.01406685 0.87145418 0.07843137 0.07843137 0.07843137
v -0.59200000 0.02362890 0.87574381 0.07058824 0.07058824 0.07058824
v -0.59200000 0.03220668 0.88265377 0.09019608 0.09019608 0.09019608
v -0.59200000 0.03937006 0.89183759 0.07843137 0.07843137 0.07843137
v -0.59200000 0.04475983 0.90283474 0.08627451 0.08627451 0.08627451
v -0.59200000 0.04810574 0.91509379 0.08627451 0.08627451 0.08627451
f 2073 2102 2074
f 2073 2101 2102
f 2074 2103 2075
f 2074 2102 2103
f 2075 2104 2076
f 2075 2103 2104
f 2076 2105 2077
f 2076 2104 2105
f 2077 2106 2078
f 2077 2105 2106
f 2078 2107 2079
f 2078 2106 2107
f 2079 2108 2080
f 2079 2107 2108
f 2080 2109 2081
f 2080 2108 2109
f 2081 2110 2082
f 2081 2109 2110
f 2082 2111 2083
f 2082 2110 2111
f 2083 2112 2084
f 2083 2111 2112
f 2084 2113 2085
f 2084 2112 2113
f 2085 2114 2086
f 2085 2113 2114
f 2086 2115 2087
f 2086 2114 2115
f 2087 2116 2088
f 2087 2115 2116
f 2088 2117 2089
f 2088 2116 2117
f 2089 2118 2090
f 2089 2117 2118
f 2090 2119 2091
f 2090 2118 2119
f 2091 2120 2092
f 2091 2119 2120
f 2092 2121 2093
f 2092 2120 2121
f 2093 2122 2094
f 2093 2121 2122
f 2094 2123 2095
f 2094 2122 2123
f 2095 2124 2096
f 2095 2123 2124
f 2096 2125 2097
f 2096 2124 2125
f 2097 2126 2098
f 2097 2125 2126
f 2098 2127 2099
f 2098 2126 2127
f 2099 2128 2100
f 2099 2127 2128
f 2100 2101 2073
f 2100 2128 2101
f 2101 2130 2102
f 2101 2129 2130
f 2102 2131 2103
f 2102 2130 2131
f 2103 2132 2104
f 2103 2131 2132
f 2104 2133 2105
f 2104 2132 2133
f 2105 2134 2106
f 2105 2133 2134
f 2106 2135 2107
f 2106 2134 2135
f 2107 2136 2108
f 2107 2135 2136
f 2108 2137 2109
f 2108 2136 2137
f 2109 2138 2110
f 2109 2137 2138
f 2110 2139 2111
f 2110 2138 2139
f 2111 2140 2112
f 2111 2139 2140
f 2112 2141 2113
f 2112 2140 2141
f 2113 2142 2114
f 2113 2141 2142
f 2114 2143 2115
f 2114 2142 2143
f 2115 2144 2116
f 2115 2143 2144
f 2116 2145 2117
f 2116 2144 2145
f 2117 2146 2118
f 2117 2145 2146
f 2118 2147 2119
f 2118 2146 2147
f 2119 2148 2120
f 2119 2147 2148
f 2120 2149 2121
f 2120 2148 2149
f 2121 2150 2122
f 2121 2149 2150
f 2122 2151 2123
f 2122 2150 2151
f 2123 2152 2124
f 2123 2151 2152
f 2124 2153 2125
f 2124 2152 2153
f 2125 2154 2126
f 2125 2153 2154
f 2126 2155 2127
f 2126 2154 2155
f 2127 2156 2128
f 2127 2155 2156
f 2128 2129 2101
f 2128 2156 2129
f 2129 2158 2130
f 2129 2157 2158
f 2130 2159 2131
f 2130 2158 2159
f 2131 2160 2132
f 2131 2159 2160
f 2132 2161 2133
f 2132 2160 2161
f 2133 2162 2134
f 2133 2161 2162
f 2134 2163 2135
f 2134 2162 2163
f 2135 2164 2136
f 2135 2163 2164
f 2136 2165 2137
f 2136 2164 2165
f 2137 2166 2138
f 2137 2165 2166
f 2138 2167 2139
f 2138 2166 2167
f 2139 2168 2140
f 2139 2167 2168
f 2140 2169 2141
f 2140 2168 2169
f 2141 2170 2142
f 2141 2169 2170
f 2142 2171 2143
f 2142 2170 2171
f 2143 2172 2144
f 2143 2171 2172
f 2144 2173 2145
f 2144 2172 2173
f 2145 2174 2146
f 2145 2173 2174
f 2146 2175 2147
f 2146 2174 2175
f 2147 2176 2148
f 2147 2175 2176
f 2148 2177 2149
f 2148 2176 2177
f 2149 2178 2150
f 2149 2177 2178
f 2150 2179 2151
f 2150 2178 2179
f 2151 2180 2152
f 2151 2179 2180
f 2152 2181 2153
f 2152 2180 2181
f 2153 2182 2154
f 2153 2181 2182
f 2154 2183 2155
f 2154 2182 2183
f 2155 2184 2156
f 2155 2183 2184
f 2156 2157 2129
f 2156 2184 2157
f 2157 2186 2158
f 2157 2185 2186
f 2158 2187 2159
f 2158 2186 2187
f 2159 2188 2160
f 2159 2187 2188
f 2160 2189 2161
f 2160 2188 2189
f 2161 2190 2162
f 2161 2189 2190
f 2162 2191 2163
f 2162 2190 2191
f 2163 2192 2164
f 2163 2191 2192
f 2164 2193 2165
f 2164 2192 2193
f 2165 2194 2166
f 2165 2193 2194
f 2166 2195 2167
f 2166 2194 2195
f 2167 2196 2168
f 2167 2195 2196
f 2168 2197 2169
f 2168 2196 2197
f 2169 2198 2170
f 2169 2197 2198
f 2170 2199 2171
f 2170 2198 2199
f 2171 2200 2172
f 2171 2199 2200
f 2172 2201 2173
f 2172 2200 2201
f 2173 2202 2174
f 2173 2201 2202
f 2174 2203 2175
f 2174 2202 2203
f 2175 2204 2176
f 2175 2203 2204
f 2176 2205 2177
f 2176 2204 2205
f 2177 2206 2178
f 2177 2205 2206
f 2178 2207 2179
f 2178 2206 2207
f 2179 2208 2180
f 2179 2207 2208
f 2180 2209 2181
f 2180 2208 2209
f 2181 2210 2182
f 2181 2209 2210
f 2182 2211 2183
f 2182 2210 2211
f 2183 2212 2184
f 2183 2211 2212
f 2184 2185 2157
f 2184 2212 2185

o PleatedSkirt
v 0.11016000 -0.00600000 0.64700000 0.01960784 0.01960784 0.02352941
v 0.10600528 0.00225722 0.64700000 0.54117647 0.54901961 0.56862745
v 0.10327679 0.01037315 0.64700000 0.78823529 0.80392157 0.82745098
v 0.10177457 0.01894254 0.64700000 0.74509804 0.75686275 0.78039216
v 0.09259544 0.02563050 0.64700000 0.76470588 0.77647059 0.80000000
v 0.08482534 0.03251086 0.64700000 0.77647059 0.78823529 0.81176471
v 0.07789488 0.04008781 0.64700000 0.80392157 0.81960784 0.83921569
v 0.06508877 0.04418833 0.64700000 0.74901961 0.76470588 0.78823529
v 0.05346000 0.04878563 0.64700000 0.77647059 0.78823529 0.81176471
v 0.04215641 0.05421662 0.64700000 0.77254902 0.78431373 0.80784314
v 0.02767293 0.05510543 0.64700000 0.75686275 0.76862745 0.78823529
v 0.01395586 0.05671979 0.64700000 0.77647059 0.79215686 0.81176471
v 0.00000000 0.05917800 0.64700000 0.79215686 0.80784314 0.83137255
v -0.01395586 0.05671979 0.64700000 0.80000000 0.81568627 0.83921569
v -0.02767293 0.05510543 0.64700000 0.79215686 0.80784314 0.83137255
v -0.04215641 0.05421662 0.64700000 0.78823529 0.80392157 0.82745098
v -0.05346000 0.04878563 0.64700000 0.79215686 0.80784314 0.83137255
v -0.06508877 0.04418833 0.64700000 0.79607843 0.80784314 0.83529412
v -0.07789488 0.04008781 0.64700000 0.79215686 0.80784314 0.83137255
v -0.08482534 0.03251086 0.64700000 0.77254902 0.78431373 0.80784314
v -0.09259544 0.02563050 0.64700000 0.50196078 0.50980392 0.52941176
v -0.10177457 0.01894254 0.64700000 0.01960784 0.01960784 0.02352941
v -0.10327679 0.01037315 0.64700000 0.01960784 0.01960784 0.02352941
v -0.10600528 0.00225722 0.64700000 0.01960784 0.01960784 0.02352941
v -0.11016000 -0.00600000 0.64700000 0.01960784 0.01960784 0.02352941
v -0.10600528 -0.01627565 0.64700000 0.01960784 0.01960784 0.02352941
v -0.10327679 -0.02637548 0.64700000 0.01960784 0.01960784 0.02352941
v -0.10177457 -0.03703961 0.64700000 0.01960784 0.01960784 0.02352941
v -0.09259544 -0.04536240 0.64700000 0.01960784 0.01960784 0.02352941
v -0.08482534 -0.05392462 0.64700000 0.01960784 0.01960784 0.02352941
v -0.07789488 -0.06335371 0.64700000 0.01960784 0.01960784 0.02352941
v -0.06508877 -0.06845658 0.64700000 0.29019608 0.29411765 0.30588235
v -0.05346000 -0.07417768 0.64700000 0.78431373 0.79607843 0.81960784
v -0.04215641 -0.08093624 0.64700000 0.76470588 0.77647059 0.80000000
v -0.02767293 -0.08204232 0.64700000 0.77254902 0.78431373 0.80784314
v -0.01395586 -0.08405130 0.64700000 0.76470588 0.77647059 0.80000000
v -0.00000000 -0.08711040 0.64700000 0.75686275 0.76862745 0.79215686
v 0.01395586 -0.08405130 0.64700000 0.76470588 0.77647059 0.80000000
v 0.02767293 -0.08204232 0.64700000 0.25882353 0.26274510 0.27058824
v 0.04215641 -0.08093624 0.64700000 0.01960784 0.01960784 0.02352941
v 0.05346000 -0.07417768 0.64700000 0.01960784 0.01960784 0.02352941
v 0.06508877 -0.06845658 0.64700000 0.01960784 0.01960784 0.02352941
v 0.07789488 -0.06335371 0.64700000 0.01960784 0.01960784 0.02352941
v 0.08482534 -0.05392462 0.64700000 0.01960784 0.01960784 0.02352941
v 0.09259544 -0.04536240 0.64700000 0.01960784 0.01960784 0.02352941
v 0.10177457 -0.03703961 0.64700000 0.01960784 0.01960784 0.02352941
v 0.10327679 -0.02637548 0.64700000 0.01960784 0.01960784 0.02352941
v 0.10600528 -0.01627565 0.64700000 0.01960784 0.01960784 0.02745098
v 0.11400978 -0.00600000 0.63388889 0.27058824 0.27843137 0.28627451
v 0.10938457 0.00259742 0.63388889 0.54509804 0.55294118 0.57254902
v 0.10656909 0.01104774 0.63388889 0.77254902 0.78823529 0.80784314
v 0.10533130 0.02004742 0.63388889 0.73725490 0.75294118 0.77254902
v 0.09554724 0.02693370 0.63388889 0.72156863 0.73333333 0.75686275
v 0.08752944 0.03409753 0.63388889 0.73333333 0.74509804 0.76862745
v 0.08061709 0.04212936 0.63388889 0.76078431 0.77647059 0.79607843
v 0.06716370 0.04625612 0.63388889 0.78431373 0.80000000 0.82352941
v 0.05516422 0.05104284 0.63388889 0.73333333 0.74901961 0.76862745
v 0.04362965 0.05688405 0.63388889 0.77647059 0.78823529 0.81568627
v 0.02855510 0.05762302 0.63388889 0.76862745 0.78431373 0.80392157
v 0.01440075 0.05930390 0.63388889 0.78039216 0.79607843 0.81568627
v 0.00000000 0.06206520 0.63388889 0.78431373 0.80000000 0.81960784
v -0.01440075 0.05930390 0.63388889 0.77254902 0.78823529 0.80784314
v -0.02855510 0.05762302 0.63388889 0.76862745 0.78431373 0.80392157
v -0.04362965 0.05688405 0.63388889 0.76470588 0.77647059 0.80000000
v -0.05516422 0.05104284 0.63388889 0.76862745 0.78431373 0.80392157
v -0.06716370 0.04625612 0.63388889 0.77647059 0.78823529 0.81176471
v -0.08061709 0.04212936 0.63388889 0.78039216 0.79215686 0.81568627
v -0.08752944 0.03409753 0.63388889 0.76862745 0.78431373 0.80392157
v -0.09554724 0.02693370 0.63388889 0.62352941 0.63529412 0.65490196
v -0.10533130 0.02004742 0.63388889 0.13333333 0.13333333 0.14117647
v -0.10656909 0.01104774 0.63388889 0.01960784 0.01960784 0.02352941
v -0.10938457 0.00259742 0.63388889 0.01960784 0.01960784 0.02352941
v -0.11400978 -0.00600000 0.63388889 0.01960784 0.01960784 0.02352941
v -0.10938457 -0.01669901 0.63388889 0.01960784 0.01960784 0.02352941
v -0.10656909 -0.02721496 0.63388889 0.01960784 0.01960784 0.02352941
v -0.10533130 -0.03841457 0.63388889 0.01960784 0.01960784 0.02352941
v -0.09554724 -0.04698416 0.63388889 0.01960784 0.01960784 0.02352941
v -0.08752944 -0.05589915 0.63388889 0.01960784 0.01960784 0.02352941
v -0.08061709 -0.06589432 0.63388889 0.01960784 0.01960784 0.02352941
v -0.06716370 -0.07102984 0.63388889 0.01960784 0.01960784 0.02352941
v -0.05516422 -0.07698665 0.63388889 0.55294118 0.56470588 0.58039216
v -0.04362965 -0.08425570 0.63388889 0.76078431 0.77647059 0.80000000
v -0.02855510 -0.08517532 0.63388889 0.75686275 0.76862745 0.79215686
v -0.01440075 -0.08726707 0.63388889 0.76862745 0.78039216 0.80392157
v -0.00000000 -0.09070336 0.63388889 0.78431373 0.79607843 0.81960784
v 0.01440075 -0.08726707 0.63388889 0.79607843 0.81176471 0.83529412
v 0.02855510 -0.08517532 0.63388889 0.40392157 0.41176471 0.42352941
v 0.04362965 -0.08425570 0.63388889 0.01960784 0.01960784 0.02352941
v 0.05516422 -0.07698665 0.63388889 0.01960784 0.01960784 0.02352941
v 0.06716370 -0.07102984 0.63388889 0.01960784 0.01960784 0.02352941
v 0.08061709 -0.06589432 0.63388889 0.01960784 0.01960784 0.02352941
v 0.08752944 -0.05589915 0.63388889 0.01960784 0.01960784 0.02352941
v 0.09554724 -0.04698416 0.63388889 0.01960784 0.01960784 0.02352941
v 0.10533130 -0.03841457 0.63388889 0.01960784 0.01960784 0.02352941
v 0.10656909 -0.02721496 0.63388889 0.01960784 0.01960784 0.02352941
v 0.10938457 -0.01669901 0.63388889 0.01960784 0.01960784 0.02352941
v 0.11787378 -0.00600000 0.62077778 0.53333333 0.54117647 0.55686275
v 0.11275680 0.00293692 0.62077778 0.78823529 0.80392157 0.82745098
v 0.10985453 0.01172093 0.62077778 0.77254902 0.78823529 0.81176471
v 0.10890117 0.02115644 0.62077778 0.76470588 0.77647059 0.80000000
v 0.09849288 0.02823420 0.62077778 0.75294118 0.76470588 0.78823529
v 0.09022790 0.03568092 0.62077778 0.74117647 0.75686275 0.77647059
v 0.08334935 0.04417856 0.62077778 0.72549020 0.74117647 0.76078431
v 0.06923430 0.04831963 0.62077778 0.78431373 0.79607843 0.81960784
v 0.05686489 0.05329537 0.62077778 0.75686275 0.76862745 0.79215686
v 0.04510834 0.05956145 0.62077778 0.76470588 0.77647059 0.80000000
v 0.02943543 0.06013540 0.62077778 0.79215686 0.80392157 0.82745098
v 0.01484471 0.06188264 0.62077778 0.77647059 0.78823529 0.81176471
v 0.00000000 0.06496320 0.62077778 0.75686275 0.77254902 0.79607843
v -0.01484471 0.06188264 0.62077778 0.74901961 0.76078431 0.78431373
v -0.02943543 0.06013540 0.62077778 0.74901961 0.76470588 0.78431373
v -0.04510834 0.05956145 0.62077778 0.74901961 0.76470588 0.78823529
v -0.05686489 0.05329537 0.62077778 0.76078431 0.77647059 0.80000000
v -0.06923430 0.04831963 0.62077778 0.77647059 0.78823529 0.81176471
v -0.08334935 0.04417856 0.62077778 0.78823529 0.80000000 0.82352941
v -0.09022790 0.03568092 0.62077778 0.78039216 0.79607843 0.81960784
v -0.09849288 0.02823420 0.62077778 0.77647059 0.78823529 0.81176471
v -0.10890117 0.02115644 0.62077778 0.27058824 0.27450980 0.28627451
v -0.10985453 0.01172093 0.62077778 0.01960784 0.01960784 0.02352941
v -0.11275680 0.00293692 0.62077778 0.01960784 0.01960784 0.02352941
v -0.11787378 -0.00600000 0.62077778 0.01960784 0.01960784 0.02352941
v -0.11275680 -0.01712150 0.62077778 0.01960784 0.01960784 0.02352941
v -0.10985453 -0.02805271 0.62077778 0.01960784 0.01960784 0.02352941
v -0.10890117 -0.03979468 0.62077778 0.01960784 0.01960784 0.02352941
v -0.09849288 -0.04860256 0.62077778 0.01960784 0.01960784 0.02352941
v -0.09022790 -0.05786959 0.62077778 0.01960784 0.01960784 0.02745098
v -0.08334935 -0.06844443 0.62077778 0.01960784 0.01960784 0.02745098
v -0.06923430 -0.07359777 0.62077778 0.01960784 0.01960784 0.02352941
v -0.05686489 -0.07978980 0.62077778 0.40000000 0.40784314 0.41960784
v -0.04510834 -0.08758758 0.62077778 0.78039216 0.79607843 0.81960784
v -0.02943543 -0.08830183 0.62077778 0.76078431 0.77254902 0.79607843
v -0.01484471 -0.09047618 0.62077778 0.77647059 0.78823529 0.81176471
v -0.00000000 -0.09430976 0.62077778 0.79215686 0.80784314 0.83137255
v 0.01484471 -0.09047618 0.62077778 0.79607843 0.80784314 0.83137255
v 0.02943543 -0.08830183 0.62077778 0.41568627 0.41960784 0.43529412
v 0.04510834 -0.08758758 0.62077778 0.01960784 0.01960784 0.02745098
v 0.05686489 -0.07978980 0.62077778 0.01960784 0.01960784 0.02352941
v 0.06923430 -0.07359777 0.62077778 0.01960784 0.01960784 0.02352941
v 0.08334935 -0.06844443 0.62077778 0.01960784 0.01960784 0.02352941
v 0.09022790 -0.05786959 0.62077778 0.01960784 0.01960784 0.02352941
v 0.09849288 -0.04860256 0.62077778 0.01960784 0.01960784 0.02352941
v 0.10890117 -0.03979468 0.62077778 0.01960784 0.01960784 0.02352941
v 0.10985453 -0.02805271 0.62077778 0.01960784 0.01960784 0.02352941
v 0.11275680 -0.01712150 0.62077778 0.25882353 0.26274510 0.27450980
v 0.12175200 -0.00600000 0.60766667 0.77254902 0.78431373 0.80784314
v 0.11612199 0.00327571 0.60766667 0.76862745 0.78431373 0.80784314
v 0.11313310 0.01239272 0.60766667 0.76862745 0.78431373 0.80784314
v 0.11248418 0.02226959 0.60766667 0.80000000 0.81176471 0.83921569
v 0.10143236 0.02953200 0.60766667 0.81960784 0.83529412 0.85882353
v 0.09292072 0.03726102 0.60766667 0.80784314 0.82352941 0.84705882
v 0.08609166 0.04623539 0.60766667 0.78823529 0.80000000 0.82745098
v 0.07130057 0.05037886 0.60766667 0.75686275 0.77254902 0.79607843
v 0.05856200 0.05554323 0.60766667 0.80392157 0.81960784 0.84313725
v 0.04659247 0.06224883 0.60766667 0.76470588 0.77647059 0.80000000
v 0.03031392 0.06264255 0.60766667 0.78039216 0.79607843 0.81960784
v 0.01528775 0.06445604 0.60766667 0.76078431 0.77254902 0.79607843
v 0.00000000 0.06787200 0.60766667 0.74117647 0.75686275 0.77647059
v -0.01528775 0.06445604 0.60766667 0.73725490 0.74901961 0.77254902
v -0.03031392 0.06264255 0.60766667 0.73725490 0.74901961 0.77254902
v -0.04659247 0.06224883 0.60766667 0.74117647 0.75294118 0.77647059
v -0.05856200 0.05554323 0.60766667 0.75686275 0.76862745 0.79215686
v -0.07130057 0.05037886 0.60766667 0.77647059 0.78823529 0.81176471
v -0.08609166 0.04623539 0.60766667 0.79215686 0.80784314 0.83137255
v -0.09292072 0.03726102 0.60766667 0.79215686 0.80784314 0.83137255
v -0.10143236 0.02953200 0.60766667 0.79215686 0.80784314 0.83137255
v -0.11248418 0.02226959 0.60766667 0.40784314 0.41568627 0.43137255
v -0.11313310 0.01239272 0.60766667 0.01960784 0.01960784 0.02352941
v -0.11612199 0.00327571 0.60766667 0.01960784 0.01960784 0.02352941
v -0.12175200 -0.00600000 0.60766667 0.01960784 0.01960784 0.02352941
v -0.11612199 -0.01754311 0.60766667 0.01960784 0.01960784 0.02352941
v -0.11313310 -0.02888871 0.60766667 0.01960784 0.01960784 0.02352941
v -0.11248418 -0.04117993 0.60766667 0.01960784 0.01960784 0.02352941
v -0.10143236 -0.05021760 0.60766667 0.01960784 0.01960784 0.02352941
v -0.09292072 -0.05983594 0.60766667 0.01960784 0.01960784 0.02352941
v -0.08609166 -0.07100404 0.60766667 0.01960784 0.01960784 0.02352941
v -0.07130057 -0.07616036 0.60766667 0.01960784 0.01960784 0.02352941
v -0.05856200 -0.08258713 0.60766667 0.25098039 0.25490196 0.26274510
v -0.04659247 -0.09093188 0.60766667 0.76862745 0.78039216 0.80392157
v -0.03031392 -0.09142184 0.60766667 0.78823529 0.80000000 0.82745098
v -0.01528775 -0.09367862 0.60766667 0.77254902 0.78823529 0.81176471
v -0.00000000 -0.09792960 0.60766667 0.76862745 0.78039216 0.80392157
v 0.01528775 -0.09367862 0.60766667 0.76470588 0.78039216 0.80392157
v 0.03031392 -0.09142184 0.60766667 0.40784314 0.41568627 0.43137255
v 0.04659247 -0.09093188 0.60766667 0.01960784 0.01960784 0.02352941
v 0.05856200 -0.08258713 0.60766667 0.01960784 0.01960784 0.02352941
v 0.07130057 -0.07616036 0.60766667 0.01960784 0.01960784 0.02352941
v 0.08609166 -0.07100404 0.60766667 0.01960784 0.01960784 0.02352941
v 0.09292072 -0.05983594 0.60766667 0.01960784 0.01960784 0.02352941
v 0.10143236 -0.05021760 0.60766667 0.01960784 0.01960784 0.02352941
v 0.11248418 -0.04117993 0.60766667 0.01960784 0.01960784 0.02352941
v 0.11313310 -0.02888871 0.60766667 0.25490196 0.26274510 0.27058824
v 0.11612199 -0.01754311 0.60766667 0.50588235 0.51372549 0.52941176
v 0.12564444 -0.00600000 0.59455556 0.74901961 0.76078431 0.78431373
v 0.11948012 0.00361380 0.59455556 0.75294118 0.76470588 0.78823529
v 0.11640479 0.01306311 0.59455556 0.75686275 0.77254902 0.79215686
v 0.11608033 0.02338687 0.59455556 0.76862745 0.78039216 0.80392157
v 0.10436568 0.03082710 0.59455556 0.77647059 0.79215686 0.81568627
v 0.09560789 0.03883784 0.59455556 0.78823529 0.80000000 0.82745098
v 0.08884404 0.04829986 0.59455556 0.80392157 0.81960784 0.84313725
v 0.07336252 0.05243381 0.59455556 0.76078431 0.77254902 0.79607843
v 0.06025556 0.05778641 0.59455556 0.78823529 0.80000000 0.82352941
v 0.04808205 0.06494619 0.59455556 0.78039216 0.79215686 0.81568627
v 0.03119057 0.06514449 0.59455556 0.74901961 0.76470588 0.78431373
v 0.01572986 0.06702408 0.59455556 0.75294118 0.76862745 0.78823529
v 0.00000000 0.07079160 0.59455556 0.75294118 0.76470588 0.78823529
v -0.01572986 0.06702408 0.59455556 0.74901961 0.76078431 0.78431373
v -0.03119057 0.06514449 0.59455556 0.73725490 0.75294118 0.77254902
v -0.04808205 0.06494619 0.59455556 0.73725490 0.74901961 0.77254902
v -0.06025556 0.05778641 0.59455556 0.74901961 0.76470588 0.78431373
v -0.07336252 0.05243381 0.59455556 0.77647059 0.78823529 0.81176471
v -0.08884404 0.04829986 0.59455556 0.79607843 0.81176471 0.83529412
v -0.09560789 0.03883784 0.59455556 0.80000000 0.81568627 0.83921569
v -0.10436568 0.03082710 0.59455556 0.79607843 0.81176471 0.83921569
v -0.11608033 0.02338687 0.59455556 0.53725490 0.54901961 0.56862745
v -0.11640479 0.01306311 0.59455556 0.01960784 0.01960784 0.02352941
v -0.11948012 0.00361380 0.59455556 0.01960784 0.01960784 0.02352941
v -0.12564444 -0.00600000 0.59455556 0.01960784 0.01960784 0.02352941
v -0.11948012 -0.01796384 0.59455556 0.01960784 0.01960784 0.02352941
v -0.11640479 -0.02972298 0.59455556 0.01960784 0.01960784 0.02352941
v -0.11608033 -0.04257033 0.59455556 0.01960784 0.01960784 0.02352941
v -0.10436568 -0.05182928 0.59455556 0.01960784 0.01960784 0.02352941
v -0.09560789 -0.06179820 0.59455556 0.01960784 0.01960784 0.02352941
v -0.08884404 -0.07357316 0.59455556 0.01960784 0.01960784 0.02352941
v -0.07336252 -0.07871762 0.59455556 0.01960784 0.01960784 0.02352941
v -0.06025556 -0.08537864 0.59455556 0.01960784 0.01960784 0.02352941
v -0.04808205 -0.09428859 0.59455556 0.51372549 0.52156863 0.54117647
v -0.03119057 -0.09453537 0.59455556 0.78039216 0.79607843 0.81960784
v -0.01572986 -0.09687441 0.59455556 0.76470588 0.77647059 0.80000000
v -0.00000000 -0.10156288 0.59455556 0.74117647 0.75686275 0.77647059
v 0.01572986 -0.09687441 0.59455556 0.74117647 0.75686275 0.77647059
v 0.03119057 -0.09453537 0.59455556 0.39215686 0.40000000 0.41568627
v 0.04808205 -0.09428859 0.59455556 0.01960784 0.01960784 0.02352941
v 0.06025556 -0.08537864 0.59455556 0.01960784 0.01960784 0.02352941
v 0.07336252 -0.07871762 0.59455556 0.01960784 0.01960784 0.02352941
v 0.08884404 -0.07357316 0.59455556 0.01960784 0.01960784 0.02352941
v 0.09560789 -0.06179820 0.59455556 0.01960784 0.01960784 0.02352941
v 0.10436568 -0.05182928 0.59455556 0.01960784 0.01960784 0.02352941
v 0.11608033 -0.04257033 0.59455556 0.28235294 0.29019608 0.30196078
v 0.11640479 -0.02972298 0.59455556 0.52156863 0.52941176 0.54901961
v 0.11948012 -0.01796384 0.59455556 0.75686275 0.77254902 0.79607843
v 0.12955111 -0.00600000 0.58144444 0.75686275 0.77254902 0.79607843
v 0.12283121 0.00395119 0.58144444 0.76470588 0.77647059 0.80000000
v 0.11966962 0.01373211 0.58144444 0.76470588 0.77647059 0.80000000
v 0.11968962 0.02450829 0.58144444 0.74117647 0.75686275 0.77647059
v 0.10729285 0.03211950 0.58144444 0.71764706 0.72941176 0.75294118
v 0.09828943 0.04041136 0.58144444 0.72941176 0.74509804 0.76470588
v 0.09160647 0.05037197 0.58144444 0.74117647 0.75294118 0.77647059
v 0.07542013 0.05448447 0.58144444 0.77647059 0.78823529 0.81176471
v 0.06194556 0.06002491 0.58144444 0.73725490 0.74901961 0.77254902
v 0.04957706 0.06765352 0.58144444 0.77254902 0.78823529 0.81176471
v 0.03206538 0.06764122 0.58144444 0.74509804 0.76078431 0.78039216
v 0.01617103 0.06958676 0.58144444 0.76470588 0.78039216 0.80392157
v 0.00000000 0.07372200 0.58144444 0.78431373 0.79607843 0.81960784
v -0.01617103 0.06958676 0.58144444 0.77254902 0.78431373 0.80784314
v -0.03206538 0.06764122 0.58144444 0.74901961 0.76470588 0.78431373
v -0.04957706 0.06765352 0.58144444 0.74117647 0.75294118 0.77647059
v -0.06194556 0.06002491 0.58144444 0.74509804 0.76078431 0.78039216
v -0.07542013 0.05448447 0.58144444 0.77647059 0.78823529 0.81176471
v -0.09160647 0.05037197 0.58144444 0.80000000 0.81568627 0.83921569
v -0.09828943 0.04041136 0.58144444 0.80000000 0.81568627 0.83921569
v -0.10729285 0.03211950 0.58144444 0.79215686 0.80784314 0.83137255
v -0.11968962 0.02450829 0.58144444 0.78823529 0.80392157 0.82745098
v -0.11966962 0.01373211 0.58144444 0.54509804 0.55294118 0.56862745
v -0.12283121 0.00395119 0.58144444 0.27450980 0.27843137 0.29019608
v -0.12955111 -0.00600000 0.58144444 0.13333333 0.13333333 0.14117647
v -0.12283121 -0.01838370 0.58144444 0.01960784 0.01960784 0.02352941
v -0.11966962 -0.03055551 0.58144444 0.01960784 0.01960784 0.02352941
v -0.11968962 -0.04396587 0.58144444 0.01960784 0.01960784 0.02352941
v -0.10729285 -0.05343760 0.58144444 0.01960784 0.01960784 0.02352941
v -0.09828943 -0.06375636 0.58144444 0.01960784 0.01960784 0.02352941
v -0.09160647 -0.07615178 0.58144444 0.01960784 0.01960784 0.02745098
v -0.07542013 -0.08126956 0.58144444 0.01960784 0.01960784 0.02352941
v -0.06194556 -0.08816433 0.58144444 0.01960784 0.01960784 0.02352941
v -0.04957706 -0.09765772 0.58144444 0.38039216 0.38823529 0.40000000
v -0.03206538 -0.09764241 0.58144444 0.74509804 0.76078431 0.78431373
v -0.01617103 -0.10006353 0.58144444 0.76078431 0.77647059 0.79607843
v -0.00000000 -0.10520960 0.58144444 0.75686275 0.77254902 0.79607843
v 0.01617103 -0.10006353 0.58144444 0.74509804 0.76078431 0.78039216
v 0.03206538 -0.09764241 0.58144444 0.38039216 0.38823529 0.40000000
v 0.04957706 -0.09765772 0.58144444 0.01960784 0.01960784 0.02352941
v 0.06194556 -0.08816433 0.58144444 0.01960784 0.01960784 0.02352941
v 0.07542013 -0.08126956 0.58144444 0.01960784 0.01960784 0.02352941
v 0.09160647 -0.07615178 0.58144444 0.01960784 0.01960784 0.02352941
v 0.09828943 -0.06375636 0.58144444 0.01960784 0.01960784 0.02352941
v 0.10729285 -0.05343760 0.58144444 0.14901961 0.15294118 0.16078431
v 0.11968962 -0.04396587 0.58144444 0.54509804 0.55294118 0.57254902
v 0.11966962 -0.03055551 0.58144444 0.79607843 0.81176471 0.83529412
v 0.12283121 -0.01838370 0.58144444 0.78431373 0.80000000 0.82352941
v 0.13347200 -0.00600000 0.56833333 0.78823529 0.80000000 0.82745098
v 0.12617524 0.00428787 0.56833333 0.78431373 0.80000000 0.82352941
v 0.12292758 0.01439970 0.56833333 0.78431373 0.80000000 0.82352941
v 0.12331205 0.02563384 0.56833333 0.77647059 0.79215686 0.81568627
v 0.11021386 0.03340920 0.56833333 0.76862745 0.78431373 0.80392157
v 0.10096532 0.04198160 0.56833333 0.75686275 0.77254902 0.79607843
v 0.09437896 0.05245171 0.56833333 0.74509804 0.75686275 0.78039216
v 0.07747341 0.05653084 0.56833333 0.77647059 0.78823529 0.81176471
v 0.06363200 0.06225874 0.56833333 0.74901961 0.76078431 0.78431373
v 0.05107752 0.07037084 0.56833333 0.75686275 0.77254902 0.79215686
v 0.03293835 0.07013273 0.56833333 0.77647059 0.79215686 0.81568627
v 0.01661129 0.07214410 0.56833333 0.78431373 0.80000000 0.82352941
v 0.00000000 0.07666320 0.56833333 0.80000000 0.81176471 0.83529412
v -0.01661129 0.07214410 0.56833333 0.79215686 0.80392157 0.82745098
v -0.03293835 0.07013273 0.56833333 0.76862745 0.78431373 0.80784314
v -0.05107752 0.07037084 0.56833333 0.74901961 0.76078431 0.78431373
v -0.06363200 0.06225874 0.56833333 0.74117647 0.75686275 0.78039216
v -0.07747341 0.05653084 0.56833333 0.77254902 0.78823529 0.81176471
v -0.09437896 0.05245171 0.56833333 0.80000000 0.81568627 0.83921569
v -0.10096532 0.04198160 0.56833333 0.79607843 0.81176471 0.83529412
v -0.11021386 0.03340920 0.56833333 0.78039216 0.79607843 0.81960784
v -0.12331205 0.02563384 0.56833333 0.76078431 0.77647059 0.80000000
v -0.12292758 0.01439970 0.56833333 0.78823529 0.80392157 0.82745098
v -0.12617524 0.00428787 0.56833333 0.79607843 0.80784314 0.83529412
v -0.13347200 -0.00600000 0.56833333 0.63137255 0.63921569 0.65882353
v -0.12617524 -0.01880268 0.56833333 0.25882353 0.26274510 0.27058824
v -0.12292758 -0.03138630 0.56833333 0.01960784 0.01960784 0.02352941
v -0.12331205 -0.04536655 0.56833333 0.01960784 0.01960784 0.02352941
v -0.11021386 -0.05504256 0.56833333 0.02352941 0.02352941 0.02745098
v -0.10096532 -0.06571044 0.56833333 0.01960784 0.01960784 0.02352941
v -0.09437896 -0.07873990 0.56833333 0.01960784 0.01960784 0.02352941
v -0.07747341 -0.08381616 0.56833333 0.01960784 0.01960784 0.02352941
v -0.06363200 -0.09094421 0.56833333 0.01960784 0.01960784 0.02352941
v -0.05107752 -0.10103927 0.56833333 0.25882353 0.26274510 0.27058824
v -0.03293835 -0.10074295 0.56833333 0.75686275 0.76862745 0.79215686
v -0.01661129 -0.10324599 0.56833333 0.77254902 0.78823529 0.81176471
v -0.00000000 -0.10886976 0.56833333 0.79215686 0.80392157 0.82745098
v 0.01661129 -0.10324599 0.56833333 0.77254902 0.78431373 0.80784314
v 0.03293835 -0.10074295 0.56833333 0.50980392 0.51764706 0.53333333
v 0.05107752 -0.10103927 0.56833333 0.01960784 0.01960784 0.02352941
v 0.06363200 -0.09094421 0.56833333 0.01960784 0.01960784 0.02352941
v 0.07747341 -0.08381616 0.56833333 0.01960784 0.01960784 0.02352941
v 0.09437896 -0.07873990 0.56833333 0.01960784 0.01960784 0.02352941
v 0.10096532 -0.06571044 0.56833333 0.01960784 0.01960784 0.02352941
v 0.11021386 -0.05504256 0.56833333 0.27450980 0.27843137 0.29019608
v 0.12331205 -0.04536655 0.56833333 0.66274510 0.67450980 0.69411765
v 0.12292758 -0.03138630 0.56833333 0.79607843 0.81176471 0.83529412
v 0.12617524 -0.01880268 0.56833333 0.79215686 0.80784314 0.83137255
v 0.13740711 -0.00600000 0.55522222 0.78823529 0.80000000 0.82352941
v 0.12951222 0.00462384 0.55522222 0.78039216 0.79215686 0.81568627
v 0.12617868 0.01506590 0.55522222 0.78039216 0.79215686 0.81568627
v 0.12694762 0.02676352 0.55522222 0.79215686 0.80392157 0.82745098
v 0.11312871 0.03469620 0.55522222 0.81960784 0.83529412 0.85882353
v 0.10363557 0.04354855 0.55522222 0.80392157 0.81960784 0.84313725
v 0.09716150 0.05453909 0.55522222 0.80392157 0.81568627 0.83921569
v 0.07952237 0.05857293 0.55522222 0.77254902 0.78431373 0.80784314
v 0.06531489 0.06448789 0.55522222 0.80000000 0.81568627 0.83921569
v 0.05258342 0.07309813 0.55522222 0.76470588 0.77647059 0.80000000
v 0.03380947 0.07261902 0.55522222 0.80000000 0.81176471 0.83529412
v 0.01705061 0.07469608 0.55522222 0.78431373 0.80000000 0.82352941
v 0.00000000 0.07961520 0.55522222 0.78431373 0.79607843 0.82352941
v -0.01705061 0.07469608 0.55522222 0.79607843 0.81176471 0.83529412
v -0.03380947 0.07261902 0.55522222 0.78823529 0.80000000 0.82352941
v -0.05258342 0.07309813 0.55522222 0.76078431 0.77647059 0.80000000
v -0.06531489 0.06448789 0.55522222 0.74117647 0.75686275 0.77647059
v -0.07952237 0.05857293 0.55522222 0.77254902 0.78823529 0.81176471
v -0.09716150 0.05453909 0.55522222 0.79607843 0.81176471 0.83529412
v -0.10363557 0.04354855 0.55522222 0.78823529 0.80000000 0.82352941
v -0.11312871 0.03469620 0.55522222 0.76470588 0.78039216 0.80392157
v -0.12694762 0.02676352 0.55522222 0.74117647 0.75686275 0.77647059
v -0.12617868 0.01506590 0.55522222 0.76470588 0.78039216 0.80000000
v -0.12951222 0.00462384 0.55522222 0.78823529 0.80392157 0.82745098
v -0.13740711 -0.00600000 0.55522222 0.79215686 0.80784314 0.83137255
v -0.12951222 -0.01922078 0.55522222 0.63529412 0.64313725 0.66274510
v -0.12617868 -0.03221535 0.55522222 0.27058824 0.27450980 0.28235294
v -0.12694762 -0.04677238 0.55522222 0.01960784 0.01960784 0.02352941
v -0.11312871 -0.05664416 0.55522222 0.01960784 0.01960784 0.02352941
v -0.10363557 -0.06766042 0.55522222 0.01960784 0.01960784 0.02352941
v -0.09716150 -0.08133753 0.55522222 0.01960784 0.01960784 0.02352941
v -0.07952237 -0.08635743 0.55522222 0.01960784 0.01960784 0.02352941
v -0.06531489 -0.09371826 0.55522222 0.01960784 0.01960784 0.02352941
v -0.05258342 -0.10443323 0.55522222 0.14509804 0.14901961 0.15686275
v -0.03380947 -0.10383700 0.55522222 0.65490196 0.66666667 0.68627451
v -0.01705061 -0.10642178 0.55522222 0.78039216 0.79607843 0.81960784
v -0.00000000 -0.11254336 0.55522222 0.78823529 0.80392157 0.82745098
v 0.01705061 -0.10642178 0.55522222 0.79215686 0.80392157 0.82745098
v 0.03380947 -0.10383700 0.55522222 0.65490196 0.66666667 0.68627451
v 0.05258342 -0.10443323 0.55522222 0.14901961 0.14901961 0.15686275
v 0.06531489 -0.09371826 0.55522222 0.01960784 0.01960784 0.02352941
v 0.07952237 -0.08635743 0.55522222 0.01960784 0.01960784 0.02352941
v 0.09716150 -0.08133753 0.55522222 0.01960784 0.01960784 0.02352941
v 0.10363557 -0.06766042 0.55522222 0.27058824 0.27450980 0.29019608
v 0.11312871 -0.05664416 0.55522222 0.53725490 0.54901961 0.56470588
v 0.12694762 -0.04677238 0.55522222 0.76470588 0.77647059 0.80000000
v 0.12617868 -0.03221535 0.55522222 0.77254902 0.78823529 0.81176471
v 0.12951222 -0.01922078 0.55522222 0.77647059 0.78823529 0.81176471
v 0.14135644 -0.00600000 0.54211111 0.75686275 0.76862745 0.79215686
v 0.13284215 0.00495911 0.54211111 0.75686275 0.76862745 0.79215686
v 0.12942290 0.01573071 0.54211111 0.74901961 0.76078431 0.78431373
v 0.13059633 0.02789733 0.54211111 0.52156863 0.52941176 0.54509804
v 0.11603740 0.03598050 0.54211111 0.40392157 0.40784314 0.42352941
v 0.10630018 0.04511222 0.54211111 0.41960784 0.42745098 0.44313725
v 0.09995410 0.05663410 0.54211111 0.54901961 0.55686275 0.57647059
v 0.08156700 0.06061074 0.54211111 0.76470588 0.78039216 0.80392157
v 0.06699422 0.06671236 0.54211111 0.79215686 0.80784314 0.83137255
v 0.05409477 0.07583540 0.54211111 0.78431373 0.79607843 0.82352941
v 0.03467876 0.07510010 0.54211111 0.77647059 0.78823529 0.81176471
v 0.01748900 0.07724270 0.54211111 0.76470588 0.78039216 0.80000000
v 0.00000000 0.08257800 0.54211111 0.75294118 0.76862745 0.78823529
v -0.01748900 0.07724270 0.54211111 0.78431373 0.80000000 0.82352941
v -0.03467876 0.07510010 0.54211111 0.66666667 0.67843137 0.69803922
v -0.05409477 0.07583540 0.54211111 0.64313725 0.65098039 0.67058824
v -0.06699422 0.06671236 0.54211111 0.74117647 0.75686275 0.77647059
v -0.08156700 0.06061074 0.54211111 0.77254902 0.78823529 0.81176471
v -0.09995410 0.05663410 0.54211111 0.79215686 0.80784314 0.83137255
v -0.10630018 0.04511222 0.54211111 0.77647059 0.78823529 0.81176471
v -0.11603740 0.03598050 0.54211111 0.75294118 0.76862745 0.78823529
v -0.13059633 0.02789733 0.54211111 0.74509804 0.75686275 0.78039216
v -0.12942290 0.01573071 0.54211111 0.74117647 0.75686275 0.78039216
v -0.13284215 0.00495911 0.54211111 0.76078431 0.77647059 0.79607843
v -0.14135644 -0.00600000 0.54211111 0.78039216 0.79607843 0.81960784
v -0.13284215 -0.01963800 0.54211111 0.77647059 0.78823529 0.81176471
v -0.12942290 -0.03304266 0.54211111 0.74509804 0.75686275 0.78039216
v -0.13059633 -0.04818335 0.54211111 0.40392157 0.41176471 0.42352941
v -0.11603740 -0.05824240 0.54211111 0.01960784 0.01960784 0.02352941
v -0.10630018 -0.06960632 0.54211111 0.01960784 0.01960784 0.02352941
v -0.09995410 -0.08394466 0.54211111 0.01960784 0.01960784 0.02352941
v -0.08156700 -0.08889337 0.54211111 0.01960784 0.01960784 0.02352941
v -0.06699422 -0.09648649 0.54211111 0.01960784 0.01960784 0.02745098
v -0.05409477 -0.10783961 0.54211111 0.01960784 0.01960784 0.02352941
v -0.03467876 -0.10692457 0.54211111 0.52549020 0.53725490 0.55294118
v -0.01748900 -0.10959092 0.54211111 0.76862745 0.78039216 0.80392157
v -0.00000000 -0.11623040 0.54211111 0.75686275 0.76862745 0.79215686
v 0.01748900 -0.10959092 0.54211111 0.78823529 0.80392157 0.82745098
v 0.03467876 -0.10692457 0.54211111 0.67058824 0.68235294 0.70588235
v 0.05409477 -0.10783961 0.54211111 0.15294118 0.15686275 0.16470588
v 0.06699422 -0.09648649 0.54211111 0.01960784 0.01960784 0.02352941
v 0.08156700 -0.08889337 0.54211111 0.01960784 0.01960784 0.02352941
v 0.09995410 -0.08394466 0.54211111 0.01960784 0.01960784 0.02352941
v 0.10630018 -0.06960632 0.54211111 0.39215686 0.39607843 0.41176471
v 0.11603740 -0.05824240 0.54211111 0.79215686 0.80392157 0.83137255
v 0.13059633 -0.04818335 0.54211111 0.74509804 0.75686275 0.78039216
v 0.12942290 -0.03304266 0.54211111 0.74901961 0.76078431 0.78431373
v 0.13284215 -0.01963800 0.54211111 0.75294118 0.76862745 0.79215686
v 0.14532000 -0.00600000 0.52900000 0.74117647 0.75294118 0.77647059
v 0.13616504 0.00529367 0.52900000 0.72156863 0.73725490 0.75686275
v 0.13266025 0.01639411 0.52900000 0.75294118 0.76862745 0.78823529
v 0.13425817 0.02903528 0.52900000 0.50196078 0.51372549 0.52941176
v 0.11893993 0.03726210 0.52900000 0.01960784 0.01960784 0.02352941
v 0.10895915 0.04667260 0.52900000 0.01960784 0.01960784 0.02352941
v 0.10275676 0.05873676 0.52900000 0.01960784 0.01960784 0.02352941
v 0.08360729 0.06264426 0.52900000 0.52156863 0.52941176 0.54901961
v 0.06867000 0.06893216 0.52900000 0.74901961 0.76078431 0.78431373
v 0.05561156 0.07858265 0.52900000 0.78431373 0.79607843 0.82352941
v 0.03554621 0.07757596 0.52900000 0.74901961 0.76078431 0.78431373
v 0.01792647 0.07978397 0.52900000 0.74901961 0.76078431 0.78431373
v 0.00000000 0.08555160 0.52900000 0.72941176 0.74509804 0.76470588
v -0.01792647 0.07978397 0.52900000 0.76470588 0.78039216 0.80000000
v -0.03554621 0.07757596 0.52900000 0.52941176 0.53725490 0.55686275
v -0.05561156 0.07858265 0.52900000 0.26666667 0.27058824 0.28235294
v -0.06867000 0.06893216 0.52900000 0.47843137 0.49019608 0.50196078
v -0.08360729 0.06264426 0.52900000 0.76078431 0.77254902 0.79607843
v -0.10275676 0.05873676 0.52900000 0.80000000 0.81176471 0.83529412
v -0.10895915 0.04667260 0.52900000 0.79215686 0.80784314 0.83137255
v -0.11893993 0.03726210 0.52900000 0.74509804 0.76078431 0.78039216
v -0.13425817 0.02903528 0.52900000 0.73725490 0.75294118 0.77254902
v -0.13266025 0.01639411 0.52900000 0.73725490 0.74901961 0.77254902
v -0.13616504 0.00529367 0.52900000 0.74117647 0.75294118 0.77647059
v -0.14532000 -0.00600000 0.52900000 0.76078431 0.77254902 0.79607843
v -0.13616504 -0.02005435 0.52900000 0.76862745 0.78039216 0.80392157
v -0.13266025 -0.03386823 0.52900000 0.73333333 0.74509804 0.76470588
v -0.13425817 -0.04959946 0.52900000 0.75686275 0.77254902 0.79215686
v -0.11893993 -0.05983728 0.52900000 0.28627451 0.29411765 0.30588235
v -0.10895915 -0.07154812 0.52900000 0.01960784 0.01960784 0.02352941
v -0.10275676 -0.08656130 0.52900000 0.02352941 0.02352941 0.02745098
v -0.08360729 -0.09142397 0.52900000 0.01960784 0.01960784 0.02352941
v -0.06867000 -0.09924890 0.52900000 0.01960784 0.01960784 0.02352941
v -0.05561156 -0.11125841 0.52900000 0.01960784 0.01960784 0.02352941
v -0.03554621 -0.11000564 0.52900000 0.25098039 0.25490196 0.26274510
v -0.01792647 -0.11275339 0.52900000 0.75294118 0.76862745 0.78823529
v -0.00000000 -0.11993088 0.52900000 0.73333333 0.74509804 0.76862745
v 0.01792647 -0.11275339 0.52900000 0.77254902 0.78823529 0.81176471
v 0.03554621 -0.11000564 0.52900000 0.79607843 0.80784314 0.83529412
v 0.05561156 -0.11125841 0.52900000 0.29019608 0.29411765 0.30588235
v 0.06867000 -0.09924890 0.52900000 0.01960784 0.01960784 0.02352941
v 0.08360729 -0.09142397 0.52900000 0.01960784 0.01960784 0.02352941
v 0.10275676 -0.08656130 0.52900000 0.01960784 0.01960784 0.02352941
v 0.10895915 -0.07154812 0.52900000 0.26274510 0.26666667 0.27450980
v 0.11893993 -0.05983728 0.52900000 0.80000000 0.81176471 0.83921569
v 0.13425817 -0.04959946 0.52900000 0.75294118 0.76862745 0.78823529
v 0.13266025 -0.03386823 0.52900000 0.73333333 0.74509804 0.76862745
v 0.13616504 -0.02005435 0.52900000 0.72549020 0.73725490 0.76078431
f 2213 2214 2262
f 2213 2262 2261
f 2214 2215 2263
f 2214 2263 2262
f 2215 2216 2264
f 2215 2264 2263
f 2216 2217 2265
f 2216 2265 2264
f 2217 2218 2266
f 2217 2266 2265
f 2218 2219 2267
f 2218 2267 2266
f 2219 2220 2268
f 2219 2268 2267
f 2220 2221 2269
f 2220 2269 2268
f 2221 2222 2270
f 2221 2270 2269
f 2222 2223 2271
f 2222 2271 2270
f 2223 2224 2272
f 2223 2272 2271
f 2224 2225 2273
f 2224 2273 2272
f 2225 2226 2274
f 2225 2274 2273
f 2226 2227 2275
f 2226 2275 2274
f 2227 2228 2276
f 2227 2276 2275
f 2228 2229 2277
f 2228 2277 2276
f 2229 2230 2278
f 2229 2278 2277
f 2230 2231 2279
f 2230 2279 2278
f 2231 2232 2280
f 2231 2280 2279
f 2232 2233 2281
f 2232 2281 2280
f 2233 2234 2282
f 2233 2282 2281
f 2234 2235 2283
f 2234 2283 2282
f 2235 2236 2284
f 2235 2284 2283
f 2236 2237 2285
f 2236 2285 2284
f 2237 2238 2286
f 2237 2286 2285
f 2238 2239 2287
f 2238 2287 2286
f 2239 2240 2288
f 2239 2288 2287
f 2240 2241 2289
f 2240 2289 2288
f 2241 2242 2290
f 2241 2290 2289
f 2242 2243 2291
f 2242 2291 2290
f 2243 2244 2292
f 2243 2292 2291
f 2244 2245 2293
f 2244 2293 2292
f 2245 2246 2294
f 2245 2294 2293
f 2246 2247 2295
f 2246 2295 2294
f 2247 2248 2296
f 2247 2296 2295
f 2248 2249 2297
f 2248 2297 2296
f 2249 2250 2298
f 2249 2298 2297
f 2250 2251 2299
f 2250 2299 2298
f 2251 2252 2300
f 2251 2300 2299
f 2252 2253 2301
f 2252 2301 2300
f 2253 2254 2302
f 2253 2302 2301
f 2254 2255 2303
f 2254 2303 2302
f 2255 2256 2304
f 2255 2304 2303
f 2256 2257 2305
f 2256 2305 2304
f 2257 2258 2306
f 2257 2306 2305
f 2258 2259 2307
f 2258 2307 2306
f 2259 2260 2308
f 2259 2308 2307
f 2260 2213 2261
f 2260 2261 2308
f 2261 2262 2310
f 2261 2310 2309
f 2262 2263 2311
f 2262 2311 2310
f 2263 2264 2312
f 2263 2312 2311
f 2264 2265 2313
f 2264 2313 2312
f 2265 2266 2314
f 2265 2314 2313
f 2266 2267 2315
f 2266 2315 2314
f 2267 2268 2316
f 2267 2316 2315
f 2268 2269 2317
f 2268 2317 2316
f 2269 2270 2318
f 2269 2318 2317
f 2270 2271 2319
f 2270 2319 2318
f 2271 2272 2320
f 2271 2320 2319
f 2272 2273 2321
f 2272 2321 2320
f 2273 2274 2322
f 2273 2322 2321
f 2274 2275 2323
f 2274 2323 2322
f 2275 2276 2324
f 2275 2324 2323
f 2276 2277 2325
f 2276 2325 2324
f 2277 2278 2326
f 2277 2326 2325
f 2278 2279 2327
f 2278 2327 2326
f 2279 2280 2328
f 2279 2328 2327
f 2280 2281 2329
f 2280 2329 2328
f 2281 2282 2330
f 2281 2330 2329
f 2282 2283 2331
f 2282 2331 2330
f 2283 2284 2332
f 2283 2332 2331
f 2284 2285 2333
f 2284 2333 2332
f 2285 2286 2334
f 2285 2334 2333
f 2286 2287 2335
f 2286 2335 2334
f 2287 2288 2336
f 2287 2336 2335
f 2288 2289 2337
f 2288 2337 2336
f 2289 2290 2338
f 2289 2338 2337
f 2290 2291 2339
f 2290 2339 2338
f 2291 2292 2340
f 2291 2340 2339
f 2292 2293 2341
f 2292 2341 2340
f 2293 2294 2342
f 2293 2342 2341
f 2294 2295 2343
f 2294 2343 2342
f 2295 2296 2344
f 2295 2344 2343
f 2296 2297 2345
f 2296 2345 2344
f 2297 2298 2346
f 2297 2346 2345
f 2298 2299 2347
f 2298 2347 2346
f 2299 2300 2348
f 2299 2348 2347
f 2300 2301 2349
f 2300 2349 2348
f 2301 2302 2350
f 2301 2350 2349
f 2302 2303 2351
f 2302 2351 2350
f 2303 2304 2352
f 2303 2352 2351
f 2304 2305 2353
f 2304 2353 2352
f 2305 2306 2354
f 2305 2354 2353
f 2306 2307 2355
f 2306 2355 2354
f 2307 2308 2356
f 2307 2356 2355
f 2308 2261 2309
f 2308 2309 2356
f 2309 2310 2358
f 2309 2358 2357
f 2310 2311 2359
f 2310 2359 2358
f 2311 2312 2360
f 2311 2360 2359
f 2312 2313 2361
f 2312 2361 2360
f 2313 2314 2362
f 2313 2362 2361
f 2314 2315 2363
f 2314 2363 2362
f 2315 2316 2364
f 2315 2364 2363
f 2316 2317 2365
f 2316 2365 2364
f 2317 2318 2366
f 2317 2366 2365
f 2318 2319 2367
f 2318 2367 2366
f 2319 2320 2368
f 2319 2368 2367
f 2320 2321 2369
f 2320 2369 2368
f 2321 2322 2370
f 2321 2370 2369
f 2322 2323 2371
f 2322 2371 2370
f 2323 2324 2372
f 2323 2372 2371
f 2324 2325 2373
f 2324 2373 2372
f 2325 2326 2374
f 2325 2374 2373
f 2326 2327 2375
f 2326 2375 2374
f 2327 2328 2376
f 2327 2376 2375
f 2328 2329 2377
f 2328 2377 2376
f 2329 2330 2378
f 2329 2378 2377
f 2330 2331 2379
f 2330 2379 2378
f 2331 2332 2380
f 2331 2380 2379
f 2332 2333 2381
f 2332 2381 2380
f 2333 2334 2382
f 2333 2382 2381
f 2334 2335 2383
f 2334 2383 2382
f 2335 2336 2384
f 2335 2384 2383
f 2336 2337 2385
f 2336 2385 2384
f 2337 2338 2386
f 2337 2386 2385
f 2338 2339 2387
f 2338 2387 2386
f 2339 2340 2388
f 2339 2388 2387
f 2340 2341 2389
f 2340 2389 2388
f 2341 2342 2390
f 2341 2390 2389
f 2342 2343 2391
f 2342 2391 2390
f 2343 2344 2392
f 2343 2392 2391
f 2344 2345 2393
f 2344 2393 2392
f 2345 2346 2394
f 2345 2394 2393
f 2346 2347 2395
f 2346 2395 2394
f 2347 2348 2396
f 2347 2396 2395
f 2348 2349 2397
f 2348 2397 2396
f 2349 2350 2398
f 2349 2398 2397
f 2350 2351 2399
f 2350 2399 2398
f 2351 2352 2400
f 2351 2400 2399
f 2352 2353 2401
f 2352 2401 2400
f 2353 2354 2402
f 2353 2402 2401
f 2354 2355 2403
f 2354 2403 2402
f 2355 2356 2404
f 2355 2404 2403
f 2356 2309 2357
f 2356 2357 2404
f 2357 2358 2406
f 2357 2406 2405
f 2358 2359 2407
f 2358 2407 2406
f 2359 2360 2408
f 2359 2408 2407
f 2360 2361 2409
f 2360 2409 2408
f 2361 2362 2410
f 2361 2410 2409
f 2362 2363 2411
f 2362 2411 2410
f 2363 2364 2412
f 2363 2412 2411
f 2364 2365 2413
f 2364 2413 2412
f 2365 2366 2414
f 2365 2414 2413
f 2366 2367 2415
f 2366 2415 2414
f 2367 2368 2416
f 2367 2416 2415
f 2368 2369 2417
f 2368 2417 2416
f 2369 2370 2418
f 2369 2418 2417
f 2370 2371 2419
f 2370 2419 2418
f 2371 2372 2420
f 2371 2420 2419
f 2372 2373 2421
f 2372 2421 2420
f 2373 2374 2422
f 2373 2422 2421
f 2374 2375 2423
f 2374 2423 2422
f 2375 2376 2424
f 2375 2424 2423
f 2376 2377 2425
f 2376 2425 2424
f 2377 2378 2426
f 2377 2426 2425
f 2378 2379 2427
f 2378 2427 2426
f 2379 2380 2428
f 2379 2428 2427
f 2380 2381 2429
f 2380 2429 2428
f 2381 2382 2430
f 2381 2430 2429
f 2382 2383 2431
f 2382 2431 2430
f 2383 2384 2432
f 2383 2432 2431
f 2384 2385 2433
f 2384 2433 2432
f 2385 2386 2434
f 2385 2434 2433
f 2386 2387 2435
f 2386 2435 2434
f 2387 2388 2436
f 2387 2436 2435
f 2388 2389 2437
f 2388 2437 2436
f 2389 2390 2438
f 2389 2438 2437
f 2390 2391 2439
f 2390 2439 2438
f 2391 2392 2440
f 2391 2440 2439
f 2392 2393 2441
f 2392 2441 2440
f 2393 2394 2442
f 2393 2442 2441
f 2394 2395 2443
f 2394 2443 2442
f 2395 2396 2444
f 2395 2444 2443
f 2396 2397 2445
f 2396 2445 2444
f 2397 2398 2446
f 2397 2446 2445
f 2398 2399 2447
f 2398 2447 2446
f 2399 2400 2448
f 2399 2448 2447
f 2400 2401 2449
f 2400 2449 2448
f 2401 2402 2450
f 2401 2450 2449
f 2402 2403 2451
f 2402 2451 2450
f 2403 2404 2452
f 2403 2452 2451
f 2404 2357 2405
f 2404 2405 2452
f 2405 2406 2454
f 2405 2454 2453
f 2406 2407 2455
f 2406 2455 2454
f 2407 2408 2456
f 2407 2456 2455
f 2408 2409 2457
f 2408 2457 2456
f 2409 2410 2458
f 2409 2458 2457
f 2410 2411 2459
f 2410 2459 2458
f 2411 2412 2460
f 2411 2460 2459
f 2412 2413 2461
f 2412 2461 2460
f 2413 2414 2462
f 2413 2462 2461
f 2414 2415 2463
f 2414 2463 2462
f 2415 2416 2464
f 2415 2464 2463
f 2416 2417 2465
f 2416 2465 2464
f 2417 2418 2466
f 2417 2466 2465
f 2418 2419 2467
f 2418 2467 2466
f 2419 2420 2468
f 2419 2468 2467
f 2420 2421 2469
f 2420 2469 2468
f 2421 2422 2470
f 2421 2470 2469
f 2422 2423 2471
f 2422 2471 2470
f 2423 2424 2472
f 2423 2472 2471
f 2424 2425 2473
f 2424 2473 2472
f 2425 2426 2474
f 2425 2474 2473
f 2426 2427 2475
f 2426 2475 2474
f 2427 2428 2476
f 2427 2476 2475
f 2428 2429 2477
f 2428 2477 2476
f 2429 2430 2478
f 2429 2478 2477
f 2430 2431 2479
f 2430 2479 2478
f 2431 2432 2480
f 2431 2480 2479
f 2432 2433 2481
f 2432 2481 2480
f 2433 2434 2482
f 2433 2482 2481
f 2434 2435 2483
f 2434 2483 2482
f 2435 2436 2484
f 2435 2484 2483
f 2436 2437 2485
f 2436 2485 2484
f 2437 2438 2486
f 2437 2486 2485
f 2438 2439 2487
f 2438 2487 2486
f 2439 2440 2488
f 2439 2488 2487
f 2440 2441 2489
f 2440 2489 2488
f 2441 2442 2490
f 2441 2490 2489
f 2442 2443 2491
f 2442 2491 2490
f 2443 2444 2492
f 2443 2492 2491
f 2444 2445 2493
f 2444 2493 2492
f 2445 2446 2494
f 2445 2494 2493
f 2446 2447 2495
f 2446 2495 2494
f 2447 2448 2496
f 2447 2496 2495
f 2448 2449 2497
f 2448 2497 2496
f 2449 2450 2498
f 2449 2498 2497
f 2450 2451 2499
f 2450 2499 2498
f 2451 2452 2500
f 2451 2500 2499
f 2452 2405 2453
f 2452 2453 2500
f 2453 2454 2502
f 2453 2502 2501
f 2454 2455 2503
f 2454 2503 2502
f 2455 2456 2504
f 2455 2504 2503
f 2456 2457 2505
f 2456 2505 2504
f 2457 2458 2506
f 2457 2506 2505
f 2458 2459 2507
f 2458 2507 2506
f 2459 2460 2508
f 2459 2508 2507
f 2460 2461 2509
f 2460 2509 2508
f 2461 2462 2510
f 2461 2510 2509
f 2462 2463 2511
f 2462 2511 2510
f 2463 2464 2512
f 2463 2512 2511
f 2464 2465 2513
f 2464 2513 2512
f 2465 2466 2514
f 2465 2514 2513
f 2466 2467 2515
f 2466 2515 2514
f 2467 2468 2516
f 2467 2516 2515
f 2468 2469 2517
f 2468 2517 2516
f 2469 2470 2518
f 2469 2518 2517
f 2470 2471 2519
f 2470 2519 2518
f 2471 2472 2520
f 2471 2520 2519
f 2472 2473 2521
f 2472 2521 2520
f 2473 2474 2522
f 2473 2522 2521
f 2474 2475 2523
f 2474 2523 2522
f 2475 2476 2524
f 2475 2524 2523
f 2476 2477 2525
f 2476 2525 2524
f 2477 2478 2526
f 2477 2526 2525
f 2478 2479 2527
f 2478 2527 2526
f 2479 2480 2528
f 2479 2528 2527
f 2480 2481 2529
f 2480 2529 2528
f 2481 2482 2530
f 2481 2530 2529
f 2482 2483 2531
f 2482 2531 2530
f 2483 2484 2532
f 2483 2532 2531
f 2484 2485 2533
f 2484 2533 2532
f 2485 2486 2534
f 2485 2534 2533
f 2486 2487 2535
f 2486 2535 2534
f 2487 2488 2536
f 2487 2536 2535
f 2488 2489 2537
f 2488 2537 2536
f 2489 2490 2538
f 2489 2538 2537
f 2490 2491 2539
f 2490 2539 2538
f 2491 2492 2540
f 2491 2540 2539
f 2492 2493 2541
f 2492 2541 2540
f 2493 2494 2542
f 2493 2542 2541
f 2494 2495 2543
f 2494 2543 2542
f 2495 2496 2544
f 2495 2544 2543
f 2496 2497 2545
f 2496 2545 2544
f 2497 2498 2546
f 2497 2546 2545
f 2498 2499 2547
f 2498 2547 2546
f 2499 2500 2548
f 2499 2548 2547
f 2500 2453 2501
f 2500 2501 2548
f 2501 2502 2550
f 2501 2550 2549
f 2502 2503 2551
f 2502 2551 2550
f 2503 2504 2552
f 2503 2552 2551
f 2504 2505 2553
f 2504 2553 2552
f 2505 2506 2554
f 2505 2554 2553
f 2506 2507 2555
f 2506 2555 2554
f 2507 2508 2556
f 2507 2556 2555
f 2508 2509 2557
f 2508 2557 2556
f 2509 2510 2558
f 2509 2558 2557
f 2510 2511 2559
f 2510 2559 2558
f 2511 2512 2560
f 2511 2560 2559
f 2512 2513 2561
f 2512 2561 2560
f 2513 2514 2562
f 2513 2562 2561
f 2514 2515 2563
f 2514 2563 2562
f 2515 2516 2564
f 2515 2564 2563
f 2516 2517 2565
f 2516 2565 2564
f 2517 2518 2566
f 2517 2566 2565
f 2518 2519 2567
f 2518 2567 2566
f 2519 2520 2568
f 2519 2568 2567
f 2520 2521 2569
f 2520 2569 2568
f 2521 2522 2570
f 2521 2570 2569
f 2522 2523 2571
f 2522 2571 2570
f 2523 2524 2572
f 2523 2572 2571
f 2524 2525 2573
f 2524 2573 2572
f 2525 2526 2574
f 2525 2574 2573
f 2526 2527 2575
f 2526 2575 2574
f 2527 2528 2576
f 2527 2576 2575
f 2528 2529 2577
f 2528 2577 2576
f 2529 2530 2578
f 2529 2578 2577
f 2530 2531 2579
f 2530 2579 2578
f 2531 2532 2580
f 2531 2580 2579
f 2532 2533 2581
f 2532 2581 2580
f 2533 2534 2582
f 2533 2582 2581
f 2534 2535 2583
f 2534 2583 2582
f 2535 2536 2584
f 2535 2584 2583
f 2536 2537 2585
f 2536 2585 2584
f 2537 2538 2586
f 2537 2586 2585
f 2538 2539 2587
f 2538 2587 2586
f 2539 2540 2588
f 2539 2588 2587
f 2540 2541 2589
f 2540 2589 2588
f 2541 2542 2590
f 2541 2590 2589
f 2542 2543 2591
f 2542 2591 2590
f 2543 2544 2592
f 2543 2592 2591
f 2544 2545 2593
f 2544 2593 2592
f 2545 2546 2594
f 2545 2594 2593
f 2546 2547 2595
f 2546 2595 2594
f 2547 2548 2596
f 2547 2596 2595
f 2548 2501 2549
f 2548 2549 2596
f 2549 2550 2598
f 2549 2598 2597
f 2550 2551 2599
f 2550 2599 2598
f 2551 2552 2600
f 2551 2600 2599
f 2552 2553 2601
f 2552 2601 2600
f 2553 2554 2602
f 2553 2602 2601
f 2554 2555 2603
f 2554 2603 2602
f 2555 2556 2604
f 2555 2604 2603
f 2556 2557 2605
f 2556 2605 2604
f 2557 2558 2606
f 2557 2606 2605
f 2558 2559 2607
f 2558 2607 2606
f 2559 2560 2608
f 2559 2608 2607
f 2560 2561 2609
f 2560 2609 2608
f 2561 2562 2610
f 2561 2610 2609
f 2562 2563 2611
f 2562 2611 2610
f 2563 2564 2612
f 2563 2612 2611
f 2564 2565 2613
f 2564 2613 2612
f 2565 2566 2614
f 2565 2614 2613
f 2566 2567 2615
f 2566 2615 2614
f 2567 2568 2616
f 2567 2616 2615
f 2568 2569 2617
f 2568 2617 2616
f 2569 2570 2618
f 2569 2618 2617
f 2570 2571 2619
f 2570 2619 2618
f 2571 2572 2620
f 2571 2620 2619
f 2572 2573 2621
f 2572 2621 2620
f 2573 2574 2622
f 2573 2622 2621
f 2574 2575 2623
f 2574 2623 2622
f 2575 2576 2624
f 2575 2624 2623
f 2576 2577 2625
f 2576 2625 2624
f 2577 2578 2626
f 2577 2626 2625
f 2578 2579 2627
f 2578 2627 2626
f 2579 2580 2628
f 2579 2628 2627
f 2580 2581 2629
f 2580 2629 2628
f 2581 2582 2630
f 2581 2630 2629
f 2582 2583 2631
f 2582 2631 2630
f 2583 2584 2632
f 2583 2632 2631
f 2584 2585 2633
f 2584 2633 2632
f 2585 2586 2634
f 2585 2634 2633
f 2586 2587 2635
f 2586 2635 2634
f 2587 2588 2636
f 2587 2636 2635
f 2588 2589 2637
f 2588 2637 2636
f 2589 2590 2638
f 2589 2638 2637
f 2590 2591 2639
f 2590 2639 2638
f 2591 2592 2640
f 2591 2640 2639
f 2592 2593 2641
f 2592 2641 2640
f 2593 2594 2642
f 2593 2642 2641
f 2594 2595 2643
f 2594 2643 2642
f 2595 2596 2644
f 2595 2644 2643
f 2596 2549 2597
f 2596 2597 2644
f 2597 2598 2646
f 2597 2646 2645
f 2598 2599 2647
f 2598 2647 2646
f 2599 2600 2648
f 2599 2648 2647
f 2600 2601 2649
f 2600 2649 2648
f 2601 2602 2650
f 2601 2650 2649
f 2602 2603 2651
f 2602 2651 2650
f 2603 2604 2652
f 2603 2652 2651
f 2604 2605 2653
f 2604 2653 2652
f 2605 2606 2654
f 2605 2654 2653
f 2606 2607 2655
f 2606 2655 2654
f 2607 2608 2656
f 2607 2656 2655
f 2608 2609 2657
f 2608 2657 2656
f 2609 2610 2658
f 2609 2658 2657
f 2610 2611 2659
f 2610 2659 2658
f 2611 2612 2660
f 2611 2660 2659
f 2612 2613 2661
f 2612 2661 2660
f 2613 2614 2662
f 2613 2662 2661
f 2614 2615 2663
f 2614 2663 2662
f 2615 2616 2664
f 2615 2664 2663
f 2616 2617 2665
f 2616 2665 2664
f 2617 2618 2666
f 2617 2666 2665
f 2618 2619 2667
f 2618 2667 2666
f 2619 2620 2668
f 2619 2668 2667
f 2620 2621 2669
f 2620 2669 2668
f 2621 2622 2670
f 2621 2670 2669
f 2622 2623 2671
f 2622 2671 2670
f 2623 2624 2672
f 2623 2672 2671
f 2624 2625 2673
f 2624 2673 2672
f 2625 2626 2674
f 2625 2674 2673
f 2626 2627 2675
f 2626 2675 2674
f 2627 2628 2676
f 2627 2676 2675
f 2628 2629 2677
f 2628 2677 2676
f 2629 2630 2678
f 2629 2678 2677
f 2630 2631 2679
f 2630 2679 2678
f 2631 2632 2680
f 2631 2680 2679
f 2632 2633 2681
f 2632 2681 2680
f 2633 2634 2682
f 2633 2682 2681
f 2634 2635 2683
f 2634 2683 2682
f 2635 2636 2684
f 2635 2684 2683
f 2636 2637 2685
f 2636 2685 2684
f 2637 2638 2686
f 2637 2686 2685
f 2638 2639 2687
f 2638 2687 2686
f 2639 2640 2688
f 2639 2688 2687
f 2640 2641 2689
f 2640 2689 2688
f 2641 2642 2690
f 2641 2690 2689
f 2642 2643 2691
f 2642 2691 2690
f 2643 2644 2692
f 2643 2692 2691
f 2644 2597 2645
f 2644 2645 2692

o Waistband
v 0.10800000 -0.00600000 0.63200000 0.25098039 0.25490196 0.26666667
v 0.10707605 0.00240589 0.63200000 0.74117647 0.75294118 0.77647059
v 0.10431999 0.01066795 0.63200000 0.81960784 0.83137255 0.85490196
v 0.09977899 0.01864481 0.63200000 0.81960784 0.83529412 0.85882353
v 0.09353074 0.02620000 0.63200000 0.80784314 0.81960784 0.84705882
v 0.08568216 0.03320424 0.63200000 0.82352941 0.83921569 0.86274510
v 0.07636753 0.03953768 0.63200000 0.80392157 0.81960784 0.84313725
v 0.06574623 0.04509196 0.63200000 0.73333333 0.74509804 0.76862745
v 0.05400000 0.04977204 0.63200000 0.79215686 0.80392157 0.83137255
v 0.04132981 0.05349784 0.63200000 0.76078431 0.77254902 0.79607843
v 0.02795246 0.05620562 0.63200000 0.75294118 0.76470588 0.78823529
v 0.01409683 0.05784905 0.63200000 0.77647059 0.78823529 0.81176471
v 0.00000000 0.05840000 0.63200000 0.80000000 0.81568627 0.83921569
v -0.01409683 0.05784905 0.63200000 0.80392157 0.81568627 0.84313725
v -0.02795246 0.05620562 0.63200000 0.79607843 0.81176471 0.83529412
v -0.04132981 0.05349784 0.63200000 0.79215686 0.80392157 0.83137255
v -0.05400000 0.04977204 0.63200000 0.78823529 0.80000000 0.82745098
v -0.06574623 0.04509196 0.63200000 0.78431373 0.79607843 0.81960784
v -0.07636753 0.03953768 0.63200000 0.77647059 0.78823529 0.81176471
v -0.08568216 0.03320424 0.63200000 0.76078431 0.77254902 0.79607843
v -0.09353074 0.02620000 0.63200000 0.74509804 0.75686275 0.78039216
v -0.09977899 0.01864481 0.63200000 0.25098039 0.25490196 0.26666667
v -0.10431999 0.01066795 0.63200000 0.01960784 0.01960784 0.02352941
v -0.10707605 0.00240589 0.63200000 0.01960784 0.01960784 0.02352941
v -0.10800000 -0.00600000 0.63200000 0.01960784 0.01960784 0.02352941
v -0.10707605 -0.01605052 0.63200000 0.01960784 0.01960784 0.02352941
v -0.10431999 -0.02592907 0.63200000 0.01960784 0.01960784 0.02352941
v -0.09977899 -0.03546662 0.63200000 0.01960784 0.01960784 0.02745098
v -0.09353074 -0.04450000 0.63200000 0.01960784 0.01960784 0.02352941
v -0.08568216 -0.05287463 0.63200000 0.01960784 0.01960784 0.02352941
v -0.07636753 -0.06044722 0.63200000 0.01960784 0.01960784 0.02352941
v -0.06574623 -0.06708821 0.63200000 0.52941176 0.54117647 0.55686275
v -0.05400000 -0.07268396 0.63200000 0.74509804 0.75686275 0.78039216
v -0.04132981 -0.07713872 0.63200000 0.77647059 0.79215686 0.81568627
v -0.02795246 -0.08037629 0.63200000 0.78823529 0.80000000 0.82352941
v -0.01409683 -0.08234125 0.63200000 0.76470588 0.78039216 0.80392157
v -0.00000000 -0.08300000 0.63200000 0.74117647 0.75294118 0.77647059
v 0.01409683 -0.08234125 0.63200000 0.73333333 0.74509804 0.76862745
v 0.02795246 -0.08037629 0.63200000 0.24705882 0.25098039 0.26274510
v 0.04132981 -0.07713872 0.63200000 0.01960784 0.01960784 0.02352941
v 0.05400000 -0.07268396 0.63200000 0.01960784 0.01960784 0.02352941
v 0.06574623 -0.06708821 0.63200000 0.01960784 0.01960784 0.02352941
v 0.07636753 -0.06044722 0.63200000 0.01960784 0.01960784 0.02352941
v 0.08568216 -0.05287463 0.63200000 0.01960784 0.01960784 0.02352941
v 0.09353074 -0.04450000 0.63200000 0.01960784 0.01960784 0.02352941
v 0.09977899 -0.03546662 0.63200000 0.01960784 0.01960784 0.02352941
v 0.10431999 -0.02592907 0.63200000 0.01960784 0.01960784 0.02352941
v 0.10707605 -0.01605052 0.63200000 0.01960784 0.01960784 0.02352941
v 0.10600000 -0.00600000 0.65000000 0.01960784 0.01960784 0.02352941
v 0.10509316 0.00228580 0.65000000 0.48627451 0.49411765 0.50980392
v 0.10238814 0.01042983 0.65000000 0.78431373 0.79607843 0.81960784
v 0.09793123 0.01829274 0.65000000 0.82745098 0.84313725 0.86666667
v 0.09179869 0.02574000 0.65000000 0.81176471 0.82745098 0.85098039
v 0.08409545 0.03264418 0.65000000 0.81568627 0.83137255 0.85490196
v 0.07495332 0.03888714 0.65000000 0.82352941 0.83921569 0.86274510
v 0.06452871 0.04436207 0.65000000 0.76078431 0.77254902 0.79607843
v 0.05300000 0.04897529 0.65000000 0.75294118 0.76470588 0.78823529
v 0.04056444 0.05264787 0.65000000 0.78431373 0.80000000 0.82352941
v 0.02743482 0.05531697 0.65000000 0.74901961 0.76470588 0.78823529
v 0.01383578 0.05693692 0.65000000 0.77647059 0.79215686 0.81568627
v 0.00000000 0.05748000 0.65000000 0.80000000 0.81568627 0.83921569
v -0.01383578 0.05693692 0.65000000 0.78823529 0.80000000 0.82352941
v -0.02743482 0.05531697 0.65000000 0.76862745 0.78039216 0.80392157
v -0.04056444 0.05264787 0.65000000 0.75686275 0.76862745 0.79215686
v -0.05300000 0.04897529 0.65000000 0.74901961 0.76078431 0.78823529
v -0.06452871 0.04436207 0.65000000 0.74509804 0.76078431 0.78431373
v -0.07495332 0.03888714 0.65000000 0.74117647 0.75686275 0.77647059
v -0.08409545 0.03264418 0.65000000 0.73725490 0.75294118 0.77254902
v -0.09179869 0.02574000 0.65000000 0.74117647 0.75686275 0.78039216
v -0.09793123 0.01829274 0.65000000 0.49803922 0.50588235 0.52156863
v -0.10238814 0.01042983 0.65000000 0.01960784 0.01960784 0.02352941
v -0.10509316 0.00228580 0.65000000 0.01960784 0.01960784 0.02352941
v -0.10600000 -0.00600000 0.65000000 0.01960784 0.01960784 0.02352941
v -0.10509316 -0.01590694 0.65000000 0.01960784 0.01960784 0.02352941
v -0.10238814 -0.02564437 0.65000000 0.01960784 0.01960784 0.02352941
v -0.09793123 -0.03504567 0.65000000 0.02352941 0.02352941 0.02745098
v -0.09179869 -0.04395000 0.65000000 0.01960784 0.01960784 0.02352941
v -0.08409545 -0.05220499 0.65000000 0.01960784 0.01960784 0.02352941
v -0.07495332 -0.05966940 0.65000000 0.01960784 0.01960784 0.02352941
v -0.06452871 -0.06621552 0.65000000 0.28235294 0.28627451 0.29803922
v -0.05300000 -0.07173133 0.65000000 0.76078431 0.77254902 0.79607843
v -0.04056444 -0.07612246 0.65000000 0.76078431 0.77647059 0.79607843
v -0.02743482 -0.07931377 0.65000000 0.78431373 0.79607843 0.81960784
v -0.01383578 -0.08125066 0.65000000 0.76862745 0.78431373 0.80392157
v -0.00000000 -0.08190000 0.65000000 0.73725490 0.74901961 0.77254902
v 0.01383578 -0.08125066 0.65000000 0.74509804 0.75686275 0.78039216
v 0.02743482 -0.07931377 0.65000000 0.50196078 0.50980392 0.52549020
v 0.04056444 -0.07612246 0.65000000 0.01960784 0.01960784 0.02352941
v 0.05300000 -0.07173133 0.65000000 0.01960784 0.01960784 0.02352941
v 0.06452871 -0.06621552 0.65000000 0.01960784 0.01960784 0.02352941
v 0.07495332 -0.05966940 0.65000000 0.01960784 0.01960784 0.02352941
v 0.08409545 -0.05220499 0.65000000 0.01960784 0.01960784 0.02352941
v 0.09179869 -0.04395000 0.65000000 0.01960784 0.01960784 0.02352941
v 0.09793123 -0.03504567 0.65000000 0.01960784 0.01960784 0.02352941
v 0.10238814 -0.02564437 0.65000000 0.01960784 0.01960784 0.02352941
v 0.10509316 -0.01590694 0.65000000 0.01960784 0.01960784 0.02352941
f 2693 2694 2742
f 2693 2742 2741
f 2694 2695 2743
f 2694 2743 2742
f 2695 2696 2744
f 2695 2744 2743
f 2696 2697 2745
f 2696 2745 2744
f 2697 2698 2746
f 2697 2746 2745
f 2698 2699 2747
f 2698 2747 2746
f 2699 2700 2748
f 2699 2748 2747
f 2700 2701 2749
f 2700 2749 2748
f 2701 2702 2750
f 2701 2750 2749
f 2702 2703 2751
f 2702 2751 2750
f 2703 2704 2752
f 2703 2752 2751
f 2704 2705 2753
f 2704 2753 2752
f 2705 2706 2754
f 2705 2754 2753
f 2706 2707 2755
f 2706 2755 2754
f 2707 2708 2756
f 2707 2756 2755
f 2708 2709 2757
f 2708 2757 2756
f 2709 2710 2758
f 2709 2758 2757
f 2710 2711 2759
f 2710 2759 2758
f 2711 2712 2760
f 2711 2760 2759
f 2712 2713 2761
f 2712 2761 2760
f 2713 2714 2762
f 2713 2762 2761
f 2714 2715 2763
f 2714 2763 2762
f 2715 2716 2764
f 2715 2764 2763
f 2716 2717 2765
f 2716 2765 2764
f 2717 2718 2766
f 2717 2766 2765
f 2718 2719 2767
f 2718 2767 2766
f 2719 2720 2768
f 2719 2768 2767
f 2720 2721 2769
f 2720 2769 2768
f 2721 2722 2770
f 2721 2770 2769
f 2722 2723 2771
f 2722 2771 2770
f 2723 2724 2772
f 2723 2772 2771
f 2724 2725 2773
f 2724 2773 2772
f 2725 2726 2774
f 2725 2774 2773
f 2726 2727 2775
f 2726 2775 2774
f 2727 2728 2776
f 2727 2776 2775
f 2728 2729 2777
f 2728 2777 2776
f 2729 2730 2778
f 2729 2778 2777
f 2730 2731 2779
f 2730 2779 2778
f 2731 2732 2780
f 2731 2780 2779
f 2732 2733 2781
f 2732 2781 2780
f 2733 2734 2782
f 2733 2782 2781
f 2734 2735 2783
f 2734 2783 2782
f 2735 2736 2784
f 2735 2784 2783
f 2736 2737 2785
f 2736 2785 2784
f 2737 2738 2786
f 2737 2786 2785
f 2738 2739 2787
f 2738 2787 2786
f 2739 2740 2788
f 2739 2788 2787
f 2740 2693 2741
f 2740 2741 2788

o CatHood
v 0.04615693 -0.04862640 0.97500000 0.01960784 0.01960784 0.02352941
v 0.05335664 -0.04131080 0.97500000 0.48235294 0.49411765 0.50588235
v 0.05940915 -0.03302098 0.97500000 0.71372549 0.72549020 0.74901961
v 0.06418431 -0.02393518 0.97500000 0.73725490 0.74901961 0.77254902
v 0.06757946 -0.01424875 0.97500000 0.78823529 0.80392157 0.82745098
v 0.06952159 -0.00416996 0.97500000 0.81960784 0.83529412 0.85882353
v 0.06996896 0.00608449 0.97500000 0.75294118 0.76470588 0.78823529
v 0.06891193 0.01629412 0.97500000 0.76078431 0.77647059 0.80000000
v 0.06637325 0.02623942 0.97500000 0.78039216 0.79215686 0.81960784
v 0.06240748 0.03570656 0.97500000 0.75686275 0.77254902 0.79607843
v 0.05709991 0.04449198 0.97500000 0.74901961 0.76470588 0.78823529
v 0.05056464 0.05240679 0.97500000 0.76078431 0.77254902 0.79607843
v 0.04294220 0.05928081 0.97500000 0.75686275 0.77254902 0.79215686
v 0.03439646 0.06496625 0.97500000 0.76470588 0.77647059 0.80000000
v 0.02511117 0.06934087 0.97500000 0.75686275 0.77254902 0.79215686
v 0.01528596 0.07231061 0.97500000 0.79607843 0.80784314 0.83137255
v 0.00513210 0.07381161 0.97500000 0.25490196 0.25882353 0.27058824
v -0.00513210 0.07381161 0.97500000 0.01960784 0.01960784 0.02352941
v -0.01528596 0.07231061 0.97500000 0.28235294 0.29019608 0.29803922
v -0.02511117 0.06934087 0.97500000 0.78039216 0.79607843 0.81960784
v -0.03439646 0.06496625 0.97500000 0.76078431 0.77254902 0.79607843
v -0.04294220 0.05928081 0.97500000 0.74117647 0.75294118 0.77647059
v -0.05056464 0.05240679 0.97500000 0.72549020 0.74117647 0.76078431
v -0.05709991 0.04449198 0.97500000 0.72156863 0.73333333 0.75686275
v -0.06240748 0.03570656 0.97500000 0.72941176 0.74509804 0.76470588
v -0.06637325 0.02623942 0.97500000 0.76862745 0.78039216 0.80392157
v -0.06891193 0.01629412 0.97500000 0.81960784 0.83137255 0.85882353
v -0.06996896 0.00608449 0.97500000 0.78039216 0.79607843 0.81960784
v -0.06952159 -0.00416996 0.97500000 0.74117647 0.75686275 0.78039216
v -0.06757946 -0.01424875 0.97500000 0.78431373 0.79607843 0.81960784
v -0.06418431 -0.02393518 0.97500000 0.76862745 0.78039216 0.80392157
v -0.05940915 -0.03302098 0.97500000 0.78431373 0.80000000 0.81960784
v -0.05335664 -0.04131080 0.97500000 0.77647059 0.79215686 0.81568627
v -0.04615693 -0.04862640 0.97500000 0.79607843 0.81176471 0.83529412
v 0.05885096 -0.05848246 0.99029412 0.51372549 0.52549020 0.54117647
v 0.06803074 -0.04949025 0.99029412 0.53333333 0.54509804 0.56078431
v 0.07574780 -0.03930055 0.99029412 0.77254902 0.78823529 0.80784314
v 0.08183622 -0.02813245 0.99029412 0.76078431 0.77254902 0.79607843
v 0.08616510 -0.01622606 0.99029412 0.76862745 0.78431373 0.80784314
v 0.08864136 -0.00383738 0.99029412 0.80392157 0.81960784 0.84313725
v 0.08921176 0.00876721 0.99029412 0.80784314 0.82352941 0.84705882
v 0.08786403 0.02131672 0.99029412 0.74901961 0.76470588 0.78431373
v 0.08462716 0.03354131 0.99029412 0.77254902 0.78823529 0.80784314
v 0.07957074 0.04517814 0.99029412 0.78039216 0.79607843 0.81960784
v 0.07280348 0.05597703 0.99029412 0.76862745 0.78431373 0.80784314
v 0.06447089 0.06570577 0.99029412 0.75686275 0.77254902 0.79607843
v 0.05475212 0.07415520 0.99029412 0.76862745 0.78431373 0.80784314
v 0.04385614 0.08114365 0.99029412 0.77254902 0.78823529 0.80784314
v 0.03201722 0.08652085 0.99029412 0.77647059 0.79215686 0.81176471
v 0.01948990 0.09017120 0.99029412 0.76470588 0.78039216 0.80392157
v 0.00654353 0.09201621 0.99029412 0.50196078 0.51372549 0.52941176
v -0.00654353 0.09201621 0.99029412 0.01960784 0.01960784 0.02352941
v -0.01948990 0.09017120 0.99029412 0.01960784 0.01960784 0.02352941
v -0.03201722 0.08652085 0.99029412 0.52156863 0.53333333 0.54901961
v -0.04385614 0.08114365 0.99029412 0.76862745 0.78039216 0.80392157
v -0.05475212 0.07415520 0.99029412 0.75294118 0.76470588 0.78823529
v -0.06447089 0.06570577 0.99029412 0.73725490 0.75294118 0.77254902
v -0.07280348 0.05597703 0.99029412 0.75294118 0.76862745 0.78823529
v -0.07957074 0.04517814 0.99029412 0.77647059 0.79215686 0.81568627
v -0.08462716 0.03354131 0.99029412 0.79607843 0.81176471 0.83529412
v -0.08786403 0.02131672 0.99029412 0.81960784 0.83137255 0.85882353
v -0.08921176 0.00876721 0.99029412 0.80784314 0.81960784 0.84705882
v -0.08864136 -0.00383738 0.99029412 0.73333333 0.74509804 0.76862745
v -0.08616510 -0.01622606 0.99029412 0.77647059 0.79215686 0.81568627
v -0.08183622 -0.02813245 0.99029412 0.76862745 0.78039216 0.80392157
v -0.07574780 -0.03930055 0.99029412 0.76078431 0.77254902 0.79607843
v -0.06803074 -0.04949025 0.99029412 0.74901961 0.76078431 0.78431373
v -0.05885096 -0.05848246 0.99029412 0.74117647 0.75686275 0.78039216
v 0.07154500 -0.06841361 1.00558824 0.76470588 0.77647059 0.80000000
v 0.08270483 -0.05774479 1.00558824 0.76470588 0.77647059 0.80000000
v 0.09208645 -0.04565521 1.00558824 0.79215686 0.80392157 0.82745098
v 0.09948813 -0.03240480 1.00558824 0.81568627 0.83137255 0.85490196
v 0.10475074 -0.01827845 1.00558824 0.77254902 0.78431373 0.80784314
v 0.10776112 -0.00357989 1.00558824 0.74901961 0.76470588 0.78431373
v 0.10845456 0.01137485 1.00558824 0.77254902 0.78431373 0.80784314
v 0.10681613 0.02626422 1.00558824 0.80000000 0.81176471 0.83529412
v 0.10288107 0.04076810 1.00558824 0.76470588 0.77647059 0.80000000
v 0.09673399 0.05457464 1.00558824 0.76470588 0.78039216 0.80000000
v 0.08850704 0.06738699 1.00558824 0.78431373 0.80000000 0.82352941
v 0.07837713 0.07892967 1.00558824 0.79215686 0.80784314 0.83137255
v 0.06656204 0.08895451 1.00558824 0.77647059 0.78823529 0.81176471
v 0.05331582 0.09724596 1.00558824 0.77254902 0.78823529 0.81176471
v 0.03892327 0.10362575 1.00558824 0.75686275 0.77254902 0.79215686
v 0.02369383 0.10795671 1.00558824 0.76470588 0.77647059 0.80000000
v 0.00795496 0.11014573 1.00558824 0.61960784 0.62745098 0.64705882
v -0.00795496 0.11014573 1.00558824 0.13333333 0.13725490 0.14509804
v -0.02369383 0.10795671 1.00558824 0.01960784 0.01960784 0.02352941
v -0.03892327 0.10362575 1.00558824 0.40000000 0.40784314 0.41960784
v -0.05331582 0.09724596 1.00558824 0.77254902 0.78823529 0.81176471
v -0.06656204 0.08895451 1.00558824 0.78039216 0.79607843 0.81960784
v -0.07837713 0.07892967 1.00558824 0.74509804 0.76078431 0.78039216
v -0.08850704 0.06738699 1.00558824 0.76862745 0.78431373 0.80784314
v -0.09673399 0.05457464 1.00558824 0.75294118 0.76862745 0.78823529
v -0.10288107 0.04076810 1.00558824 0.77647059 0.79215686 0.81568627
v -0.10681613 0.02626422 1.00558824 0.81568627 0.83137255 0.85490196
v -0.10845456 0.01137485 1.00558824 0.81568627 0.83137255 0.85490196
v -0.10776112 -0.00357989 1.00558824 0.76078431 0.77647059 0.80000000
v -0.10475074 -0.01827845 1.00558824 0.73333333 0.74901961 0.76862745
v -0.09948813 -0.03240480 1.00558824 0.78431373 0.79607843 0.81960784
v -0.09208645 -0.04565521 1.00558824 0.76862745 0.78039216 0.80392157
v -0.08270483 -0.05774479 1.00558824 0.78823529 0.80392157 0.82745098
v -0.07154500 -0.06841361 1.00558824 0.79215686 0.80392157 0.82745098
v 0.08423904 -0.07849238 1.02088235 0.78039216 0.79215686 0.81568627
v 0.09737893 -0.06614695 1.02088235 0.76862745 0.78039216 0.80392157
v 0.10842510 -0.05215749 1.02088235 0.75294118 0.76862745 0.79215686
v 0.11714004 -0.03682477 1.02088235 0.78823529 0.80392157 0.82352941
v 0.12333638 -0.02047846 1.02088235 0.79215686 0.80392157 0.82745098
v 0.12688089 -0.00347002 1.02088235 0.60784314 0.61960784 0.63529412
v 0.12769735 0.01383486 1.02088235 0.70980392 0.72156863 0.74509804
v 0.12576823 0.03106411 1.02088235 0.72941176 0.74117647 0.76470588
v 0.12113498 0.04784727 1.02088235 0.79607843 0.80784314 0.83529412
v 0.11389724 0.06382352 1.02088235 0.76078431 0.77254902 0.79607843
v 0.10421061 0.07864933 1.02088235 0.75294118 0.76862745 0.78823529
v 0.09228337 0.09200595 1.02088235 0.74509804 0.76078431 0.78431373
v 0.07837197 0.10360619 1.02088235 0.75294118 0.76862745 0.78823529
v 0.06277550 0.11320065 1.02088235 0.77254902 0.78431373 0.80784314
v 0.04582932 0.12058303 1.02088235 0.76470588 0.77647059 0.80000000
v 0.02789776 0.12559460 1.02088235 0.75686275 0.76862745 0.79215686
v 0.00936638 0.12812762 1.02088235 0.75686275 0.76862745 0.79215686
v -0.00936638 0.12812762 1.02088235 0.26274510 0.26666667 0.27843137
v -0.02789776 0.12559460 1.02088235 0.01960784 0.01960784 0.02352941
v -0.04582932 0.12058303 1.02088235 0.38823529 0.39607843 0.40784314
v -0.06277550 0.11320065 1.02088235 0.76862745 0.78039216 0.80392157
v -0.07837197 0.10360619 1.02088235 0.78431373 0.80000000 0.82352941
v -0.09228337 0.09200595 1.02088235 0.74509804 0.76078431 0.78431373
v -0.10421061 0.07864933 1.02088235 0.78431373 0.80000000 0.81960784
v -0.11389724 0.06382352 1.02088235 0.77647059 0.78823529 0.81176471
v -0.12113498 0.04784727 1.02088235 0.74509804 0.75686275 0.78039216
v -0.12576823 0.03106411 1.02088235 0.74901961 0.76078431 0.78431373
v -0.12769735 0.01383486 1.02088235 0.79607843 0.81176471 0.83529412
v -0.12688089 -0.00347002 1.02088235 0.78823529 0.80392157 0.82745098
v -0.12333638 -0.02047846 1.02088235 0.72941176 0.74117647 0.76470588
v -0.11714004 -0.03682477 1.02088235 0.77647059 0.79215686 0.81568627
v -0.10842510 -0.05215749 1.02088235 0.77647059 0.78823529 0.81176471
v -0.09737893 -0.06614695 1.02088235 0.76470588 0.77647059 0.80000000
v -0.08423904 -0.07849238 1.02088235 0.77647059 0.79215686 0.81568627
v 0.09382025 -0.08605150 1.03617647 0.79607843 0.81176471 0.83529412
v 0.10845465 -0.07240963 1.03617647 0.75294118 0.76470588 0.78823529
v 0.12075719 -0.05695107 1.03617647 0.76862745 0.78039216 0.80784314
v 0.13046336 -0.04000819 1.03617647 0.65882353 0.67058824 0.69019608
v 0.13736446 -0.02194528 1.03617647 0.41176471 0.41960784 0.43137255
v 0.14131211 -0.00315071 1.03617647 0.26666667 0.27058824 0.28235294
v 0.14222144 0.01597143 1.03617647 0.24705882 0.25098039 0.26274510
v 0.14007290 0.03500999 1.03617647 0.62745098 0.63921569 0.65882353
v 0.13491267 0.05355563 1.03617647 0.76470588 0.77647059 0.80000000
v 0.12685172 0.07120961 1.03617647 0.78431373 0.80000000 0.82352941
v 0.11606335 0.08759235 1.03617647 0.74117647 0.75686275 0.77647059
v 0.10277953 0.10235160 1.03617647 0.74901961 0.76078431 0.78431373
v 0.08728587 0.11517004 1.03617647 0.76470588 0.78039216 0.80392157
v 0.06991549 0.12577205 1.03617647 0.77647059 0.78823529 0.81176471
v 0.05104187 0.13392968 1.03617647 0.74901961 0.76078431 0.78431373
v 0.03107081 0.13946755 1.03617647 0.75686275 0.76862745 0.79215686
v 0.01043170 0.14226657 1.03617647 0.75294118 0.76862745 0.78823529
v -0.01043170 0.14226657 1.03617647 0.37647059 0.38431373 0.39607843
v -0.03107081 0.13946755 1.03617647 0.01960784 0.01960784 0.02352941
v -0.05104187 0.13392968 1.03617647 0.39215686 0.40000000 0.41176471
v -0.06991549 0.12577205 1.03617647 0.77254902 0.78823529 0.81176471
v -0.08728587 0.11517004 1.03617647 0.77647059 0.78823529 0.81176471
v -0.10277953 0.10235160 1.03617647 0.74509804 0.76078431 0.78431373
v -0.11606335 0.08759235 1.03617647 0.78431373 0.80000000 0.82352941
v -0.12685172 0.07120961 1.03617647 0.76862745 0.78039216 0.80392157
v -0.13491267 0.05355563 1.03617647 0.77254902 0.78431373 0.80784314
v -0.14007290 0.03500999 1.03617647 0.76078431 0.77254902 0.79607843
v -0.14222144 0.01597143 1.03617647 0.76862745 0.78039216 0.80392157
v -0.14131211 -0.00315071 1.03617647 0.77254902 0.78431373 0.80784314
v -0.13736446 -0.02194528 1.03617647 0.76862745 0.78431373 0.80784314
v -0.13046336 -0.04000819 1.03617647 0.74509804 0.76078431 0.78039216
v -0.12075719 -0.05695107 1.03617647 0.78431373 0.79607843 0.81960784
v -0.10845465 -0.07240963 1.03617647 0.78039216 0.79607843 0.81960784
v -0.09382025 -0.08605150 1.03617647 0.77647059 0.78823529 0.81176471
v 0.09454187 -0.08610233 1.05147059 0.79607843 0.81176471 0.83529412
v 0.10928884 -0.07224601 1.05147059 0.76470588 0.78039216 0.80392157
v 0.12168600 -0.05654444 1.05147059 0.74509804 0.76078431 0.78431373
v 0.13146683 -0.03933522 1.05147059 0.54117647 0.54901961 0.56862745
v 0.13842101 -0.02098837 1.05147059 0.15294118 0.15686275 0.16470588
v 0.14239902 -0.00189834 1.05147059 0.01960784 0.01960784 0.02352941
v 0.14331535 0.01752439 1.05147059 0.01960784 0.01960784 0.02352941
v 0.14115028 0.03686224 1.05147059 0.27450980 0.27843137 0.28627451
v 0.13595036 0.05569942 1.05147059 0.79607843 0.80784314 0.83137255
v 0.12782741 0.07363092 1.05147059 0.76470588 0.78039216 0.80000000
v 0.11695606 0.09027119 1.05147059 0.73725490 0.74901961 0.77254902
v 0.10357007 0.10526246 1.05147059 0.71764706 0.73333333 0.75294118
v 0.08795723 0.11828240 1.05147059 0.72549020 0.74117647 0.76078431
v 0.07045325 0.12905108 1.05147059 0.78823529 0.80000000 0.82352941
v 0.05143446 0.13733695 1.05147059 0.77647059 0.78823529 0.81176471
v 0.03130979 0.14296187 1.05147059 0.79607843 0.81176471 0.83529412
v 0.01051193 0.14580489 1.05147059 0.79215686 0.80784314 0.83137255
v -0.01051193 0.14580489 1.05147059 0.38823529 0.39607843 0.40784314
v -0.03130979 0.14296187 1.05147059 0.01960784 0.01960784 0.02352941
v -0.05143446 0.13733695 1.05147059 0.39215686 0.40000000 0.41176471
v -0.07045325 0.12905108 1.05147059 0.78823529 0.80000000 0.82352941
v -0.08795723 0.11828240 1.05147059 0.76078431 0.77254902 0.79607843
v -0.10357007 0.10526246 1.05147059 0.74901961 0.76470588 0.78823529
v -0.11695606 0.09027119 1.05147059 0.78431373 0.80000000 0.82352941
v -0.12782741 0.07363092 1.05147059 0.77254902 0.78823529 0.81176471
v -0.13595036 0.05569942 1.05147059 0.75686275 0.76862745 0.79215686
v -0.14115028 0.03686224 1.05147059 0.77647059 0.79215686 0.81568627
v -0.14331535 0.01752439 1.05147059 0.79607843 0.80784314 0.83137255
v -0.14239902 -0.00189834 1.05147059 0.78039216 0.79607843 0.81960784
v -0.13842101 -0.02098837 1.05147059 0.79215686 0.80784314 0.83137255
v -0.13146683 -0.03933522 1.05147059 0.76470588 0.78039216 0.80392157
v -0.12168600 -0.05654444 1.05147059 0.76862745 0.78039216 0.80392157
v -0.10928884 -0.07224601 1.05147059 0.82745098 0.84313725 0.86666667
v -0.09454187 -0.08610233 1.05147059 0.83137255 0.84705882 0.87058824
v 0.09526350 -0.08647927 1.06676471 0.79607843 0.81176471 0.83529412
v 0.11012302 -0.07240850 1.06676471 0.77254902 0.78823529 0.81176471
v 0.12261482 -0.05646392 1.06676471 0.74509804 0.75686275 0.78039216
v 0.13247029 -0.03898836 1.06676471 0.40392157 0.40784314 0.42352941
v 0.13947755 -0.02035756 1.06676471 0.01960784 0.01960784 0.02352941
v 0.14348594 -0.00097209 1.06676471 0.01960784 0.01960784 0.02352941
v 0.14440925 0.01875125 1.06676471 0.01960784 0.01960784 0.02352941
v 0.14222766 0.03838838 1.06676471 0.01960784 0.01960784 0.02352941
v 0.13698805 0.05751710 1.06676471 0.40000000 0.40392157 0.41960784
v 0.12880310 0.07572612 1.06676471 0.76862745 0.78039216 0.80392157
v 0.11784877 0.09262393 1.06676471 0.75294118 0.76862745 0.78823529
v 0.10436060 0.10784721 1.06676471 0.77647059 0.79215686 0.81568627
v 0.08862860 0.12106866 1.06676471 0.73333333 0.74509804 0.76862745
v 0.07099100 0.13200400 1.06676471 0.77254902 0.78431373 0.80784314
v 0.05182705 0.14041811 1.06676471 0.78431373 0.79607843 0.81960784
v 0.03154877 0.14613008 1.06676471 0.78039216 0.79607843 0.81960784
v 0.01059217 0.14901710 1.06676471 0.78823529 0.80392157 0.82745098
v -0.01059217 0.14901710 1.06676471 0.53725490 0.54901961 0.56470588
v -0.03154877 0.14613008 1.06676471 0.01960784 0.01960784 0.02352941
v -0.05182705 0.14041811 1.06676471 0.40000000 0.40784314 0.42352941
v -0.07099100 0.13200400 1.06676471 0.77647059 0.79215686 0.81568627
v -0.08862860 0.12106866 1.06676471 0.74901961 0.76078431 0.78431373
v -0.10436060 0.10784721 1.06676471 0.76078431 0.77647059 0.80000000
v -0.11784877 0.09262393 1.06676471 0.79215686 0.80784314 0.83137255
v -0.12880310 0.07572612 1.06676471 0.76470588 0.77647059 0.80000000
v -0.13698805 0.05751710 1.06676471 0.76078431 0.77254902 0.79607843
v -0.14222766 0.03838838 1.06676471 0.77254902 0.78823529 0.81176471
v -0.14440925 0.01875125 1.06676471 0.79215686 0.80784314 0.83137255
v -0.14348594 -0.00097209 1.06676471 0.78039216 0.79215686 0.81568627
v -0.13947755 -0.02035756 1.06676471 0.79215686 0.80392157 0.82745098
v -0.13247029 -0.03898836 1.06676471 0.76862745 0.78039216 0.80392157
v -0.12261482 -0.05646392 1.06676471 0.77647059 0.79215686 0.81568627
v -0.11012302 -0.07240850 1.06676471 0.83137255 0.84705882 0.87058824
v -0.09526350 -0.08647927 1.06676471 0.83529412 0.85098039 0.87450980
v 0.09598512 -0.08722202 1.08205882 0.79607843 0.81176471 0.83529412
v 0.11095721 -0.07293679 1.08205882 0.77647059 0.79215686 0.81176471
v 0.12354363 -0.05674921 1.08205882 0.74509804 0.75686275 0.77647059
v 0.13347376 -0.03900731 1.08205882 0.39607843 0.40392157 0.41960784
v 0.14053410 -0.02009256 1.08205882 0.01960784 0.01960784 0.02352941
v 0.14457285 -0.00041163 1.08205882 0.01960784 0.01960784 0.02352941
v 0.14550316 0.01961230 1.08205882 0.01960784 0.01960784 0.02352941
v 0.14330504 0.03954872 1.08205882 0.01960784 0.01960784 0.02352941
v 0.13802574 0.05896898 1.08205882 0.01960784 0.01960784 0.02352941
v 0.12977879 0.07745551 1.08205882 0.51764706 0.52549020 0.54509804
v 0.11874148 0.09461086 1.08205882 0.78823529 0.80392157 0.82745098
v 0.10515114 0.11006616 1.08205882 0.82352941 0.83921569 0.86666667
v 0.08929996 0.12348911 1.08205882 0.78823529 0.80000000 0.82745098
v 0.07152876 0.13459111 1.08205882 0.75294118 0.76862745 0.78823529
v 0.05221964 0.14313346 1.08205882 0.77254902 0.78431373 0.80784314
v 0.03178776 0.14893249 1.08205882 0.74901961 0.76078431 0.78431373
v 0.01067241 0.15186351 1.08205882 0.76078431 0.77647059 0.80000000
v -0.01067241 0.15186351 1.08205882 0.67450980 0.68627451 0.70588235
v -0.03178776 0.14893249 1.08205882 0.15686275 0.15686275 0.16470588
v -0.05221964 0.14313346 1.08205882 0.40392157 0.41176471 0.42745098
v -0.07152876 0.13459111 1.08205882 0.76078431 0.77647059 0.80000000
v -0.08929996 0.12348911 1.08205882 0.74509804 0.76078431 0.78039216
v -0.10515114 0.11006616 1.08205882 0.77647059 0.78823529 0.81176471
v -0.11874148 0.09461086 1.08205882 0.79607843 0.80784314 0.83137255
v -0.12977879 0.07745551 1.08205882 0.75686275 0.77254902 0.79215686
v -0.13802574 0.05896898 1.08205882 0.76470588 0.77647059 0.80000000
v -0.14330504 0.03954872 1.08205882 0.77647059 0.78823529 0.81176471
v -0.14550316 0.01961230 1.08205882 0.79215686 0.80392157 0.82745098
v -0.14457285 -0.00041163 1.08205882 0.77254902 0.78431373 0.80784314
v -0.14053410 -0.02009256 1.08205882 0.78431373 0.80000000 0.82352941
v -0.13347376 -0.03900731 1.08205882 0.77254902 0.78823529 0.81176471
v -0.12354363 -0.05674921 1.08205882 0.78823529 0.80392157 0.82745098
v -0.11095721 -0.07293679 1.08205882 0.82352941 0.83921569 0.86274510
v -0.09598512 -0.08722202 1.08205882 0.82745098 0.83921569 0.86666667
v 0.09670675 -0.08835781 1.09735294 0.80000000 0.81176471 0.83529412
v 0.11179140 -0.07385814 1.09735294 0.77647059 0.78823529 0.81176471
v 0.12447244 -0.05742754 1.09735294 0.74509804 0.75686275 0.77647059
v 0.13447723 -0.03941930 1.09735294 0.39607843 0.40392157 0.41568627
v 0.14159065 -0.02022060 1.09735294 0.01960784 0.01960784 0.02352941
v 0.14565976 -0.00024423 1.09735294 0.01960784 0.01960784 0.02352941
v 0.14659707 0.02008031 1.09735294 0.01960784 0.01960784 0.02352941
v 0.14438242 0.04031602 1.09735294 0.01960784 0.01960784 0.02352941
v 0.13906343 0.06002781 1.09735294 0.01960784 0.01960784 0.02352941
v 0.13075447 0.07879186 1.09735294 0.27843137 0.28627451 0.29803922
v 0.11963419 0.09620475 1.09735294 0.80784314 0.81960784 0.84705882
v 0.10594167 0.11189206 1.09735294 0.81568627 0.83137255 0.85490196
v 0.08997133 0.12551652 1.09735294 0.81960784 0.83529412 0.85882353
v 0.07206652 0.13678518 1.09735294 0.75686275 0.76862745 0.79215686
v 0.05261223 0.14545577 1.09735294 0.75686275 0.76862745 0.79215686
v 0.03202674 0.15134185 1.09735294 0.74117647 0.75294118 0.77254902
v 0.01075264 0.15431688 1.09735294 0.74117647 0.75686275 0.77647059
v -0.01075264 0.15431688 1.09735294 0.78039216 0.79607843 0.81960784
v -0.03202674 0.15134185 1.09735294 0.27450980 0.27843137 0.29019608
v -0.05261223 0.14545577 1.09735294 0.40392157 0.41176471 0.42352941
v -0.07206652 0.13678518 1.09735294 0.74901961 0.76078431 0.78431373
v -0.08997133 0.12551652 1.09735294 0.75294118 0.76470588 0.78823529
v -0.10594167 0.11189206 1.09735294 0.78431373 0.80000000 0.82352941
v -0.11963419 0.09620475 1.09735294 0.79215686 0.80784314 0.83137255
v -0.13075447 0.07879186 1.09735294 0.75294118 0.76862745 0.79215686
v -0.13906343 0.06002781 1.09735294 0.76470588 0.77647059 0.80000000
v -0.14438242 0.04031602 1.09735294 0.77647059 0.79215686 0.81176471
v -0.14659707 0.02008031 1.09735294 0.78431373 0.80000000 0.82352941
v -0.14565976 -0.00024423 1.09735294 0.76078431 0.77254902 0.79607843
v -0.14159065 -0.02022060 1.09735294 0.77254902 0.78823529 0.80784314
v -0.13447723 -0.03941930 1.09735294 0.78039216 0.79607843 0.81568627
v -0.12447244 -0.05742754 1.09735294 0.79215686 0.80784314 0.83137255
v -0.11179140 -0.07385814 1.09735294 0.79607843 0.80784314 0.83137255
v -0.09670675 -0.08835781 1.09735294 0.79607843 0.80784314 0.83137255
v 0.09742837 -0.08990050 1.11264706 0.80000000 0.81176471 0.83529412
v 0.11262558 -0.07518638 1.11264706 0.77254902 0.78431373 0.80784314
v 0.12540125 -0.05851278 1.11264706 0.74117647 0.75686275 0.77647059
v 0.13548070 -0.04023819 1.11264706 0.39607843 0.40000000 0.41568627
v 0.14264720 -0.02075554 1.11264706 0.01960784 0.01960784 0.02352941
v 0.14674667 -0.00048372 1.11264706 0.01960784 0.01960784 0.02352941
v 0.14769097 0.02014142 1.11264706 0.01960784 0.01960784 0.02352941
v 0.14545980 0.04067641 1.11264706 0.01960784 0.01960784 0.02352941
v 0.14010112 0.06067974 1.11264706 0.01960784 0.01960784 0.02352941
v 0.13173016 0.07972131 1.11264706 0.01960784 0.01960784 0.02352941
v 0.12052690 0.09739173 1.11264706 0.52941176 0.53725490 0.55686275
v 0.10673221 0.11331106 1.11264706 0.77254902 0.78431373 0.80784314
v 0.09064269 0.12713702 1.11264706 0.80784314 0.82352941 0.84705882
v 0.07260428 0.13857235 1.11264706 0.76862745 0.78431373 0.80392157
v 0.05300483 0.14737118 1.11264706 0.74901961 0.76470588 0.78823529
v 0.03226572 0.15334431 1.11264706 0.75294118 0.76862745 0.78823529
v 0.01083288 0.15636334 1.11264706 0.74509804 0.75686275 0.78039216
v -0.01083288 0.15636334 1.11264706 0.76470588 0.77647059 0.80000000
v -0.03226572 0.15334431 1.11264706 0.40000000 0.40392157 0.41960784
v -0.05300483 0.14737118 1.11264706 0.40000000 0.40392157 0.41960784
v -0.07260428 0.13857235 1.11264706 0.74509804 0.75686275 0.78039216
v -0.09064269 0.12713702 1.11264706 0.76078431 0.77254902 0.79607843
v -0.10673221 0.11331106 1.11264706 0.79215686 0.80784314 0.83137255
v -0.12052690 0.09739173 1.11264706 0.79215686 0.80784314 0.83137255
v -0.13173016 0.07972131 1.11264706 0.75294118 0.76470588 0.78823529
v -0.14010112 0.06067974 1.11264706 0.76078431 0.77254902 0.79607843
v -0.14545980 0.04067641 1.11264706 0.78039216 0.79607843 0.81960784
v -0.14769097 0.02014142 1.11264706 0.77647059 0.78823529 0.81176471
v -0.14674667 -0.00048372 1.11264706 0.74509804 0.76078431 0.78431373
v -0.14264720 -0.02075554 1.11264706 0.75294118 0.76862745 0.78823529
v -0.13548070 -0.04023819 1.11264706 0.78431373 0.80000000 0.82352941
v -0.12540125 -0.05851278 1.11264706 0.78431373 0.80000000 0.82352941
v -0.11262558 -0.07518638 1.11264706 0.74901961 0.76470588 0.78431373
v -0.09742837 -0.08990050 1.11264706 0.74509804 0.75686275 0.78039216
v 0.09814999 -0.09185010 1.12794118 0.79215686 0.80392157 0.83137255
v 0.11345977 -0.07692152 1.12794118 0.76078431 0.77254902 0.79607843
v 0.12633007 -0.06000491 1.12794118 0.74117647 0.75686275 0.77647059
v 0.13648417 -0.04146399 1.12794118 0.51764706 0.52941176 0.54509804
v 0.14370375 -0.02169739 1.12794118 0.01960784 0.01960784 0.02352941
v 0.14783358 -0.00113012 1.12794118 0.01960784 0.01960784 0.02352941
v 0.14878488 0.01979562 1.12794118 0.01960784 0.01960784 0.02352941
v 0.14653718 0.04062990 1.12794118 0.01960784 0.01960784 0.02352941
v 0.14113881 0.06092476 1.12794118 0.01960784 0.01960784 0.02352941
v 0.13270585 0.08024386 1.12794118 0.01960784 0.01960784 0.02352941
v 0.12141961 0.09817181 1.12794118 0.37647059 0.38039216 0.39607843
v 0.10752274 0.11432316 1.12794118 0.72941176 0.74509804 0.76470588
v 0.09131406 0.12835063 1.12794118 0.77647059 0.79215686 0.81568627
v 0.07314204 0.13995262 1.12794118 0.78039216 0.79215686 0.81568627
v 0.05339742 0.14887968 1.12794118 0.75686275 0.77254902 0.79215686
v 0.03250471 0.15493987 1.12794118 0.77647059 0.78823529 0.81176471
v 0.01091312 0.15800290 1.12794118 0.75686275 0.77254902 0.79215686
v -0.01091312 0.15800290 1.12794118 0.75294118 0.76470588 0.78823529
v -0.03250471 0.15493987 1.12794118 0.40392157 0.41176471 0.42352941
v -0.05339742 0.14887968 1.12794118 0.39215686 0.40000000 0.41176471
v -0.07314204 0.13995262 1.12794118 0.74117647 0.75686275 0.77647059
v -0.09131406 0.12835063 1.12794118 0.76470588 0.78039216 0.80392157
v -0.10752274 0.11432316 1.12794118 0.79607843 0.80784314 0.83137255
v -0.12141961 0.09817181 1.12794118 0.79607843 0.80784314 0.83137255
v -0.13270585 0.08024386 1.12794118 0.75686275 0.76862745 0.79215686
v -0.14113881 0.06092476 1.12794118 0.75294118 0.76862745 0.79215686
v -0.14653718 0.04062990 1.12794118 0.78823529 0.80000000 0.82352941
v -0.14878488 0.01979562 1.12794118 0.76078431 0.77647059 0.79607843
v -0.14783358 -0.00113012 1.12794118 0.74117647 0.75294118 0.77647059
v -0.14370375 -0.02169739 1.12794118 0.73725490 0.75294118 0.77647059
v -0.13648417 -0.04146399 1.12794118 0.77647059 0.79215686 0.81568627
v -0.12633007 -0.06000491 1.12794118 0.76862745 0.78431373 0.80784314
v -0.11345977 -0.07692152 1.12794118 0.72156863 0.73333333 0.75294118
v -0.09814999 -0.09185010 1.12794118 0.70980392 0.72156863 0.74509804
v 0.09887162 -0.09419274 1.14323529 0.78039216 0.79607843 0.81960784
v 0.11429395 -0.07904972 1.14323529 0.74901961 0.76470588 0.78823529
v 0.12725888 -0.06189010 1.14323529 0.76470588 0.78039216 0.80000000
v 0.13748763 -0.04308283 1.14323529 0.65490196 0.66666667 0.68627451
v 0.14476029 -0.02303228 1.14323529 0.14509804 0.14509804 0.15294118
v 0.14892049 -0.00216956 1.14323529 0.01960784 0.01960784 0.02352941
v 0.14987878 0.01905677 1.14323529 0.01960784 0.01960784 0.02352941
v 0.14761456 0.04019034 1.14323529 0.01960784 0.01960784 0.02352941
v 0.14217650 0.06077674 1.14323529 0.01960784 0.01960784 0.02352941
v 0.13368154 0.08037336 1.14323529 0.01960784 0.01960784 0.02352941
v 0.12231232 0.09855885 1.14323529 0.27450980 0.27843137 0.29019608
v 0.10831328 0.11494221 1.14323529 0.75294118 0.76862745 0.78823529
v 0.09198542 0.12917118 1.14323529 0.75294118 0.76470588 0.79215686
v 0.07367980 0.14093984 1.14323529 0.79215686 0.80784314 0.83137255
v 0.05379001 0.14999514 1.14323529 0.77254902 0.78431373 0.80784314
v 0.03274369 0.15614238 1.14323529 0.77254902 0.78431373 0.80784314
v 0.01099335 0.15924941 1.14323529 0.78431373 0.79607843 0.82352941
v -0.01099335 0.15924941 1.14323529 0.77254902 0.78823529 0.80784314
v -0.03274369 0.15614238 1.14323529 0.39215686 0.40000000 0.41176471
v -0.05379001 0.14999514 1.14323529 0.26274510 0.26666667 0.27450980
v -0.07367980 0.14093984 1.14323529 0.74509804 0.75686275 0.78039216
v -0.09198542 0.12917118 1.14323529 0.76078431 0.77254902 0.79607843
v -0.10831328 0.11494221 1.14323529 0.79215686 0.80784314 0.83137255
v -0.12231232 0.09855885 1.14323529 0.78431373 0.80000000 0.82352941
v -0.13368154 0.08037336 1.14323529 0.75686275 0.76862745 0.79215686
v -0.14217650 0.06077674 1.14323529 0.77254902 0.78431373 0.80784314
v -0.14761456 0.04019034 1.14323529 0.77254902 0.78823529 0.81176471
v -0.14987878 0.01905677 1.14323529 0.76470588 0.77647059 0.80000000
v -0.14892049 -0.00216956 1.14323529 0.73333333 0.74509804 0.76862745
v -0.14476029 -0.02303228 1.14323529 0.73333333 0.74509804 0.76862745
v -0.13748763 -0.04308283 1.14323529 0.76470588 0.77647059 0.80000000
v -0.12725888 -0.06189010 1.14323529 0.78431373 0.80000000 0.81960784
v -0.11429395 -0.07904972 1.14323529 0.74901961 0.76078431 0.78431373
v -0.09887162 -0.09419274 1.14323529 0.72941176 0.74117647 0.76470588
v 0.08890611 -0.08403218 1.15852941 0.77647059 0.78823529 0.81176471
v 0.10277399 -0.07046363 1.15852941 0.75294118 0.76862745 0.79215686
v 0.11443215 -0.05508816 1.15852941 0.76470588 0.77647059 0.80000000
v 0.12362992 -0.03823635 1.15852941 0.78823529 0.80392157 0.82745098
v 0.13016955 -0.02027052 1.15852941 0.39607843 0.40392157 0.41960784
v 0.13391044 -0.00157697 1.15852941 0.01960784 0.01960784 0.02352941
v 0.13477214 0.01744240 1.15852941 0.01960784 0.01960784 0.02352941
v 0.13273613 0.03637863 1.15852941 0.01960784 0.01960784 0.02352941
v 0.12784619 0.05482460 1.15852941 0.01960784 0.01960784 0.02352941
v 0.12020745 0.07238369 1.15852941 0.01960784 0.01960784 0.02352941
v 0.10998416 0.08867837 1.15852941 0.13725490 0.13725490 0.14509804
v 0.09739612 0.10335830 1.15852941 0.63529412 0.64705882 0.66274510
v 0.08271399 0.11610784 1.15852941 0.76078431 0.77254902 0.79607843
v 0.06625344 0.12665287 1.15852941 0.75686275 0.76862745 0.79215686
v 0.04836838 0.13476666 1.15852941 0.81176471 0.82745098 0.85098039
v 0.02944337 0.14027476 1.15852941 0.78039216 0.79215686 0.81568627
v 0.00988530 0.14305873 1.15852941 0.78039216 0.79215686 0.81960784
v -0.00988530 0.14305873 1.15852941 0.68627451 0.69803922 0.71764706
v -0.02944337 0.14027476 1.15852941 0.27450980 0.28235294 0.29019608
v -0.04836838 0.13476666 1.15852941 0.01960784 0.01960784 0.02352941
v -0.06625344 0.12665287 1.15852941 0.37254902 0.38039216 0.39215686
v -0.08271399 0.11610784 1.15852941 0.75294118 0.76470588 0.78823529
v -0.09739612 0.10335830 1.15852941 0.78431373 0.80000000 0.82352941
v -0.10998416 0.08867837 1.15852941 0.77254902 0.78823529 0.81176471
v -0.12020745 0.07238369 1.15852941 0.76078431 0.77647059 0.79607843
v -0.12784619 0.05482460 1.15852941 0.76862745 0.78039216 0.80392157
v -0.13273613 0.03637863 1.15852941 0.76862745 0.78039216 0.80392157
v -0.13477214 0.01744240 1.15852941 0.74901961 0.76470588 0.78431373
v -0.13391044 -0.00157697 1.15852941 0.74509804 0.75686275 0.78039216
v -0.13016955 -0.02027052 1.15852941 0.74117647 0.75686275 0.78039216
v -0.12362992 -0.03823635 1.15852941 0.76470588 0.78039216 0.80392157
v -0.11443215 -0.05508816 1.15852941 0.76470588 0.78039216 0.80392157
v -0.10277399 -0.07046363 1.15852941 0.79215686 0.80784314 0.83137255
v -0.08890611 -0.08403218 1.15852941 0.80392157 0.81960784 0.84313725
v 0.07837812 -0.07352042 1.17382353 0.77254902 0.78823529 0.81176471
v 0.09060381 -0.06162050 1.17382353 0.76862745 0.78039216 0.80392157
v 0.10088144 -0.04813586 1.17382353 0.77254902 0.78823529 0.81176471
v 0.10899004 -0.03335643 1.17382353 0.76862745 0.78039216 0.80392157
v 0.11475527 -0.01760000 1.17382353 0.76470588 0.78039216 0.80000000
v 0.11805317 -0.00120533 1.17382353 0.49019608 0.49803922 0.51372549
v 0.11881283 0.01547508 1.17382353 0.25098039 0.25490196 0.26666667
v 0.11701792 0.03208259 1.17382353 0.13333333 0.13725490 0.14509804
v 0.11270703 0.04826012 1.17382353 0.01960784 0.01960784 0.02352941
v 0.10597285 0.06365984 1.17382353 0.27058824 0.27450980 0.28627451
v 0.09696017 0.07795065 1.17382353 0.40392157 0.41176471 0.42745098
v 0.08586277 0.09082528 1.17382353 0.65098039 0.66274510 0.68235294
v 0.07291925 0.10200691 1.17382353 0.78431373 0.79607843 0.81960784
v 0.05840791 0.11125514 1.17382353 0.76862745 0.78431373 0.80392157
v 0.04264075 0.11837112 1.17382353 0.76078431 0.77647059 0.80000000
v 0.02595678 0.12320184 1.17382353 0.82352941 0.83529412 0.86274510
v 0.00871472 0.12564346 1.17382353 0.81568627 0.83137255 0.85490196
v -0.00871472 0.12564346 1.17382353 0.55686275 0.56470588 0.58431373
v -0.02595678 0.12320184 1.17382353 0.15686275 0.16078431 0.16862745
v -0.04264075 0.11837112 1.17382353 0.01960784 0.01960784 0.02352941
v -0.05840791 0.11125514 1.17382353 0.01960784 0.01960784 0.02352941
v -0.07291925 0.10200691 1.17382353 0.25098039 0.25490196 0.26666667
v -0.08586277 0.09082528 1.17382353 0.51764706 0.52941176 0.54509804
v -0.09696017 0.07795065 1.17382353 0.75686275 0.77254902 0.79215686
v -0.10597285 0.06365984 1.17382353 0.78039216 0.79215686 0.81568627
v -0.11270703 0.04826012 1.17382353 0.76078431 0.77647059 0.79607843
v -0.11701792 0.03208259 1.17382353 0.75686275 0.76862745 0.79215686
v -0.11881283 0.01547508 1.17382353 0.75686275 0.77254902 0.79607843
v -0.11805317 -0.00120533 1.17382353 0.75294118 0.76862745 0.78823529
v -0.11475527 -0.01760000 1.17382353 0.74509804 0.75686275 0.78039216
v -0.10899004 -0.03335643 1.17382353 0.78431373 0.79607843 0.81960784
v -0.10088144 -0.04813586 1.17382353 0.74901961 0.76078431 0.78431373
v -0.09060381 -0.06162050 1.17382353 0.75294118 0.76862745 0.78823529
v -0.07837812 -0.07352042 1.17382353 0.77647059 0.79215686 0.81568627
v 0.06785013 -0.06328396 1.18911765 0.76470588 0.78039216 0.80392157
v 0.07843362 -0.05305266 1.18911765 0.79215686 0.80784314 0.83137255
v 0.08733073 -0.04145886 1.18911765 0.76470588 0.78039216 0.80392157
v 0.09435016 -0.02875183 1.18911765 0.75294118 0.76862745 0.78823529
v 0.09934099 -0.01520478 1.18911765 0.74509804 0.75686275 0.78039216
v 0.10219591 -0.00110899 1.18911765 0.73725490 0.75294118 0.77254902
v 0.10285353 0.01323247 1.18911765 0.74117647 0.75686275 0.77647059
v 0.10129971 0.02751125 1.18911765 0.64313725 0.65490196 0.67450980
v 0.09756788 0.04142034 1.18911765 0.50588235 0.51372549 0.52941176
v 0.09173825 0.05466069 1.18911765 0.51372549 0.52156863 0.53725490
v 0.08393618 0.06694762 1.18911765 0.75294118 0.76862745 0.78823529
v 0.07432942 0.07801695 1.18911765 0.75686275 0.76862745 0.79215686
v 0.06312451 0.08763068 1.18911765 0.75294118 0.76862745 0.79215686
v 0.05056238 0.09558211 1.18911765 0.77254902 0.78431373 0.80784314
v 0.03691311 0.10170028 1.18911765 0.75294118 0.76470588 0.78823529
v 0.02247018 0.10585363 1.18911765 0.76862745 0.78431373 0.80784314
v 0.00754413 0.10795288 1.18911765 0.69411765 0.70588235 0.72549020
v -0.00754413 0.10795288 1.18911765 0.29019608 0.29411765 0.30588235
v -0.02247018 0.10585363 1.18911765 0.02352941 0.02352941 0.02745098
v -0.03691311 0.10170028 1.18911765 0.01960784 0.01960784 0.02745098
v -0.05056238 0.09558211 1.18911765 0.01960784 0.01960784 0.02352941
v -0.06312451 0.08763068 1.18911765 0.01960784 0.01960784 0.02352941
v -0.07432942 0.07801695 1.18911765 0.01960784 0.01960784 0.02352941
v -0.08393618 0.06694762 1.18911765 0.25098039 0.25490196 0.26274510
v -0.09173825 0.05466069 1.18911765 0.64313725 0.65490196 0.67450980
v -0.09756788 0.04142034 1.18911765 0.78431373 0.79607843 0.81960784
v -0.10129971 0.02751125 1.18911765 0.79215686 0.80392157 0.82745098
v -0.10285353 0.01323247 1.18911765 0.79215686 0.80392157 0.82745098
v -0.10219591 -0.00110899 1.18911765 0.76470588 0.77647059 0.80000000
v -0.09934099 -0.01520478 1.18911765 0.74901961 0.76078431 0.78431373
v -0.09435016 -0.02875183 1.18911765 0.78823529 0.80392157 0.82745098
v -0.08733073 -0.04145886 1.18911765 0.76862745 0.78039216 0.80392157
v -0.07843362 -0.05305266 1.18911765 0.74509804 0.76078431 0.78039216
v -0.06785013 -0.06328396 1.18911765 0.73725490 0.74901961 0.77254902
v 0.05732214 -0.05326263 1.20441176 0.74509804 0.76078431 0.78039216
v 0.06626344 -0.04469995 1.20441176 0.77254902 0.78823529 0.81176471
v 0.07378003 -0.03499698 1.20441176 0.78039216 0.79607843 0.81960784
v 0.07971029 -0.02436234 1.20441176 0.78039216 0.79215686 0.81568627
v 0.08392671 -0.01302469 1.20441176 0.76862745 0.78431373 0.80784314
v 0.08633864 -0.00122778 1.20441176 0.74509804 0.76078431 0.78431373
v 0.08689422 0.01077473 1.20441176 0.75294118 0.76470588 0.78823529
v 0.08558151 0.02272478 1.20441176 0.78039216 0.79607843 0.81568627
v 0.08242872 0.03436544 1.20441176 0.76470588 0.77647059 0.80000000
v 0.07750365 0.04544642 1.20441176 0.78039216 0.79215686 0.81568627
v 0.07091219 0.05572947 1.20441176 0.78431373 0.79607843 0.81960784
v 0.06279607 0.06499350 1.20441176 0.78039216 0.79215686 0.81568627
v 0.05332977 0.07303933 1.20441176 0.78431373 0.80000000 0.82352941
v 0.04271685 0.07969396 1.20441176 0.77254902 0.78431373 0.80784314
v 0.03118547 0.08481431 1.20441176 0.78431373 0.79607843 0.81960784
v 0.01898359 0.08829029 1.20441176 0.73725490 0.74901961 0.77254902
v 0.00637354 0.09004717 1.20441176 0.52941176 0.53725490 0.55294118
v -0.00637354 0.09004717 1.20441176 0.15686275 0.16078431 0.16862745
v -0.01898359 0.08829029 1.20441176 0.01960784 0.01960784 0.02352941
v -0.03118547 0.08481431 1.20441176 0.01960784 0.01960784 0.02352941
v -0.04271685 0.07969396 1.20441176 0.01960784 0.01960784 0.02352941
v -0.05332977 0.07303933 1.20441176 0.01960784 0.01960784 0.02352941
v -0.06279607 0.06499350 1.20441176 0.01960784 0.01960784 0.02352941
v -0.07091219 0.05572947 1.20441176 0.01960784 0.01960784 0.02352941
v -0.07750365 0.04544642 1.20441176 0.38823529 0.39607843 0.40784314
v -0.08242872 0.03436544 1.20441176 0.75294118 0.76862745 0.78823529
v -0.08558151 0.02272478 1.20441176 0.76470588 0.78039216 0.80392157
v -0.08689422 0.01077473 1.20441176 0.79215686 0.80392157 0.82745098
v -0.08633864 -0.00122778 1.20441176 0.77647059 0.78823529 0.81176471
v -0.08392671 -0.01302469 1.20441176 0.75294118 0.76862745 0.78823529
v -0.07971029 -0.02436234 1.20441176 0.77254902 0.78823529 0.81176471
v -0.07378003 -0.03499698 1.20441176 0.79215686 0.80784314 0.83137255
v -0.06626344 -0.04469995 1.20441176 0.78431373 0.79607843 0.81960784
v -0.05732214 -0.05326263 1.20441176 0.76078431 0.77254902 0.79607843
v 0.04679415 -0.04338891 1.21970588 0.72156863 0.73333333 0.75686275
v 0.05409326 -0.03649486 1.21970588 0.74901961 0.76470588 0.78431373
v 0.06022932 -0.02868273 1.21970588 0.75686275 0.76862745 0.79215686
v 0.06507041 -0.02012048 1.21970588 0.77254902 0.78823529 0.80784314
v 0.06851243 -0.01099221 1.21970588 0.79215686 0.80784314 0.83137255
v 0.07048137 -0.00149419 1.21970588 0.75686275 0.76862745 0.79215686
v 0.07093491 0.00816937 1.21970588 0.76470588 0.78039216 0.80000000
v 0.06986330 0.01779069 1.21970588 0.77647059 0.78823529 0.81176471
v 0.06728957 0.02716291 1.21970588 0.77254902 0.78431373 0.80784314
v 0.06326905 0.03608452 1.21970588 0.75294118 0.76862745 0.79215686
v 0.05788821 0.04436370 1.21970588 0.75686275 0.77254902 0.79215686
v 0.05126271 0.05182243 1.21970588 0.76078431 0.77647059 0.79607843
v 0.04353503 0.05830035 1.21970588 0.75686275 0.76862745 0.79215686
v 0.03487132 0.06365818 1.21970588 0.76078431 0.77647059 0.80000000
v 0.02545784 0.06778072 1.21970588 0.76862745 0.78039216 0.80392157
v 0.01549699 0.07057934 1.21970588 0.77254902 0.78431373 0.80784314
v 0.00520295 0.07199385 1.21970588 0.49019608 0.49803922 0.51764706
v -0.00520295 0.07199385 1.21970588 0.01960784 0.01960784 0.02352941
v -0.01549699 0.07057934 1.21970588 0.01960784 0.01960784 0.02352941
v -0.02545784 0.06778072 1.21970588 0.01960784 0.01960784 0.02352941
v -0.03487132 0.06365818 1.21970588 0.01960784 0.01960784 0.02352941
v -0.04353503 0.05830035 1.21970588 0.01960784 0.01960784 0.02352941
v -0.05126271 0.05182243 1.21970588 0.01960784 0.01960784 0.02352941
v -0.05788821 0.04436370 1.21970588 0.27843137 0.28235294 0.29411765
v -0.06326905 0.03608452 1.21970588 0.53333333 0.54509804 0.56078431
v -0.06728957 0.02716291 1.21970588 0.78039216 0.79607843 0.81568627
v -0.06986330 0.01779069 1.21970588 0.76470588 0.77647059 0.80000000
v -0.07093491 0.00816937 1.21970588 0.76470588 0.77647059 0.80000000
v -0.07048137 -0.00149419 1.21970588 0.78431373 0.79607843 0.81960784
v -0.06851243 -0.01099221 1.21970588 0.76078431 0.77254902 0.79607843
v -0.06507041 -0.02012048 1.21970588 0.75294118 0.76470588 0.78823529
v -0.06022932 -0.02868273 1.21970588 0.78431373 0.80000000 0.82352941
v -0.05409326 -0.03649486 1.21970588 0.79607843 0.81176471 0.83529412
v -0.04679415 -0.04338891 1.21970588 0.80392157 0.81568627 0.83921569
v 0.03626616 -0.03359029 1.23500000 0.71764706 0.72941176 0.75294118
v 0.04192308 -0.02836486 1.23500000 0.76078431 0.77254902 0.79607843
v 0.04667862 -0.02244356 1.23500000 0.77254902 0.78823529 0.81176471
v 0.05043053 -0.01595370 1.23500000 0.75686275 0.77254902 0.79607843
v 0.05309814 -0.00903482 1.23500000 0.78431373 0.80000000 0.82352941
v 0.05462411 -0.00183569 1.23500000 0.76078431 0.77254902 0.79607843
v 0.05497561 0.00548892 1.23500000 0.77647059 0.79215686 0.81568627
v 0.05414509 0.01278152 1.23500000 0.75294118 0.76862745 0.79215686
v 0.05215041 0.01988530 1.23500000 0.78039216 0.79607843 0.81960784
v 0.04903445 0.02664754 1.23500000 0.78431373 0.79607843 0.82352941
v 0.04486422 0.03292284 1.23500000 0.78039216 0.79215686 0.81568627
v 0.03972936 0.03857628 1.23500000 0.77647059 0.79215686 0.81176471
v 0.03374030 0.04348629 1.23500000 0.78431373 0.79607843 0.81960784
v 0.02702579 0.04754732 1.23500000 0.78431373 0.79607843 0.82352941
v 0.01973020 0.05067205 1.23500000 0.76470588 0.78039216 0.80392157
v 0.01201040 0.05279329 1.23500000 0.77647059 0.79215686 0.81568627
v 0.00403237 0.05386544 1.23500000 0.74901961 0.76470588 0.78823529
v -0.00403237 0.05386544 1.23500000 0.26666667 0.27450980 0.28235294
v -0.01201040 0.05279329 1.23500000 0.01960784 0.01960784 0.02352941
v -0.01973020 0.05067205 1.23500000 0.01960784 0.01960784 0.02352941
v -0.02702579 0.04754732 1.23500000 0.02352941 0.02352941 0.02745098
v -0.03374030 0.04348629 1.23500000 0.01960784 0.01960784 0.02352941
v -0.03972936 0.03857628 1.23500000 0.01960784 0.01960784 0.02352941
v -0.04486422 0.03292284 1.23500000 0.29019608 0.29411765 0.30588235
v -0.04903445 0.02664754 1.23500000 0.77254902 0.78823529 0.81176471
v -0.05215041 0.01988530 1.23500000 0.77254902 0.78823529 0.80784314
v -0.05414509 0.01278152 1.23500000 0.77254902 0.78431373 0.80784314
v -0.05497561 0.00548892 1.23500000 0.76078431 0.77254902 0.79607843
v -0.05462411 -0.00183569 1.23500000 0.77647059 0.79215686 0.81568627
v -0.05309814 -0.00903482 1.23500000 0.78431373 0.79607843 0.81960784
v -0.05043053 -0.01595370 1.23500000 0.74509804 0.75686275 0.78039216
v -0.04667862 -0.02244356 1.23500000 0.74901961 0.76078431 0.78431373
v -0.04192308 -0.02836486 1.23500000 0.76078431 0.77254902 0.79607843
v -0.03626616 -0.03359029 1.23500000 0.78431373 0.79607843 0.81960784
f 2789 2790 2824
f 2789 2824 2823
f 2790 2791 2825
f 2790 2825 2824
f 2791 2792 2826
f 2791 2826 2825
f 2792 2793 2827
f 2792 2827 2826
f 2793 2794 2828
f 2793 2828 2827
f 2794 2795 2829
f 2794 2829 2828
f 2795 2796 2830
f 2795 2830 2829
f 2796 2797 2831
f 2796 2831 2830
f 2797 2798 2832
f 2797 2832 2831
f 2798 2799 2833
f 2798 2833 2832
f 2799 2800 2834
f 2799 2834 2833
f 2800 2801 2835
f 2800 2835 2834
f 2801 2802 2836
f 2801 2836 2835
f 2802 2803 2837
f 2802 2837 2836
f 2803 2804 2838
f 2803 2838 2837
f 2804 2805 2839
f 2804 2839 2838
f 2805 2806 2840
f 2805 2840 2839
f 2806 2807 2841
f 2806 2841 2840
f 2807 2808 2842
f 2807 2842 2841
f 2808 2809 2843
f 2808 2843 2842
f 2809 2810 2844
f 2809 2844 2843
f 2810 2811 2845
f 2810 2845 2844
f 2811 2812 2846
f 2811 2846 2845
f 2812 2813 2847
f 2812 2847 2846
f 2813 2814 2848
f 2813 2848 2847
f 2814 2815 2849
f 2814 2849 2848
f 2815 2816 2850
f 2815 2850 2849
f 2816 2817 2851
f 2816 2851 2850
f 2817 2818 2852
f 2817 2852 2851
f 2818 2819 2853
f 2818 2853 2852
f 2819 2820 2854
f 2819 2854 2853
f 2820 2821 2855
f 2820 2855 2854
f 2821 2822 2856
f 2821 2856 2855
f 2823 2824 2858
f 2823 2858 2857
f 2824 2825 2859
f 2824 2859 2858
f 2825 2826 2860
f 2825 2860 2859
f 2826 2827 2861
f 2826 2861 2860
f 2827 2828 2862
f 2827 2862 2861
f 2828 2829 2863
f 2828 2863 2862
f 2829 2830 2864
f 2829 2864 2863
f 2830 2831 2865
f 2830 2865 2864
f 2831 2832 2866
f 2831 2866 2865
f 2832 2833 2867
f 2832 2867 2866
f 2833 2834 2868
f 2833 2868 2867
f 2834 2835 2869
f 2834 2869 2868
f 2835 2836 2870
f 2835 2870 2869
f 2836 2837 2871
f 2836 2871 2870
f 2837 2838 2872
f 2837 2872 2871
f 2838 2839 2873
f 2838 2873 2872
f 2839 2840 2874
f 2839 2874 2873
f 2840 2841 2875
f 2840 2875 2874
f 2841 2842 2876
f 2841 2876 2875
f 2842 2843 2877
f 2842 2877 2876
f 2843 2844 2878
f 2843 2878 2877
f 2844 2845 2879
f 2844 2879 2878
f 2845 2846 2880
f 2845 2880 2879
f 2846 2847 2881
f 2846 2881 2880
f 2847 2848 2882
f 2847 2882 2881
f 2848 2849 2883
f 2848 2883 2882
f 2849 2850 2884
f 2849 2884 2883
f 2850 2851 2885
f 2850 2885 2884
f 2851 2852 2886
f 2851 2886 2885
f 2852 2853 2887
f 2852 2887 2886
f 2853 2854 2888
f 2853 2888 2887
f 2854 2855 2889
f 2854 2889 2888
f 2855 2856 2890
f 2855 2890 2889
f 2857 2858 2892
f 2857 2892 2891
f 2858 2859 2893
f 2858 2893 2892
f 2859 2860 2894
f 2859 2894 2893
f 2860 2861 2895
f 2860 2895 2894
f 2861 2862 2896
f 2861 2896 2895
f 2862 2863 2897
f 2862 2897 2896
f 2863 2864 2898
f 2863 2898 2897
f 2864 2865 2899
f 2864 2899 2898
f 2865 2866 2900
f 2865 2900 2899
f 2866 2867 2901
f 2866 2901 2900
f 2867 2868 2902
f 2867 2902 2901
f 2868 2869 2903
f 2868 2903 2902
f 2869 2870 2904
f 2869 2904 2903
f 2870 2871 2905
f 2870 2905 2904
f 2871 2872 2906
f 2871 2906 2905
f 2872 2873 2907
f 2872 2907 2906
f 2873 2874 2908
f 2873 2908 2907
f 2874 2875 2909
f 2874 2909 2908
f 2875 2876 2910
f 2875 2910 2909
f 2876 2877 2911
f 2876 2911 2910
f 2877 2878 2912
f 2877 2912 2911
f 2878 2879 2913
f 2878 2913 2912
f 2879 2880 2914
f 2879 2914 2913
f 2880 2881 2915
f 2880 2915 2914
f 2881 2882 2916
f 2881 2916 2915
f 2882 2883 2917
f 2882 2917 2916
f 2883 2884 2918
f 2883 2918 2917
f 2884 2885 2919
f 2884 2919 2918
f 2885 2886 2920
f 2885 2920 2919
f 2886 2887 2921
f 2886 2921 2920
f 2887 2888 2922
f 2887 2922 2921
f 2888 2889 2923
f 2888 2923 2922
f 2889 2890 2924
f 2889 2924 2923
f 2891 2892 2926
f 2891 2926 2925
f 2892 2893 2927
f 2892 2927 2926
f 2893 2894 2928
f 2893 2928 2927
f 2894 2895 2929
f 2894 2929 2928
f 2895 2896 2930
f 2895 2930 2929
f 2896 2897 2931
f 2896 2931 2930
f 2897 2898 2932
f 2897 2932 2931
f 2898 2899 2933
f 2898 2933 2932
f 2899 2900 2934
f 2899 2934 2933
f 2900 2901 2935
f 2900 2935 2934
f 2901 2902 2936
f 2901 2936 2935
f 2902 2903 2937
f 2902 2937 2936
f 2903 2904 2938
f 2903 2938 2937
f 2904 2905 2939
f 2904 2939 2938
f 2905 2906 2940
f 2905 2940 2939
f 2906 2907 2941
f 2906 2941 2940
f 2907 2908 2942
f 2907 2942 2941
f 2908 2909 2943
f 2908 2943 2942
f 2909 2910 2944
f 2909 2944 2943
f 2910 2911 2945
f 2910 2945 2944
f 2911 2912 2946
f 2911 2946 2945
f 2912 2913 2947
f 2912 2947 2946
f 2913 2914 2948
f 2913 2948 2947
f 2914 2915 2949
f 2914 2949 2948
f 2915 2916 2950
f 2915 2950 2949
f 2916 2917 2951
f 2916 2951 2950
f 2917 2918 2952
f 2917 2952 2951
f 2918 2919 2953
f 2918 2953 2952
f 2919 2920 2954
f 2919 2954 2953
f 2920 2921 2955
f 2920 2955 2954
f 2921 2922 2956
f 2921 2956 2955
f 2922 2923 2957
f 2922 2957 2956
f 2923 2924 2958
f 2923 2958 2957
f 2925 2926 2960
f 2925 2960 2959
f 2926 2927 2961
f 2926 2961 2960
f 2927 2928 2962
f 2927 2962 2961
f 2928 2929 2963
f 2928 2963 2962
f 2929 2930 2964
f 2929 2964 2963
f 2930 2931 2965
f 2930 2965 2964
f 2931 2932 2966
f 2931 2966 2965
f 2932 2933 2967
f 2932 2967 2966
f 2933 2934 2968
f 2933 2968 2967
f 2934 2935 2969
f 2934 2969 2968
f 2935 2936 2970
f 2935 2970 2969
f 2936 2937 2971
f 2936 2971 2970
f 2937 2938 2972
f 2937 2972 2971
f 2938 2939 2973
f 2938 2973 2972
f 2939 2940 2974
f 2939 2974 2973
f 2940 2941 2975
f 2940 2975 2974
f 2941 2942 2976
f 2941 2976 2975
f 2942 2943 2977
f 2942 2977 2976
f 2943 2944 2978
f 2943 2978 2977
f 2944 2945 2979
f 2944 2979 2978
f 2945 2946 2980
f 2945 2980 2979
f 2946 2947 2981
f 2946 2981 2980
f 2947 2948 2982
f 2947 2982 2981
f 2948 2949 2983
f 2948 2983 2982
f 2949 2950 2984
f 2949 2984 2983
f 2950 2951 2985
f 2950 2985 2984
f 2951 2952 2986
f 2951 2986 2985
f 2952 2953 2987
f 2952 2987 2986
f 2953 2954 2988
f 2953 2988 2987
f 2954 2955 2989
f 2954 2989 2988
f 2955 2956 2990
f 2955 2990 2989
f 2956 2957 2991
f 2956 2991 2990
f 2957 2958 2992
f 2957 2992 2991
f 2959 2960 2994
f 2959 2994 2993
f 2960 2961 2995
f 2960 2995 2994
f 2961 2962 2996
f 2961 2996 2995
f 2962 2963 2997
f 2962 2997 2996
f 2963 2964 2998
f 2963 2998 2997
f 2964 2965 2999
f 2964 2999 2998
f 2965 2966 3000
f 2965 3000 2999
f 2966 2967 3001
f 2966 3001 3000
f 2967 2968 3002
f 2967 3002 3001
f 2968 2969 3003
f 2968 3003 3002
f 2969 2970 3004
f 2969 3004 3003
f 2970 2971 3005
f 2970 3005 3004
f 2971 2972 3006
f 2971 3006 3005
f 2972 2973 3007
f 2972 3007 3006
f 2973 2974 3008
f 2973 3008 3007
f 2974 2975 3009
f 2974 3009 3008
f 2975 2976 3010
f 2975 3010 3009
f 2976 2977 3011
f 2976 3011 3010
f 2977 2978 3012
f 2977 3012 3011
f 2978 2979 3013
f 2978 3013 3012
f 2979 2980 3014
f 2979 3014 3013
f 2980 2981 3015
f 2980 3015 3014
f 2981 2982 3016
f 2981 3016 3015
f 2982 2983 3017
f 2982 3017 3016
f 2983 2984 3018
f 2983 3018 3017
f 2984 2985 3019
f 2984 3019 3018
f 2985 2986 3020
f 2985 3020 3019
f 2986 2987 3021
f 2986 3021 3020
f 2987 2988 3022
f 2987 3022 3021
f 2988 2989 3023
f 2988 3023 3022
f 2989 2990 3024
f 2989 3024 3023
f 2990 2991 3025
f 2990 3025 3024
f 2991 2992 3026
f 2991 3026 3025
f 2993 2994 3028
f 2993 3028 3027
f 2994 2995 3029
f 2994 3029 3028
f 2995 2996 3030
f 2995 3030 3029
f 2996 2997 3031
f 2996 3031 3030
f 2997 2998 3032
f 2997 3032 3031
f 2998 2999 3033
f 2998 3033 3032
f 2999 3000 3034
f 2999 3034 3033
f 3000 3001 3035
f 3000 3035 3034
f 3001 3002 3036
f 3001 3036 3035
f 3002 3003 3037
f 3002 3037 3036
f 3003 3004 3038
f 3003 3038 3037
f 3004 3005 3039
f 3004 3039 3038
f 3005 3006 3040
f 3005 3040 3039
f 3006 3007 3041
f 3006 3041 3040
f 3007 3008 3042
f 3007 3042 3041
f 3008 3009 3043
f 3008 3043 3042
f 3009 3010 3044
f 3009 3044 3043
f 3010 3011 3045
f 3010 3045 3044
f 3011 3012 3046
f 3011 3046 3045
f 3012 3013 3047
f 3012 3047 3046
f 3013 3014 3048
f 3013 3048 3047
f 3014 3015 3049
f 3014 3049 3048
f 3015 3016 3050
f 3015 3050 3049
f 3016 3017 3051
f 3016 3051 3050
f 3017 3018 3052
f 3017 3052 3051
f 3018 3019 3053
f 3018 3053 3052
f 3019 3020 3054
f 3019 3054 3053
f 3020 3021 3055
f 3020 3055 3054
f 3021 3022 3056
f 3021 3056 3055
f 3022 3023 3057
f 3022 3057 3056
f 3023 3024 3058
f 3023 3058 3057
f 3024 3025 3059
f 3024 3059 3058
f 3025 3026 3060
f 3025 3060 3059
f 3027 3028 3062
f 3027 3062 3061
f 3028 3029 3063
f 3028 3063 3062
f 3029 3030 3064
f 3029 3064 3063
f 3030 3031 3065
f 3030 3065 3064
f 3031 3032 3066
f 3031 3066 3065
f 3032 3033 3067
f 3032 3067 3066
f 3033 3034 3068
f 3033 3068 3067
f 3034 3035 3069
f 3034 3069 3068
f 3035 3036 3070
f 3035 3070 3069
f 3036 3037 3071
f 3036 3071 3070
f 3037 3038 3072
f 3037 3072 3071
f 3038 3039 3073
f 3038 3073 3072
f 3039 3040 3074
f 3039 3074 3073
f 3040 3041 3075
f 3040 3075 3074
f 3041 3042 3076
f 3041 3076 3075
f 3042 3043 3077
f 3042 3077 3076
f 3043 3044 3078
f 3043 3078 3077
f 3044 3045 3079
f 3044 3079 3078
f 3045 3046 3080
f 3045 3080 3079
f 3046 3047 3081
f 3046 3081 3080
f 3047 3048 3082
f 3047 3082 3081
f 3048 3049 3083
f 3048 3083 3082
f 3049 3050 3084
f 3049 3084 3083
f 3050 3051 3085
f 3050 3085 3084
f 3051 3052 3086
f 3051 3086 3085
f 3052 3053 3087
f 3052 3087 3086
f 3053 3054 3088
f 3053 3088 3087
f 3054 3055 3089
f 3054 3089 3088
f 3055 3056 3090
f 3055 3090 3089
f 3056 3057 3091
f 3056 3091 3090
f 3057 3058 3092
f 3057 3092 3091
f 3058 3059 3093
f 3058 3093 3092
f 3059 3060 3094
f 3059 3094 3093
f 3061 3062 3096
f 3061 3096 3095
f 3062 3063 3097
f 3062 3097 3096
f 3063 3064 3098
f 3063 3098 3097
f 3064 3065 3099
f 3064 3099 3098
f 3065 3066 3100
f 3065 3100 3099
f 3066 3067 3101
f 3066 3101 3100
f 3067 3068 3102
f 3067 3102 3101
f 3068 3069 3103
f 3068 3103 3102
f 3069 3070 3104
f 3069 3104 3103
f 3070 3071 3105
f 3070 3105 3104
f 3071 3072 3106
f 3071 3106 3105
f 3072 3073 3107
f 3072 3107 3106
f 3073 3074 3108
f 3073 3108 3107
f 3074 3075 3109
f 3074 3109 3108
f 3075 3076 3110
f 3075 3110 3109
f 3076 3077 3111
f 3076 3111 3110
f 3077 3078 3112
f 3077 3112 3111
f 3078 3079 3113
f 3078 3113 3112
f 3079 3080 3114
f 3079 3114 3113
f 3080 3081 3115
f 3080 3115 3114
f 3081 3082 3116
f 3081 3116 3115
f 3082 3083 3117
f 3082 3117 3116
f 3083 3084 3118
f 3083 3118 3117
f 3084 3085 3119
f 3084 3119 3118
f 3085 3086 3120
f 3085 3120 3119
f 3086 3087 3121
f 3086 3121 3120
f 3087 3088 3122
f 3087 3122 3121
f 3088 3089 3123
f 3088 3123 3122
f 3089 3090 3124
f 3089 3124 3123
f 3090 3091 3125
f 3090 3125 3124
f 3091 3092 3126
f 3091 3126 3125
f 3092 3093 3127
f 3092 3127 3126
f 3093 3094 3128
f 3093 3128 3127
f 3095 3096 3130
f 3095 3130 3129
f 3096 3097 3131
f 3096 3131 3130
f 3097 3098 3132
f 3097 3132 3131
f 3098 3099 3133
f 3098 3133 3132
f 3099 3100 3134
f 3099 3134 3133
f 3100 3101 3135
f 3100 3135 3134
f 3101 3102 3136
f 3101 3136 3135
f 3102 3103 3137
f 3102 3137 3136
f 3103 3104 3138
f 3103 3138 3137
f 3104 3105 3139
f 3104 3139 3138
f 3105 3106 3140
f 3105 3140 3139
f 3106 3107 3141
f 3106 3141 3140
f 3107 3108 3142
f 3107 3142 3141
f 3108 3109 3143
f 3108 3143 3142
f 3109 3110 3144
f 3109 3144 3143
f 3110 3111 3145
f 3110 3145 3144
f 3111 3112 3146
f 3111 3146 3145
f 3112 3113 3147
f 3112 3147 3146
f 3113 3114 3148
f 3113 3148 3147
f 3114 3115 3149
f 3114 3149 3148
f 3115 3116 3150
f 3115 3150 3149
f 3116 3117 3151
f 3116 3151 3150
f 3117 3118 3152
f 3117 3152 3151
f 3118 3119 3153
f 3118 3153 3152
f 3119 3120 3154
f 3119 3154 3153
f 3120 3121 3155
f 3120 3155 3154
f 3121 3122 3156
f 3121 3156 3155
f 3122 3123 3157
f 3122 3157 3156
f 3123 3124 3158
f 3123 3158 3157
f 3124 3125 3159
f 3124 3159 3158
f 3125 3126 3160
f 3125 3160 3159
f 3126 3127 3161
f 3126 3161 3160
f 3127 3128 3162
f 3127 3162 3161
f 3129 3130 3164
f 3129 3164 3163
f 3130 3131 3165
f 3130 3165 3164
f 3131 3132 3166
f 3131 3166 3165
f 3132 3133 3167
f 3132 3167 3166
f 3133 3134 3168
f 3133 3168 3167
f 3134 3135 3169
f 3134 3169 3168
f 3135 3136 3170
f 3135 3170 3169
f 3136 3137 3171
f 3136 3171 3170
f 3137 3138 3172
f 3137 3172 3171
f 3138 3139 3173
f 3138 3173 3172
f 3139 3140 3174
f 3139 3174 3173
f 3140 3141 3175
f 3140 3175 3174
f 3141 3142 3176
f 3141 3176 3175
f 3142 3143 3177
f 3142 3177 3176
f 3143 3144 3178
f 3143 3178 3177
f 3144 3145 3179
f 3144 3179 3178
f 3145 3146 3180
f 3145 3180 3179
f 3146 3147 3181
f 3146 3181 3180
f 3147 3148 3182
f 3147 3182 3181
f 3148 3149 3183
f 3148 3183 3182
f 3149 3150 3184
f 3149 3184 3183
f 3150 3151 3185
f 3150 3185 3184
f 3151 3152 3186
f 3151 3186 3185
f 3152 3153 3187
f 3152 3187 3186
f 3153 3154 3188
f 3153 3188 3187
f 3154 3155 3189
f 3154 3189 3188
f 3155 3156 3190
f 3155 3190 3189
f 3156 3157 3191
f 3156 3191 3190
f 3157 3158 3192
f 3157 3192 3191
f 3158 3159 3193
f 3158 3193 3192
f 3159 3160 3194
f 3159 3194 3193
f 3160 3161 3195
f 3160 3195 3194
f 3161 3162 3196
f 3161 3196 3195
f 3163 3164 3198
f 3163 3198 3197
f 3164 3165 3199
f 3164 3199 3198
f 3165 3166 3200
f 3165 3200 3199
f 3166 3167 3201
f 3166 3201 3200
f 3167 3168 3202
f 3167 3202 3201
f 3168 3169 3203
f 3168 3203 3202
f 3169 3170 3204
f 3169 3204 3203
f 3170 3171 3205
f 3170 3205 3204
f 3171 3172 3206
f 3171 3206 3205
f 3172 3173 3207
f 3172 3207 3206
f 3173 3174 3208
f 3173 3208 3207
f 3174 3175 3209
f 3174 3209 3208
f 3175 3176 3210
f 3175 3210 3209
f 3176 3177 3211
f 3176 3211 3210
f 3177 3178 3212
f 3177 3212 3211
f 3178 3179 3213
f 3178 3213 3212
f 3179 3180 3214
f 3179 3214 3213
f 3180 3181 3215
f 3180 3215 3214
f 3181 3182 3216
f 3181 3216 3215
f 3182 3183 3217
f 3182 3217 3216
f 3183 3184 3218
f 3183 3218 3217
f 3184 3185 3219
f 3184 3219 3218
f 3185 3186 3220
f 3185 3220 3219
f 3186 3187 3221
f 3186 3221 3220
f 3187 3188 3222
f 3187 3222 3221
f 3188 3189 3223
f 3188 3223 3222
f 3189 3190 3224
f 3189 3224 3223
f 3190 3191 3225
f 3190 3225 3224
f 3191 3192 3226
f 3191 3226 3225
f 3192 3193 3227
f 3192 3227 3226
f 3193 3194 3228
f 3193 3228 3227
f 3194 3195 3229
f 3194 3229 3228
f 3195 3196 3230
f 3195 3230 3229
f 3197 3198 3232
f 3197 3232 3231
f 3198 3199 3233
f 3198 3233 3232
f 3199 3200 3234
f 3199 3234 3233
f 3200 3201 3235
f 3200 3235 3234
f 3201 3202 3236
f 3201 3236 3235
f 3202 3203 3237
f 3202 3237 3236
f 3203 3204 3238
f 3203 3238 3237
f 3204 3205 3239
f 3204 3239 3238
f 3205 3206 3240
f 3205 3240 3239
f 3206 3207 3241
f 3206 3241 3240
f 3207 3208 3242
f 3207 3242 3241
f 3208 3209 3243
f 3208 3243 3242
f 3209 3210 3244
f 3209 3244 3243
f 3210 3211 3245
f 3210 3245 3244
f 3211 3212 3246
f 3211 3246 3245
f 3212 3213 3247
f 3212 3247 3246
f 3213 3214 3248
f 3213 3248 3247
f 3214 3215 3249
f 3214 3249 3248
f 3215 3216 3250
f 3215 3250 3249
f 3216 3217 3251
f 3216 3251 3250
f 3217 3218 3252
f 3217 3252 3251
f 3218 3219 3253
f 3218 3253 3252
f 3219 3220 3254
f 3219 3254 3253
f 3220 3221 3255
f 3220 3255 3254
f 3221 3222 3256
f 3221 3256 3255
f 3222 3223 3257
f 3222 3257 3256
f 3223 3224 3258
f 3223 3258 3257
f 3224 3225 3259
f 3224 3259 3258
f 3225 3226 3260
f 3225 3260 3259
f 3226 3227 3261
f 3226 3261 3260
f 3227 3228 3262
f 3227 3262 3261
f 3228 3229 3263
f 3228 3263 3262
f 3229 3230 3264
f 3229 3264 3263
f 3231 3232 3266
f 3231 3266 3265
f 3232 3233 3267
f 3232 3267 3266
f 3233 3234 3268
f 3233 3268 3267
f 3234 3235 3269
f 3234 3269 3268
f 3235 3236 3270
f 3235 3270 3269
f 3236 3237 3271
f 3236 3271 3270
f 3237 3238 3272
f 3237 3272 3271
f 3238 3239 3273
f 3238 3273 3272
f 3239 3240 3274
f 3239 3274 3273
f 3240 3241 3275
f 3240 3275 3274
f 3241 3242 3276
f 3241 3276 3275
f 3242 3243 3277
f 3242 3277 3276
f 3243 3244 3278
f 3243 3278 3277
f 3244 3245 3279
f 3244 3279 3278
f 3245 3246 3280
f 3245 3280 3279
f 3246 3247 3281
f 3246 3281 3280
f 3247 3248 3282
f 3247 3282 3281
f 3248 3249 3283
f 3248 3283 3282
f 3249 3250 3284
f 3249 3284 3283
f 3250 3251 3285
f 3250 3285 3284
f 3251 3252 3286
f 3251 3286 3285
f 3252 3253 3287
f 3252 3287 3286
f 3253 3254 3288
f 3253 3288 3287
f 3254 3255 3289
f 3254 3289 3288
f 3255 3256 3290
f 3255 3290 3289
f 3256 3257 3291
f 3256 3291 3290
f 3257 3258 3292
f 3257 3292 3291
f 3258 3259 3293
f 3258 3293 3292
f 3259 3260 3294
f 3259 3294 3293
f 3260 3261 3295
f 3260 3295 3294
f 3261 3262 3296
f 3261 3296 3295
f 3262 3263 3297
f 3262 3297 3296
f 3263 3264 3298
f 3263 3298 3297
f 3265 3266 3300
f 3265 3300 3299
f 3266 3267 3301
f 3266 3301 3300
f 3267 3268 3302
f 3267 3302 3301
f 3268 3269 3303
f 3268 3303 3302
f 3269 3270 3304
f 3269 3304 3303
f 3270 3271 3305
f 3270 3305 3304
f 3271 3272 3306
f 3271 3306 3305
f 3272 3273 3307
f 3272 3307 3306
f 3273 3274 3308
f 3273 3308 3307
f 3274 3275 3309
f 3274 3309 3308
f 3275 3276 3310
f 3275 3310 3309
f 3276 3277 3311
f 3276 3311 3310
f 3277 3278 3312
f 3277 3312 3311
f 3278 3279 3313
f 3278 3313 3312
f 3279 3280 3314
f 3279 3314 3313
f 3280 3281 3315
f 3280 3315 3314
f 3281 3282 3316
f 3281 3316 3315
f 3282 3283 3317
f 3282 3317 3316
f 3283 3284 3318
f 3283 3318 3317
f 3284 3285 3319
f 3284 3319 3318
f 3285 3286 3320
f 3285 3320 3319
f 3286 3287 3321
f 3286 3321 3320
f 3287 3288 3322
f 3287 3322 3321
f 3288 3289 3323
f 3288 3323 3322
f 3289 3290 3324
f 3289 3324 3323
f 3290 3291 3325
f 3290 3325 3324
f 3291 3292 3326
f 3291 3326 3325
f 3292 3293 3327
f 3292 3327 3326
f 3293 3294 3328
f 3293 3328 3327
f 3294 3295 3329
f 3294 3329 3328
f 3295 3296 3330
f 3295 3330 3329
f 3296 3297 3331
f 3296 3331 3330
f 3297 3298 3332
f 3297 3332 3331
f 3299 3300 3334
f 3299 3334 3333
f 3300 3301 3335
f 3300 3335 3334
f 3301 3302 3336
f 3301 3336 3335
f 3302 3303 3337
f 3302 3337 3336
f 3303 3304 3338
f 3303 3338 3337
f 3304 3305 3339
f 3304 3339 3338
f 3305 3306 3340
f 3305 3340 3339
f 3306 3307 3341
f 3306 3341 3340
f 3307 3308 3342
f 3307 3342 3341
f 3308 3309 3343
f 3308 3343 3342
f 3309 3310 3344
f 3309 3344 3343
f 3310 3311 3345
f 3310 3345 3344
f 3311 3312 3346
f 3311 3346 3345
f 3312 3313 3347
f 3312 3347 3346
f 3313 3314 3348
f 3313 3348 3347
f 3314 3315 3349
f 3314 3349 3348
f 3315 3316 3350
f 3315 3350 3349
f 3316 3317 3351
f 3316 3351 3350
f 3317 3318 3352
f 3317 3352 3351
f 3318 3319 3353
f 3318 3353 3352
f 3319 3320 3354
f 3319 3354 3353
f 3320 3321 3355
f 3320 3355 3354
f 3321 3322 3356
f 3321 3356 3355
f 3322 3323 3357
f 3322 3357 3356
f 3323 3324 3358
f 3323 3358 3357
f 3324 3325 3359
f 3324 3359 3358
f 3325 3326 3360
f 3325 3360 3359
f 3326 3327 3361
f 3326 3361 3360
f 3327 3328 3362
f 3327 3362 3361
f 3328 3329 3363
f 3328 3363 3362
f 3329 3330 3364
f 3329 3364 3363
f 3330 3331 3365
f 3330 3365 3364
f 3331 3332 3366
f 3331 3366 3365
f 3333 3334 3368
f 3333 3368 3367
f 3334 3335 3369
f 3334 3369 3368
f 3335 3336 3370
f 3335 3370 3369
f 3336 3337 3371
f 3336 3371 3370
f 3337 3338 3372
f 3337 3372 3371
f 3338 3339 3373
f 3338 3373 3372
f 3339 3340 3374
f 3339 3374 3373
f 3340 3341 3375
f 3340 3375 3374
f 3341 3342 3376
f 3341 3376 3375
f 3342 3343 3377
f 3342 3377 3376
f 3343 3344 3378
f 3343 3378 3377
f 3344 3345 3379
f 3344 3379 3378
f 3345 3346 3380
f 3345 3380 3379
f 3346 3347 3381
f 3346 3381 3380
f 3347 3348 3382
f 3347 3382 3381
f 3348 3349 3383
f 3348 3383 3382
f 3349 3350 3384
f 3349 3384 3383
f 3350 3351 3385
f 3350 3385 3384
f 3351 3352 3386
f 3351 3386 3385
f 3352 3353 3387
f 3352 3387 3386
f 3353 3354 3388
f 3353 3388 3387
f 3354 3355 3389
f 3354 3389 3388
f 3355 3356 3390
f 3355 3390 3389
f 3356 3357 3391
f 3356 3391 3390
f 3357 3358 3392
f 3357 3392 3391
f 3358 3359 3393
f 3358 3393 3392
f 3359 3360 3394
f 3359 3394 3393
f 3360 3361 3395
f 3360 3395 3394
f 3361 3362 3396
f 3361 3396 3395
f 3362 3363 3397
f 3362 3397 3396
f 3363 3364 3398
f 3363 3398 3397
f 3364 3365 3399
f 3364 3399 3398
f 3365 3366 3400
f 3365 3400 3399

o HoodEar_L
v -0.12200000 -0.03500000 1.17500000 0.77254902 0.78823529 0.81176471
v -0.02200000 -0.03500000 1.17500000 0.77254902 0.78823529 0.81176471
v -0.07200000 -0.03500000 1.31500000 0.77254902 0.78823529 0.81176471
v -0.12200000 -0.00500000 1.17500000 0.76862745 0.78039216 0.80392157
v -0.02200000 -0.00500000 1.17500000 0.76862745 0.78431373 0.80392157
v -0.07200000 -0.00500000 1.31500000 0.76862745 0.78431373 0.80392157
f 3401 3402 3403
f 3406 3405 3404
f 3401 3404 3405
f 3401 3405 3402
f 3402 3405 3406
f 3402 3406 3403
f 3403 3406 3404
f 3403 3404 3401

o HoodEar_R
v 0.02200000 -0.03500000 1.17500000 0.77254902 0.78431373 0.80784314
v 0.12200000 -0.03500000 1.17500000 0.77647059 0.78823529 0.81176471
v 0.07200000 -0.03500000 1.31500000 0.77254902 0.78431373 0.80784314
v 0.02200000 -0.00500000 1.17500000 0.76078431 0.77647059 0.79607843
v 0.12200000 -0.00500000 1.17500000 0.76470588 0.77647059 0.80000000
v 0.07200000 -0.00500000 1.31500000 0.76470588 0.77647059 0.80000000
f 3407 3408 3409
f 3412 3411 3410
f 3407 3410 3411
f 3407 3411 3408
f 3408 3411 3412
f 3408 3412 3409
f 3409 3412 3410
f 3409 3410 3407

o EarInner_L
v -0.10600000 -0.03600000 1.19000000 0.09411765 0.09411765 0.09411765
v -0.03800000 -0.03600000 1.19000000 0.07843137 0.07843137 0.07843137
v -0.07200000 -0.03600000 1.28500000 0.08235294 0.08235294 0.08235294
v -0.10600000 -0.02800000 1.19000000 0.09019608 0.09019608 0.09019608
v -0.03800000 -0.02800000 1.19000000 0.08627451 0.08627451 0.08627451
v -0.07200000 -0.02800000 1.28500000 0.07450980 0.07450980 0.07450980
f 3413 3414 3415
f 3418 3417 3416
f 3413 3416 3417
f 3413 3417 3414
f 3414 3417 3418
f 3414 3418 3415
f 3415 3418 3416
f 3415 3416 3413

o EarInner_R
v 0.03800000 -0.03600000 1.19000000 0.09019608 0.09019608 0.09019608
v 0.10600000 -0.03600000 1.19000000 0.09019608 0.09019608 0.09019608
v 0.07200000 -0.03600000 1.28500000 0.09019608 0.09019608 0.09019608
v 0.03800000 -0.02800000 1.19000000 0.09019608 0.09019608 0.09019608
v 0.10600000 -0.02800000 1.19000000 0.09019608 0.09019608 0.09019608
v 0.07200000 -0.02800000 1.28500000 0.09019608 0.09019608 0.09019608
f 3419 3420 3421
f 3424 3423 3422
f 3419 3422 3423
f 3419 3423 3420
f 3420 3423 3424
f 3420 3424 3421
f 3421 3424 3422
f 3421 3422 3419

o NeckCollar
v 0.05400000 -0.00400000 0.98500000 0.09019608 0.09019608 0.09019608
v 0.05285410 -0.00400000 0.98852671 0.07843137 0.07843137 0.07843137
v 0.04985410 -0.00400000 0.99070634 0.08235294 0.08235294 0.08235294
v 0.04614590 -0.00400000 0.99070634 0.09411765 0.09411765 0.09411765
v 0.04314590 -0.00400000 0.98852671 0.09019608 0.09019608 0.09019608
v 0.04200000 -0.00400000 0.98500000 0.07058824 0.07058824 0.07058824
v 0.04314590 -0.00400000 0.98147329 0.06666667 0.06666667 0.06666667
v 0.04614590 -0.00400000 0.97929366 0.06666667 0.06666667 0.06666667
v 0.04985410 -0.00400000 0.97929366 0.07843137 0.07843137 0.07843137
v 0.05285410 -0.00400000 0.98147329 0.09411765 0.09411765 0.09411765
v 0.05333517 0.00444746 0.98500000 0.09411765 0.09411765 0.09411765
v 0.05220338 0.00426820 0.98852671 0.08235294 0.08235294 0.08235294
v 0.04924032 0.00379890 0.99070634 0.08627451 0.08627451 0.08627451
v 0.04557777 0.00321881 0.99070634 0.09411765 0.09411765 0.09411765
v 0.04261470 0.00274951 0.98852671 0.08627451 0.08627451 0.08627451
v 0.04148291 0.00257025 0.98500000 0.07058824 0.07058824 0.07058824
v 0.04261470 0.00274951 0.98147329 0.06666667 0.06666667 0.06666667
v 0.04557777 0.00321881 0.97929366 0.06666667 0.06666667 0.06666667
v 0.04924032 0.00379890 0.97929366 0.07450980 0.07450980 0.07450980
v 0.05220338 0.00426820 0.98147329 0.09411765 0.09411765 0.09411765
v 0.05135705 0.01268692 0.98500000 0.09803922 0.09803922 0.09803922
v 0.05026724 0.01233282 0.98852671 0.09411765 0.09411765 0.09411765
v 0.04741407 0.01140576 0.99070634 0.09411765 0.09411765 0.09411765
v 0.04388736 0.01025987 0.99070634 0.09411765 0.09411765 0.09411765
v 0.04103419 0.00933282 0.98852671 0.08235294 0.08235294 0.08235294
v 0.03994437 0.00897871 0.98500000 0.07058824 0.07058824 0.07058824
v 0.04103419 0.00933282 0.98147329 0.07450980 0.07450980 0.07450980
v 0.04388736 0.01025987 0.97929366 0.07058824 0.07058824 0.07058824
v 0.04741407 0.01140576 0.97929366 0.07058824 0.07058824 0.07058824
v 0.05026724 0.01233282 0.98147329 0.09019608 0.09019608 0.09019608
v 0.04811435 0.02051549 0.98500000 0.09411765 0.09411765 0.09411765
v 0.04709335 0.01999526 0.98852671 0.09803922 0.09803922 0.09803922
v 0.04442033 0.01863329 0.99070634 0.09803922 0.09803922 0.09803922
v 0.04111630 0.01694980 0.99070634 0.08627451 0.08627451 0.08627451
v 0.03844328 0.01558783 0.98852671 0.07450980 0.07450980 0.07450980
v 0.03742227 0.01506760 0.98500000 0.07843137 0.07843137 0.07843137
v 0.03844328 0.01558783 0.98147329 0.08627451 0.08627451 0.08627451
v 0.04111630 0.01694980 0.97929366 0.08627451 0.08627451 0.08627451
v 0.04442033 0.01863329 0.97929366 0.07058824 0.07058824 0.07058824
v 0.04709335 0.01999526 0.98147329 0.07450980 0.07450980 0.07450980
v 0.04368692 0.02774040 0.98500000 0.07450980 0.07450980 0.07450980
v 0.04275987 0.02706686 0.98852671 0.08627451 0.08627451 0.08627451
v 0.04033282 0.02530351 0.99070634 0.08627451 0.08627451 0.08627451
v 0.03733282 0.02312388 0.99070634 0.07843137 0.07843137 0.07843137
v 0.03490576 0.02136052 0.98852671 0.07843137 0.07843137 0.07843137
v 0.03397871 0.02068698 0.98500000 0.09019608 0.09019608 0.09019608
v 0.03490576 0.02136052 0.98147329 0.09803922 0.09803922 0.09803922
v 0.03733282 0.02312388 0.97929366 0.09803922 0.09803922 0.09803922
v 0.04033282 0.02530351 0.97929366 0.09019608 0.09019608 0.09019608
v 0.04275987 0.02706686 0.98147329 0.07450980 0.07450980 0.07450980
v 0.03818377 0.03418377 0.98500000 0.07843137 0.07843137 0.07843137
v 0.03737349 0.03337349 0.98852671 0.07058824 0.07058824 0.07058824
v 0.03525217 0.03125217 0.99070634 0.07450980 0.07450980 0.07450980
v 0.03263008 0.02863008 0.99070634 0.07843137 0.07843137 0.07843137
v 0.03050876 0.02650876 0.98852671 0.08627451 0.08627451 0.08627451
v 0.02969848 0.02569848 0.98500000 0.09019608 0.09019608 0.09019608
v 0.03050876 0.02650876 0.98147329 0.08627451 0.08627451 0.08627451
v 0.03263008 0.02863008 0.97929366 0.08627451 0.08627451 0.08627451
v 0.03525217 0.03125217 0.97929366 0.09411765 0.09411765 0.09411765
v 0.03737349 0.03337349 0.98147329 0.09411765 0.09411765 0.09411765
v 0.03174040 0.03968692 0.98500000 0.09411765 0.09411765 0.09411765
v 0.03106686 0.03875987 0.98852671 0.09019608 0.09019608 0.09019608
v 0.02930351 0.03633282 0.99070634 0.09019608 0.09019608 0.09019608
v 0.02712388 0.03333282 0.99070634 0.09019608 0.09019608 0.09019608
v 0.02536052 0.03090576 0.98852671 0.08627451 0.08627451 0.08627451
v 0.02468698 0.02997871 0.98500000 0.07843137 0.07843137 0.07843137
v 0.02536052 0.03090576 0.98147329 0.07450980 0.07450980 0.07450980
v 0.02712388 0.03333282 0.97929366 0.07058824 0.07058824 0.07058824
v 0.02930351 0.03633282 0.97929366 0.07450980 0.07450980 0.07450980
v 0.03106686 0.03875987 0.98147329 0.08627451 0.08627451 0.08627451
v 0.02451549 0.04411435 0.98500000 0.07843137 0.07843137 0.07843137
v 0.02399526 0.04309335 0.98852671 0.08235294 0.08235294 0.08235294
v 0.02263329 0.04042033 0.99070634 0.08627451 0.08627451 0.08627451
v 0.02094980 0.03711630 0.99070634 0.08235294 0.08235294 0.08235294
v 0.01958783 0.03444328 0.98852671 0.07843137 0.07843137 0.07843137
v 0.01906760 0.03342227 0.98500000 0.08235294 0.08235294 0.08235294
v 0.01958783 0.03444328 0.98147329 0.08627451 0.08627451 0.08627451
v 0.02094980 0.03711630 0.97929366 0.09019608 0.09019608 0.09019608
v 0.02263329 0.04042033 0.97929366 0.08627451 0.08627451 0.08627451
v 0.02399526 0.04309335 0.98147329 0.07450980 0.07450980 0.07450980
v 0.01668692 0.04735705 0.98500000 0.08627451 0.08627451 0.08627451
v 0.01633282 0.04626724 0.98852671 0.07843137 0.07843137 0.07843137
v 0.01540576 0.04341407 0.99070634 0.07843137 0.07843137 0.07843137
v 0.01425987 0.03988736 0.99070634 0.08235294 0.08235294 0.08235294
v 0.01333282 0.03703419 0.98852671 0.08627451 0.08627451 0.08627451
v 0.01297871 0.03594437 0.98500000 0.09019608 0.09019608 0.09019608
v 0.01333282 0.03703419 0.98147329 0.08627451 0.08627451 0.08627451
v 0.01425987 0.03988736 0.97929366 0.08627451 0.08627451 0.08627451
v 0.01540576 0.04341407 0.97929366 0.09019608 0.09019608 0.09019608
v 0.01633282 0.04626724 0.98147329 0.09019608 0.09019608 0.09019608
v 0.00844746 0.04933517 0.98500000 0.08235294 0.08235294 0.08235294
v 0.00826820 0.04820338 0.98852671 0.09019608 0.09019608 0.09019608
v 0.00779890 0.04524032 0.99070634 0.09019608 0.09019608 0.09019608
v 0.00721881 0.04157777 0.99070634 0.09019608 0.09019608 0.09019608
v 0.00674951 0.03861470 0.98852671 0.08627451 0.08627451 0.08627451
v 0.00657025 0.03748291 0.98500000 0.08235294 0.08235294 0.08235294
v 0.00674951 0.03861470 0.98147329 0.07843137 0.07843137 0.07843137
v 0.00721881 0.04157777 0.97929366 0.07843137 0.07843137 0.07843137
v 0.00779890 0.04524032 0.97929366 0.07450980 0.07450980 0.07450980
v 0.00826820 0.04820338 0.98147329 0.07450980 0.07450980 0.07450980
v 0.00000000 0.05000000 0.98500000 0.08235294 0.08235294 0.08235294
v 0.00000000 0.04885410 0.98852671 0.07450980 0.07450980 0.07450980
v 0.00000000 0.04585410 0.99070634 0.07843137 0.07843137 0.07843137
v 0.00000000 0.04214590 0.99070634 0.07843137 0.07843137 0.07843137
v 0.00000000 0.03914590 0.98852671 0.07843137 0.07843137 0.07843137
v 0.00000000 0.03800000 0.98500000 0.08235294 0.08235294 0.08235294
v 0.00000000 0.03914590 0.98147329 0.08627451 0.08627451 0.08627451
v 0.00000000 0.04214590 0.97929366 0.09019608 0.09019608 0.09019608
v 0.00000000 0.04585410 0.97929366 0.09019608 0.09019608 0.09019608
v 0.00000000 0.04885410 0.98147329 0.09019608 0.09019608 0.09019608
v -0.00844746 0.04933517 0.98500000 0.09019608 0.09019608 0.09019608
v -0.00826820 0.04820338 0.98852671 0.09019608 0.09019608 0.09019608
v -0.00779890 0.04524032 0.99070634 0.08627451 0.08627451 0.08627451
v -0.00721881 0.04157777 0.99070634 0.08627451 0.08627451 0.08627451
v -0.00674951 0.03861470 0.98852671 0.08627451 0.08627451 0.08627451
v -0.00657025 0.03748291 0.98500000 0.08627451 0.08627451 0.08627451
v -0.00674951 0.03861470 0.98147329 0.08235294 0.08235294 0.08235294
v -0.00721881 0.04157777 0.97929366 0.07843137 0.07843137 0.07843137
v -0.00779890 0.04524032 0.97929366 0.07843137 0.07843137 0.07843137
v -0.00826820 0.04820338 0.98147329 0.08235294 0.08235294 0.08235294
v -0.01668692 0.04735705 0.98500000 0.07450980 0.07450980 0.07450980
v -0.01633282 0.04626724 0.98852671 0.07450980 0.07450980 0.07450980
v -0.01540576 0.04341407 0.99070634 0.08235294 0.08235294 0.08235294
v -0.01425987 0.03988736 0.99070634 0.08627451 0.08627451 0.08627451
v -0.01333282 0.03703419 0.98852671 0.08235294 0.08235294 0.08235294
v -0.01297871 0.03594437 0.98500000 0.07843137 0.07843137 0.07843137
v -0.01333282 0.03703419 0.98147329 0.07843137 0.07843137 0.07843137
v -0.01425987 0.03988736 0.97929366 0.08235294 0.08235294 0.08235294
v -0.01540576 0.04341407 0.97929366 0.08627451 0.08627451 0.08627451
v -0.01633282 0.04626724 0.98147329 0.08235294 0.08235294 0.08235294
v -0.02451549 0.04411435 0.98500000 0.09411765 0.09411765 0.09411765
v -0.02399526 0.04309335 0.98852671 0.08627451 0.08627451 0.08627451
v -0.02263329 0.04042033 0.99070634 0.07843137 0.07843137 0.07843137
v -0.02094980 0.03711630 0.99070634 0.07450980 0.07450980 0.07450980
v -0.01958783 0.03444328 0.98852671 0.07843137 0.07843137 0.07843137
v -0.01906760 0.03342227 0.98500000 0.08235294 0.08235294 0.08235294
v -0.01958783 0.03444328 0.98147329 0.08627451 0.08627451 0.08627451
v -0.02094980 0.03711630 0.97929366 0.08627451 0.08627451 0.08627451
v -0.02263329 0.04042033 0.97929366 0.08627451 0.08627451 0.08627451
v -0.02399526 0.04309335 0.98147329 0.09019608 0.09019608 0.09019608
v -0.03174040 0.03968692 0.98500000 0.07450980 0.07450980 0.07450980
v -0.03106686 0.03875987 0.98852671 0.08627451 0.08627451 0.08627451
v -0.02930351 0.03633282 0.99070634 0.09411765 0.09411765 0.09411765
v -0.02712388 0.03333282 0.99070634 0.09411765 0.09411765 0.09411765
v -0.02536052 0.03090576 0.98852671 0.09019608 0.09019608 0.09019608
v -0.02468698 0.02997871 0.98500000 0.09019608 0.09019608 0.09019608
v -0.02536052 0.03090576 0.98147329 0.08235294 0.08235294 0.08235294
v -0.02712388 0.03333282 0.97929366 0.07843137 0.07843137 0.07843137
v -0.02930351 0.03633282 0.97929366 0.07450980 0.07450980 0.07450980
v -0.03106686 0.03875987 0.98147329 0.07450980 0.07450980 0.07450980
v -0.03818377 0.03418377 0.98500000 0.08235294 0.08235294 0.08235294
v -0.03737349 0.03337349 0.98852671 0.07058824 0.07058824 0.07058824
v -0.03525217 0.03125217 0.99070634 0.07843137 0.07843137 0.07843137
v -0.03263008 0.02863008 0.99070634 0.09019608 0.09019608 0.09019608
v -0.03050876 0.02650876 0.98852671 0.09019608 0.09019608 0.09019608
v -0.02969848 0.02569848 0.98500000 0.08235294 0.08235294 0.08235294
v -0.03050876 0.02650876 0.98147329 0.07843137 0.07843137 0.07843137
v -0.03263008 0.02863008 0.97929366 0.08235294 0.08235294 0.08235294
v -0.03525217 0.03125217 0.97929366 0.09019608 0.09019608 0.09019608
v -0.03737349 0.03337349 0.98147329 0.09019608 0.09019608 0.09019608
v -0.04368692 0.02774040 0.98500000 0.09803922 0.09803922 0.09803922
v -0.04275987 0.02706686 0.98852671 0.08627451 0.08627451 0.08627451
v -0.04033282 0.02530351 0.99070634 0.07058824 0.07058824 0.07058824
v -0.03733282 0.02312388 0.99070634 0.07058824 0.07058824 0.07058824
v -0.03490576 0.02136052 0.98852671 0.07450980 0.07450980 0.07450980
v -0.03397871 0.02068698 0.98500000 0.07450980 0.07450980 0.07450980
v -0.03490576 0.02136052 0.98147329 0.08627451 0.08627451 0.08627451
v -0.03733282 0.02312388 0.97929366 0.09411765 0.09411765 0.09411765
v -0.04033282 0.02530351 0.97929366 0.09019608 0.09019608 0.09019608
v -0.04275987 0.02706686 0.98147329 0.09019608 0.09019608 0.09019608
v -0.04811435 0.02051549 0.98500000 0.08235294 0.08235294 0.08235294
v -0.04709335 0.01999526 0.98852671 0.09803922 0.09803922 0.09803922
v -0.04442033 0.01863329 0.99070634 0.08627451 0.08627451 0.08627451
v -0.04111630 0.01694980 0.99070634 0.07450980 0.07450980 0.07450980
v -0.03844328 0.01558783 0.98852671 0.07058824 0.07058824 0.07058824
v -0.03742227 0.01506760 0.98500000 0.08235294 0.08235294 0.08235294
v -0.03844328 0.01558783 0.98147329 0.09019608 0.09019608 0.09019608
v -0.04111630 0.01694980 0.97929366 0.08627451 0.08627451 0.08627451
v -0.04442033 0.01863329 0.97929366 0.07450980 0.07450980 0.07450980
v -0.04709335 0.01999526 0.98147329 0.07058824 0.07058824 0.07058824
v -0.05135705 0.01268692 0.98500000 0.07058824 0.07058824 0.07058824
v -0.05026724 0.01233282 0.98852671 0.08627451 0.08627451 0.08627451
v -0.04741407 0.01140576 0.99070634 0.09803922 0.09803922 0.09803922
v -0.04388736 0.01025987 0.99070634 0.08627451 0.08627451 0.08627451
v -0.04103419 0.00933282 0.98852671 0.08235294 0.08235294 0.08235294
v -0.03994437 0.00897871 0.98500000 0.09019608 0.09019608 0.09019608
v -0.04103419 0.00933282 0.98147329 0.09019608 0.09019608 0.09019608
v -0.04388736 0.01025987 0.97929366 0.07843137 0.07843137 0.07843137
v -0.04741407 0.01140576 0.97929366 0.07058824 0.07058824 0.07058824
v -0.05026724 0.01233282 0.98147329 0.06666667 0.06666667 0.06666667
v -0.05333517 0.00444746 0.98500000 0.07058824 0.07058824 0.07058824
v -0.05220338 0.00426820 0.98852671 0.07843137 0.07843137 0.07843137
v -0.04924032 0.00379890 0.99070634 0.09803922 0.09803922 0.09803922
v -0.04557777 0.00321881 0.99070634 0.09803922 0.09803922 0.09803922
v -0.04261470 0.00274951 0.98852671 0.09411765 0.09411765 0.09411765
v -0.04148291 0.00257025 0.98500000 0.09803922 0.09803922 0.09803922
v -0.04261470 0.00274951 0.98147329 0.08627451 0.08627451 0.08627451
v -0.04557777 0.00321881 0.97929366 0.07450980 0.07450980 0.07450980
v -0.04924032 0.00379890 0.97929366 0.07450980 0.07450980 0.07450980
v -0.05220338 0.00426820 0.98147329 0.07450980 0.07450980 0.07450980
v -0.05400000 -0.00400000 0.98500000 0.07058824 0.07058824 0.07058824
v -0.05285410 -0.00400000 0.98852671 0.07843137 0.07843137 0.07843137
v -0.04985410 -0.00400000 0.99070634 0.09411765 0.09411765 0.09411765
v -0.04614590 -0.00400000 0.99070634 0.09803922 0.09803922 0.09803922
v -0.04314590 -0.00400000 0.98852671 0.09411765 0.09411765 0.09411765
v -0.04200000 -0.00400000 0.98500000 0.09803922 0.09803922 0.09803922
v -0.04314590 -0.00400000 0.98147329 0.08627451 0.08627451 0.08627451
v -0.04614590 -0.00400000 0.97929366 0.07058824 0.07058824 0.07058824
v -0.04985410 -0.00400000 0.97929366 0.07450980 0.07450980 0.07450980
v -0.05285410 -0.00400000 0.98147329 0.07843137 0.07843137 0.07843137
v -0.05333517 -0.01244746 0.98500000 0.07058824 0.07058824 0.07058824
v -0.05220338 -0.01226820 0.98852671 0.07843137 0.07843137 0.07843137
v -0.04924032 -0.01179890 0.99070634 0.09411765 0.09411765 0.09411765
v -0.04557777 -0.01121881 0.99070634 0.09411765 0.09411765 0.09411765
v -0.04261470 -0.01074951 0.98852671 0.09411765 0.09411765 0.09411765
v -0.04148291 -0.01057025 0.98500000 0.09803922 0.09803922 0.09803922
v -0.04261470 -0.01074951 0.98147329 0.09019608 0.09019608 0.09019608
v -0.04557777 -0.01121881 0.97929366 0.07058824 0.07058824 0.07058824
v -0.04924032 -0.01179890 0.97929366 0.07450980 0.07450980 0.07450980
v -0.05220338 -0.01226820 0.98147329 0.07450980 0.07450980 0.07450980
v -0.05135705 -0.02068692 0.98500000 0.07450980 0.07450980 0.07450980
v -0.05026724 -0.02033282 0.98852671 0.08627451 0.08627451 0.08627451
v -0.04741407 -0.01940576 0.99070634 0.09411765 0.09411765 0.09411765
v -0.04388736 -0.01825987 0.99070634 0.08627451 0.08627451 0.08627451
v -0.04103419 -0.01733282 0.98852671 0.08235294 0.08235294 0.08235294
v -0.03994437 -0.01697871 0.98500000 0.09411765 0.09411765 0.09411765
v -0.04103419 -0.01733282 0.98147329 0.09411765 0.09411765 0.09411765
v -0.04388736 -0.01825987 0.97929366 0.07450980 0.07450980 0.07450980
v -0.04741407 -0.01940576 0.97929366 0.06666667 0.06666667 0.06666667
v -0.05026724 -0.02033282 0.98147329 0.07058824 0.07058824 0.07058824
v -0.04811435 -0.02851549 0.98500000 0.08235294 0.08235294 0.08235294
v -0.04709335 -0.02799526 0.98852671 0.09019608 0.09019608 0.09019608
v -0.04442033 -0.02663329 0.99070634 0.08627451 0.08627451 0.08627451
v -0.04111630 -0.02494980 0.99070634 0.07450980 0.07450980 0.07450980
v -0.03844328 -0.02358783 0.98852671 0.07058824 0.07058824 0.07058824
v -0.03742227 -0.02306760 0.98500000 0.08235294 0.08235294 0.08235294
v -0.03844328 -0.02358783 0.98147329 0.09803922 0.09803922 0.09803922
v -0.04111630 -0.02494980 0.97929366 0.08627451 0.08627451 0.08627451
v -0.04442033 -0.02663329 0.97929366 0.07450980 0.07450980 0.07450980
v -0.04709335 -0.02799526 0.98147329 0.07450980 0.07450980 0.07450980
v -0.04368692 -0.03574040 0.98500000 0.09019608 0.09019608 0.09019608
v -0.04275987 -0.03506686 0.98852671 0.08627451 0.08627451 0.08627451
v -0.04033282 -0.03330351 0.99070634 0.07843137 0.07843137 0.07843137
v -0.03733282 -0.03112388 0.99070634 0.07450980 0.07450980 0.07450980
v -0.03490576 -0.02936052 0.98852671 0.07058824 0.07058824 0.07058824
v -0.03397871 -0.02868698 0.98500000 0.07058824 0.07058824 0.07058824
v -0.03490576 -0.02936052 0.98147329 0.08627451 0.08627451 0.08627451
v -0.03733282 -0.03112388 0.97929366 0.09803922 0.09803922 0.09803922
v -0.04033282 -0.03330351 0.97929366 0.09019608 0.09019608 0.09019608
v -0.04275987 -0.03506686 0.98147329 0.09019608 0.09019608 0.09019608
v -0.03818377 -0.04218377 0.98500000 0.08235294 0.08235294 0.08235294
v -0.03737349 -0.04137349 0.98852671 0.07843137 0.07843137 0.07843137
v -0.03525217 -0.03925217 0.99070634 0.08235294 0.08235294 0.08235294
v -0.03263008 -0.03663008 0.99070634 0.08627451 0.08627451 0.08627451
v -0.03050876 -0.03450876 0.98852671 0.09019608 0.09019608 0.09019608
v -0.02969848 -0.03369848 0.98500000 0.07843137 0.07843137 0.07843137
v -0.03050876 -0.03450876 0.98147329 0.07058824 0.07058824 0.07058824
v -0.03263008 -0.03663008 0.97929366 0.08235294 0.08235294 0.08235294
v -0.03525217 -0.03925217 0.97929366 0.09019608 0.09019608 0.09019608
v -0.03737349 -0.04137349 0.98147329 0.09019608 0.09019608 0.09019608
v -0.03174040 -0.04768692 0.98500000 0.08235294 0.08235294 0.08235294
v -0.03106686 -0.04675987 0.98852671 0.08627451 0.08627451 0.08627451
v -0.02930351 -0.04433282 0.99070634 0.09019608 0.09019608 0.09019608
v -0.02712388 -0.04133282 0.99070634 0.09019608 0.09019608 0.09019608
v -0.02536052 -0.03890576 0.98852671 0.09411765 0.09411765 0.09411765
v -0.02468698 -0.03797871 0.98500000 0.09803922 0.09803922 0.09803922
v -0.02536052 -0.03890576 0.98147329 0.08627451 0.08627451 0.08627451
v -0.02712388 -0.04133282 0.97929366 0.07450980 0.07450980 0.07450980
v -0.02930351 -0.04433282 0.97929366 0.07450980 0.07450980 0.07450980
v -0.03106686 -0.04675987 0.98147329 0.07843137 0.07843137 0.07843137
v -0.02451549 -0.05211435 0.98500000 0.08627451 0.08627451 0.08627451
v -0.02399526 -0.05109335 0.98852671 0.08627451 0.08627451 0.08627451
v -0.02263329 -0.04842033 0.99070634 0.08235294 0.08235294 0.08235294
v -0.02094980 -0.04511630 0.99070634 0.07450980 0.07450980 0.07450980
v -0.01958783 -0.04244328 0.98852671 0.07450980 0.07450980 0.07450980
v -0.01906760 -0.04142227 0.98500000 0.08235294 0.08235294 0.08235294
v -0.01958783 -0.04244328 0.98147329 0.09411765 0.09411765 0.09411765
v -0.02094980 -0.04511630 0.97929366 0.09411765 0.09411765 0.09411765
v -0.02263329 -0.04842033 0.97929366 0.08627451 0.08627451 0.08627451
v -0.02399526 -0.05109335 0.98147329 0.08627451 0.08627451 0.08627451
v -0.01668692 -0.05535705 0.98500000 0.08235294 0.08235294 0.08235294
v -0.01633282 -0.05426724 0.98852671 0.08235294 0.08235294 0.08235294
v -0.01540576 -0.05141407 0.99070634 0.08627451 0.08627451 0.08627451
v -0.01425987 -0.04788736 0.99070634 0.08627451 0.08627451 0.08627451
v -0.01333282 -0.04503419 0.98852671 0.08235294 0.08235294 0.08235294
v -0.01297871 -0.04394437 0.98500000 0.07450980 0.07450980 0.07450980
v -0.01333282 -0.04503419 0.98147329 0.07450980 0.07450980 0.07450980
v -0.01425987 -0.04788736 0.97929366 0.08235294 0.08235294 0.08235294
v -0.01540576 -0.05141407 0.97929366 0.08627451 0.08627451 0.08627451
v -0.01633282 -0.05426724 0.98147329 0.08235294 0.08235294 0.08235294
v -0.00844746 -0.05733517 0.98500000 0.08235294 0.08235294 0.08235294
v -0.00826820 -0.05620338 0.98852671 0.08627451 0.08627451 0.08627451
v -0.00779890 -0.05324032 0.99070634 0.08627451 0.08627451 0.08627451
v -0.00721881 -0.04957777 0.99070634 0.08627451 0.08627451 0.08627451
v -0.00674951 -0.04661470 0.98852671 0.09411765 0.09411765 0.09411765
v -0.00657025 -0.04548291 0.98500000 0.09411765 0.09411765 0.09411765
v -0.00674951 -0.04661470 0.98147329 0.08627451 0.08627451 0.08627451
v -0.00721881 -0.04957777 0.97929366 0.07843137 0.07843137 0.07843137
v -0.00779890 -0.05324032 0.97929366 0.07843137 0.07843137 0.07843137
v -0.00826820 -0.05620338 0.98147329 0.08235294 0.08235294 0.08235294
v -0.00000000 -0.05800000 0.98500000 0.08235294 0.08235294 0.08235294
v -0.00000000 -0.05685410 0.98852671 0.08235294 0.08235294 0.08235294
v -0.00000000 -0.05385410 0.99070634 0.07843137 0.07843137 0.07843137
v -0.00000000 -0.05014590 0.99070634 0.07450980 0.07450980 0.07450980
v -0.00000000 -0.04714590 0.98852671 0.07450980 0.07450980 0.07450980
v -0.00000000 -0.04600000 0.98500000 0.07843137 0.07843137 0.07843137
v -0.00000000 -0.04714590 0.98147329 0.09019608 0.09019608 0.09019608
v -0.00000000 -0.05014590 0.97929366 0.09411765 0.09411765 0.09411765
v -0.00000000 -0.05385410 0.97929366 0.09019608 0.09019608 0.09019608
v -0.00000000 -0.05685410 0.98147329 0.08627451 0.08627451 0.08627451
v 0.00844746 -0.05733517 0.98500000 0.08235294 0.08235294 0.08235294
v 0.00826820 -0.05620338 0.98852671 0.08627451 0.08627451 0.08627451
v 0.00779890 -0.05324032 0.99070634 0.09019608 0.09019608 0.09019608
v 0.00721881 -0.04957777 0.99070634 0.09411765 0.09411765 0.09411765
v 0.00674951 -0.04661470 0.98852671 0.09019608 0.09019608 0.09019608
v 0.00657025 -0.04548291 0.98500000 0.07843137 0.07843137 0.07843137
v 0.00674951 -0.04661470 0.98147329 0.07450980 0.07450980 0.07450980
v 0.00721881 -0.04957777 0.97929366 0.07450980 0.07450980 0.07450980
v 0.00779890 -0.05324032 0.97929366 0.07843137 0.07843137 0.07843137
v 0.00826820 -0.05620338 0.98147329 0.08235294 0.08235294 0.08235294
v 0.01668692 -0.05535705 0.98500000 0.08235294 0.08235294 0.08235294
v 0.01633282 -0.05426724 0.98852671 0.08235294 0.08235294 0.08235294
v 0.01540576 -0.05141407 0.99070634 0.07843137 0.07843137 0.07843137
v 0.01425987 -0.04788736 0.99070634 0.07843137 0.07843137 0.07843137
v 0.01333282 -0.04503419 0.98852671 0.08627451 0.08627451 0.08627451
v 0.01297871 -0.04394437 0.98500000 0.09411765 0.09411765 0.09411765
v 0.01333282 -0.04503419 0.98147329 0.09019608 0.09019608 0.09019608
v 0.01425987 -0.04788736 0.97929366 0.08627451 0.08627451 0.08627451
v 0.01540576 -0.05141407 0.97929366 0.08627451 0.08627451 0.08627451
v 0.01633282 -0.05426724 0.98147329 0.08627451 0.08627451 0.08627451
v 0.02451549 -0.05211435 0.98500000 0.08235294 0.08235294 0.08235294
v 0.02399526 -0.05109335 0.98852671 0.08627451 0.08627451 0.08627451
v 0.02263329 -0.04842033 0.99070634 0.08627451 0.08627451 0.08627451
v 0.02094980 -0.04511630 0.99070634 0.08235294 0.08235294 0.08235294
v 0.01958783 -0.04244328 0.98852671 0.07450980 0.07450980 0.07450980
v 0.01906760 -0.04142227 0.98500000 0.07843137 0.07843137 0.07843137
v 0.01958783 -0.04244328 0.98147329 0.08627451 0.08627451 0.08627451
v 0.02094980 -0.04511630 0.97929366 0.09019608 0.09019608 0.09019608
v 0.02263329 -0.04842033 0.97929366 0.08235294 0.08235294 0.08235294
v 0.02399526 -0.05109335 0.98147329 0.08235294 0.08235294 0.08235294
v 0.03174040 -0.04768692 0.98500000 0.08627451 0.08627451 0.08627451
v 0.03106686 -0.04675987 0.98852671 0.09019608 0.09019608 0.09019608
v 0.02930351 -0.04433282 0.99070634 0.09019608 0.09019608 0.09019608
v 0.02712388 -0.04133282 0.99070634 0.09411765 0.09411765 0.09411765
v 0.02536052 -0.03890576 0.98852671 0.09019608 0.09019608 0.09019608
v 0.02468698 -0.03797871 0.98500000 0.07450980 0.07450980 0.07450980
v 0.02536052 -0.03890576 0.98147329 0.07058824 0.07058824 0.07058824
v 0.02712388 -0.04133282 0.97929366 0.07450980 0.07450980 0.07450980
v 0.02930351 -0.04433282 0.97929366 0.07843137 0.07843137 0.07843137
v 0.03106686 -0.04675987 0.98147329 0.08235294 0.08235294 0.08235294
v 0.03818377 -0.04218377 0.98500000 0.07843137 0.07843137 0.07843137
v 0.03737349 -0.04137349 0.98852671 0.07450980 0.07450980 0.07450980
v 0.03525217 -0.03925217 0.99070634 0.07058824 0.07058824 0.07058824
v 0.03263008 -0.03663008 0.99070634 0.07450980 0.07450980 0.07450980
v 0.03050876 -0.03450876 0.98852671 0.09411765 0.09411765 0.09411765
v 0.02969848 -0.03369848 0.98500000 0.09411765 0.09411765 0.09411765
v 0.03050876 -0.03450876 0.98147329 0.08627451 0.08627451 0.08627451
v 0.03263008 -0.03663008 0.97929366 0.08627451 0.08627451 0.08627451
v 0.03525217 -0.03925217 0.97929366 0.09019608 0.09019608 0.09019608
v 0.03737349 -0.04137349 0.98147329 0.08627451 0.08627451 0.08627451
v 0.04368692 -0.03574040 0.98500000 0.07843137 0.07843137 0.07843137
v 0.04275987 -0.03506686 0.98852671 0.08627451 0.08627451 0.08627451
v 0.04033282 -0.03330351 0.99070634 0.08235294 0.08235294 0.08235294
v 0.03733282 -0.03112388 0.99070634 0.07058824 0.07058824 0.07058824
v 0.03490576 -0.02936052 0.98852671 0.07450980 0.07450980 0.07450980
v 0.03397871 -0.02868698 0.98500000 0.09411765 0.09411765 0.09411765
v 0.03490576 -0.02936052 0.98147329 0.09803922 0.09803922 0.09803922
v 0.03733282 -0.03112388 0.97929366 0.09411765 0.09411765 0.09411765
v 0.04033282 -0.03330351 0.97929366 0.08627451 0.08627451 0.08627451
v 0.04275987 -0.03506686 0.98147329 0.07843137 0.07843137 0.07843137
v 0.04811435 -0.02851549 0.98500000 0.09019608 0.09019608 0.09019608
v 0.04709335 -0.02799526 0.98852671 0.09803922 0.09803922 0.09803922
v 0.04442033 -0.02663329 0.99070634 0.09803922 0.09803922 0.09803922
v 0.04111630 -0.02494980 0.99070634 0.09019608 0.09019608 0.09019608
v 0.03844328 -0.02358783 0.98852671 0.07058824 0.07058824 0.07058824
v 0.03742227 -0.02306760 0.98500000 0.07843137 0.07843137 0.07843137
v 0.03844328 -0.02358783 0.98147329 0.08627451 0.08627451 0.08627451
v 0.04111630 -0.02494980 0.97929366 0.08627451 0.08627451 0.08627451
v 0.04442033 -0.02663329 0.97929366 0.07450980 0.07450980 0.07450980
v 0.04709335 -0.02799526 0.98147329 0.07843137 0.07843137 0.07843137
v 0.05135705 -0.02068692 0.98500000 0.09411765 0.09411765 0.09411765
v 0.05026724 -0.02033282 0.98852671 0.09411765 0.09411765 0.09411765
v 0.04741407 -0.01940576 0.99070634 0.09803922 0.09803922 0.09803922
v 0.04388736 -0.01825987 0.99070634 0.09803922 0.09803922 0.09803922
v 0.04103419 -0.01733282 0.98852671 0.07843137 0.07843137 0.07843137
v 0.03994437 -0.01697871 0.98500000 0.07058824 0.07058824 0.07058824
v 0.04103419 -0.01733282 0.98147329 0.07450980 0.07450980 0.07450980
v 0.04388736 -0.01825987 0.97929366 0.07450980 0.07450980 0.07450980
v 0.04741407 -0.01940576 0.97929366 0.07450980 0.07450980 0.07450980
v 0.05026724 -0.02033282 0.98147329 0.08627451 0.08627451 0.08627451
v 0.05333517 -0.01244746 0.98500000 0.09019608 0.09019608 0.09019608
v 0.05220338 -0.01226820 0.98852671 0.08235294 0.08235294 0.08235294
v 0.04924032 -0.01179890 0.99070634 0.08627451 0.08627451 0.08627451
v 0.04557777 -0.01121881 0.99070634 0.09803922 0.09803922 0.09803922
v 0.04261470 -0.01074951 0.98852671 0.08627451 0.08627451 0.08627451
v 0.04148291 -0.01057025 0.98500000 0.07058824 0.07058824 0.07058824
v 0.04261470 -0.01074951 0.98147329 0.06666667 0.06666667 0.06666667
v 0.04557777 -0.01121881 0.97929366 0.06666667 0.06666667 0.06666667
v 0.04924032 -0.01179890 0.97929366 0.07843137 0.07843137 0.07843137
v 0.05220338 -0.01226820 0.98147329 0.09411765 0.09411765 0.09411765
f 3425 3426 3436
f 3425 3436 3435
f 3426 3427 3437
f 3426 3437 3436
f 3427 3428 3438
f 3427 3438 3437
f 3428 3429 3439
f 3428 3439 3438
f 3429 3430 3440
f 3429 3440 3439
f 3430 3431 3441
f 3430 3441 3440
f 3431 3432 3442
f 3431 3442 3441
f 3432 3433 3443
f 3432 3443 3442
f 3433 3434 3444
f 3433 3444 3443
f 3434 3425 3435
f 3434 3435 3444
f 3435 3436 3446
f 3435 3446 3445
f 3436 3437 3447
f 3436 3447 3446
f 3437 3438 3448
f 3437 3448 3447
f 3438 3439 3449
f 3438 3449 3448
f 3439 3440 3450
f 3439 3450 3449
f 3440 3441 3451
f 3440 3451 3450
f 3441 3442 3452
f 3441 3452 3451
f 3442 3443 3453
f 3442 3453 3452
f 3443 3444 3454
f 3443 3454 3453
f 3444 3435 3445
f 3444 3445 3454
f 3445 3446 3456
f 3445 3456 3455
f 3446 3447 3457
f 3446 3457 3456
f 3447 3448 3458
f 3447 3458 3457
f 3448 3449 3459
f 3448 3459 3458
f 3449 3450 3460
f 3449 3460 3459
f 3450 3451 3461
f 3450 3461 3460
f 3451 3452 3462
f 3451 3462 3461
f 3452 3453 3463
f 3452 3463 3462
f 3453 3454 3464
f 3453 3464 3463
f 3454 3445 3455
f 3454 3455 3464
f 3455 3456 3466
f 3455 3466 3465
f 3456 3457 3467
f 3456 3467 3466
f 3457 3458 3468
f 3457 3468 3467
f 3458 3459 3469
f 3458 3469 3468
f 3459 3460 3470
f 3459 3470 3469
f 3460 3461 3471
f 3460 3471 3470
f 3461 3462 3472
f 3461 3472 3471
f 3462 3463 3473
f 3462 3473 3472
f 3463 3464 3474
f 3463 3474 3473
f 3464 3455 3465
f 3464 3465 3474
f 3465 3466 3476
f 3465 3476 3475
f 3466 3467 3477
f 3466 3477 3476
f 3467 3468 3478
f 3467 3478 3477
f 3468 3469 3479
f 3468 3479 3478
f 3469 3470 3480
f 3469 3480 3479
f 3470 3471 3481
f 3470 3481 3480
f 3471 3472 3482
f 3471 3482 3481
f 3472 3473 3483
f 3472 3483 3482
f 3473 3474 3484
f 3473 3484 3483
f 3474 3465 3475
f 3474 3475 3484
f 3475 3476 3486
f 3475 3486 3485
f 3476 3477 3487
f 3476 3487 3486
f 3477 3478 3488
f 3477 3488 3487
f 3478 3479 3489
f 3478 3489 3488
f 3479 3480 3490
f 3479 3490 3489
f 3480 3481 3491
f 3480 3491 3490
f 3481 3482 3492
f 3481 3492 3491
f 3482 3483 3493
f 3482 3493 3492
f 3483 3484 3494
f 3483 3494 3493
f 3484 3475 3485
f 3484 3485 3494
f 3485 3486 3496
f 3485 3496 3495
f 3486 3487 3497
f 3486 3497 3496
f 3487 3488 3498
f 3487 3498 3497
f 3488 3489 3499
f 3488 3499 3498
f 3489 3490 3500
f 3489 3500 3499
f 3490 3491 3501
f 3490 3501 3500
f 3491 3492 3502
f 3491 3502 3501
f 3492 3493 3503
f 3492 3503 3502
f 3493 3494 3504
f 3493 3504 3503
f 3494 3485 3495
f 3494 3495 3504
f 3495 3496 3506
f 3495 3506 3505
f 3496 3497 3507
f 3496 3507 3506
f 3497 3498 3508
f 3497 3508 3507
f 3498 3499 3509
f 3498 3509 3508
f 3499 3500 3510
f 3499 3510 3509
f 3500 3501 3511
f 3500 3511 3510
f 3501 3502 3512
f 3501 3512 3511
f 3502 3503 3513
f 3502 3513 3512
f 3503 3504 3514
f 3503 3514 3513
f 3504 3495 3505
f 3504 3505 3514
f 3505 3506 3516
f 3505 3516 3515
f 3506 3507 3517
f 3506 3517 3516
f 3507 3508 3518
f 3507 3518 3517
f 3508 3509 3519
f 3508 3519 3518
f 3509 3510 3520
f 3509 3520 3519
f 3510 3511 3521
f 3510 3521 3520
f 3511 3512 3522
f 3511 3522 3521
f 3512 3513 3523
f 3512 3523 3522
f 3513 3514 3524
f 3513 3524 3523
f 3514 3505 3515
f 3514 3515 3524
f 3515 3516 3526
f 3515 3526 3525
f 3516 3517 3527
f 3516 3527 3526
f 3517 3518 3528
f 3517 3528 3527
f 3518 3519 3529
f 3518 3529 3528
f 3519 3520 3530
f 3519 3530 3529
f 3520 3521 3531
f 3520 3531 3530
f 3521 3522 3532
f 3521 3532 3531
f 3522 3523 3533
f 3522 3533 3532
f 3523 3524 3534
f 3523 3534 3533
f 3524 3515 3525
f 3524 3525 3534
f 3525 3526 3536
f 3525 3536 3535
f 3526 3527 3537
f 3526 3537 3536
f 3527 3528 3538
f 3527 3538 3537
f 3528 3529 3539
f 3528 3539 3538
f 3529 3530 3540
f 3529 3540 3539
f 3530 3531 3541
f 3530 3541 3540
f 3531 3532 3542
f 3531 3542 3541
f 3532 3533 3543
f 3532 3543 3542
f 3533 3534 3544
f 3533 3544 3543
f 3534 3525 3535
f 3534 3535 3544
f 3535 3536 3546
f 3535 3546 3545
f 3536 3537 3547
f 3536 3547 3546
f 3537 3538 3548
f 3537 3548 3547
f 3538 3539 3549
f 3538 3549 3548
f 3539 3540 3550
f 3539 3550 3549
f 3540 3541 3551
f 3540 3551 3550
f 3541 3542 3552
f 3541 3552 3551
f 3542 3543 3553
f 3542 3553 3552
f 3543 3544 3554
f 3543 3554 3553
f 3544 3535 3545
f 3544 3545 3554
f 3545 3546 3556
f 3545 3556 3555
f 3546 3547 3557
f 3546 3557 3556
f 3547 3548 3558
f 3547 3558 3557
f 3548 3549 3559
f 3548 3559 3558
f 3549 3550 3560
f 3549 3560 3559
f 3550 3551 3561
f 3550 3561 3560
f 3551 3552 3562
f 3551 3562 3561
f 3552 3553 3563
f 3552 3563 3562
f 3553 3554 3564
f 3553 3564 3563
f 3554 3545 3555
f 3554 3555 3564
f 3555 3556 3566
f 3555 3566 3565
f 3556 3557 3567
f 3556 3567 3566
f 3557 3558 3568
f 3557 3568 3567
f 3558 3559 3569
f 3558 3569 3568
f 3559 3560 3570
f 3559 3570 3569
f 3560 3561 3571
f 3560 3571 3570
f 3561 3562 3572
f 3561 3572 3571
f 3562 3563 3573
f 3562 3573 3572
f 3563 3564 3574
f 3563 3574 3573
f 3564 3555 3565
f 3564 3565 3574
f 3565 3566 3576
f 3565 3576 3575
f 3566 3567 3577
f 3566 3577 3576
f 3567 3568 3578
f 3567 3578 3577
f 3568 3569 3579
f 3568 3579 3578
f 3569 3570 3580
f 3569 3580 3579
f 3570 3571 3581
f 3570 3581 3580
f 3571 3572 3582
f 3571 3582 3581
f 3572 3573 3583
f 3572 3583 3582
f 3573 3574 3584
f 3573 3584 3583
f 3574 3565 3575
f 3574 3575 3584
f 3575 3576 3586
f 3575 3586 3585
f 3576 3577 3587
f 3576 3587 3586
f 3577 3578 3588
f 3577 3588 3587
f 3578 3579 3589
f 3578 3589 3588
f 3579 3580 3590
f 3579 3590 3589
f 3580 3581 3591
f 3580 3591 3590
f 3581 3582 3592
f 3581 3592 3591
f 3582 3583 3593
f 3582 3593 3592
f 3583 3584 3594
f 3583 3594 3593
f 3584 3575 3585
f 3584 3585 3594
f 3585 3586 3596
f 3585 3596 3595
f 3586 3587 3597
f 3586 3597 3596
f 3587 3588 3598
f 3587 3598 3597
f 3588 3589 3599
f 3588 3599 3598
f 3589 3590 3600
f 3589 3600 3599
f 3590 3591 3601
f 3590 3601 3600
f 3591 3592 3602
f 3591 3602 3601
f 3592 3593 3603
f 3592 3603 3602
f 3593 3594 3604
f 3593 3604 3603
f 3594 3585 3595
f 3594 3595 3604
f 3595 3596 3606
f 3595 3606 3605
f 3596 3597 3607
f 3596 3607 3606
f 3597 3598 3608
f 3597 3608 3607
f 3598 3599 3609
f 3598 3609 3608
f 3599 3600 3610
f 3599 3610 3609
f 3600 3601 3611
f 3600 3611 3610
f 3601 3602 3612
f 3601 3612 3611
f 3602 3603 3613
f 3602 3613 3612
f 3603 3604 3614
f 3603 3614 3613
f 3604 3595 3605
f 3604 3605 3614
f 3605 3606 3616
f 3605 3616 3615
f 3606 3607 3617
f 3606 3617 3616
f 3607 3608 3618
f 3607 3618 3617
f 3608 3609 3619
f 3608 3619 3618
f 3609 3610 3620
f 3609 3620 3619
f 3610 3611 3621
f 3610 3621 3620
f 3611 3612 3622
f 3611 3622 3621
f 3612 3613 3623
f 3612 3623 3622
f 3613 3614 3624
f 3613 3624 3623
f 3614 3605 3615
f 3614 3615 3624
f 3615 3616 3626
f 3615 3626 3625
f 3616 3617 3627
f 3616 3627 3626
f 3617 3618 3628
f 3617 3628 3627
f 3618 3619 3629
f 3618 3629 3628
f 3619 3620 3630
f 3619 3630 3629
f 3620 3621 3631
f 3620 3631 3630
f 3621 3622 3632
f 3621 3632 3631
f 3622 3623 3633
f 3622 3633 3632
f 3623 3624 3634
f 3623 3634 3633
f 3624 3615 3625
f 3624 3625 3634
f 3625 3626 3636
f 3625 3636 3635
f 3626 3627 3637
f 3626 3637 3636
f 3627 3628 3638
f 3627 3638 3637
f 3628 3629 3639
f 3628 3639 3638
f 3629 3630 3640
f 3629 3640 3639
f 3630 3631 3641
f 3630 3641 3640
f 3631 3632 3642
f 3631 3642 3641
f 3632 3633 3643
f 3632 3643 3642
f 3633 3634 3644
f 3633 3644 3643
f 3634 3625 3635
f 3634 3635 3644
f 3635 3636 3646
f 3635 3646 3645
f 3636 3637 3647
f 3636 3647 3646
f 3637 3638 3648
f 3637 3648 3647
f 3638 3639 3649
f 3638 3649 3648
f 3639 3640 3650
f 3639 3650 3649
f 3640 3641 3651
f 3640 3651 3650
f 3641 3642 3652
f 3641 3652 3651
f 3642 3643 3653
f 3642 3653 3652
f 3643 3644 3654
f 3643 3654 3653
f 3644 3635 3645
f 3644 3645 3654
f 3645 3646 3656
f 3645 3656 3655
f 3646 3647 3657
f 3646 3657 3656
f 3647 3648 3658
f 3647 3658 3657
f 3648 3649 3659
f 3648 3659 3658
f 3649 3650 3660
f 3649 3660 3659
f 3650 3651 3661
f 3650 3661 3660
f 3651 3652 3662
f 3651 3662 3661
f 3652 3653 3663
f 3652 3663 3662
f 3653 3654 3664
f 3653 3664 3663
f 3654 3645 3655
f 3654 3655 3664
f 3655 3656 3666
f 3655 3666 3665
f 3656 3657 3667
f 3656 3667 3666
f 3657 3658 3668
f 3657 3668 3667
f 3658 3659 3669
f 3658 3669 3668
f 3659 3660 3670
f 3659 3670 3669
f 3660 3661 3671
f 3660 3671 3670
f 3661 3662 3672
f 3661 3672 3671
f 3662 3663 3673
f 3662 3673 3672
f 3663 3664 3674
f 3663 3674 3673
f 3664 3655 3665
f 3664 3665 3674
f 3665 3666 3676
f 3665 3676 3675
f 3666 3667 3677
f 3666 3677 3676
f 3667 3668 3678
f 3667 3678 3677
f 3668 3669 3679
f 3668 3679 3678
f 3669 3670 3680
f 3669 3680 3679
f 3670 3671 3681
f 3670 3681 3680
f 3671 3672 3682
f 3671 3682 3681
f 3672 3673 3683
f 3672 3683 3682
f 3673 3674 3684
f 3673 3684 3683
f 3674 3665 3675
f 3674 3675 3684
f 3675 3676 3686
f 3675 3686 3685
f 3676 3677 3687
f 3676 3687 3686
f 3677 3678 3688
f 3677 3688 3687
f 3678 3679 3689
f 3678 3689 3688
f 3679 3680 3690
f 3679 3690 3689
f 3680 3681 3691
f 3680 3691 3690
f 3681 3682 3692
f 3681 3692 3691
f 3682 3683 3693
f 3682 3693 3692
f 3683 3684 3694
f 3683 3694 3693
f 3684 3675 3685
f 3684 3685 3694
f 3685 3686 3696
f 3685 3696 3695
f 3686 3687 3697
f 3686 3697 3696
f 3687 3688 3698
f 3687 3698 3697
f 3688 3689 3699
f 3688 3699 3698
f 3689 3690 3700
f 3689 3700 3699
f 3690 3691 3701
f 3690 3701 3700
f 3691 3692 3702
f 3691 3702 3701
f 3692 3693 3703
f 3692 3703 3702
f 3693 3694 3704
f 3693 3704 3703
f 3694 3685 3695
f 3694 3695 3704
f 3695 3696 3706
f 3695 3706 3705
f 3696 3697 3707
f 3696 3707 3706
f 3697 3698 3708
f 3697 3708 3707
f 3698 3699 3709
f 3698 3709 3708
f 3699 3700 3710
f 3699 3710 3709
f 3700 3701 3711
f 3700 3711 3710
f 3701 3702 3712
f 3701 3712 3711
f 3702 3703 3713
f 3702 3713 3712
f 3703 3704 3714
f 3703 3714 3713
f 3704 3695 3705
f 3704 3705 3714
f 3705 3706 3716
f 3705 3716 3715
f 3706 3707 3717
f 3706 3717 3716
f 3707 3708 3718
f 3707 3718 3717
f 3708 3709 3719
f 3708 3719 3718
f 3709 3710 3720
f 3709 3720 3719
f 3710 3711 3721
f 3710 3721 3720
f 3711 3712 3722
f 3711 3722 3721
f 3712 3713 3723
f 3712 3723 3722
f 3713 3714 3724
f 3713 3724 3723
f 3714 3705 3715
f 3714 3715 3724
f 3715 3716 3726
f 3715 3726 3725
f 3716 3717 3727
f 3716 3727 3726
f 3717 3718 3728
f 3717 3728 3727
f 3718 3719 3729
f 3718 3729 3728
f 3719 3720 3730
f 3719 3730 3729
f 3720 3721 3731
f 3720 3731 3730
f 3721 3722 3732
f 3721 3732 3731
f 3722 3723 3733
f 3722 3733 3732
f 3723 3724 3734
f 3723 3734 3733
f 3724 3715 3725
f 3724 3725 3734
f 3725 3726 3736
f 3725 3736 3735
f 3726 3727 3737
f 3726 3737 3736
f 3727 3728 3738
f 3727 3738 3737
f 3728 3729 3739
f 3728 3739 3738
f 3729 3730 3740
f 3729 3740 3739
f 3730 3731 3741
f 3730 3741 3740
f 3731 3732 3742
f 3731 3742 3741
f 3732 3733 3743
f 3732 3743 3742
f 3733 3734 3744
f 3733 3744 3743
f 3734 3725 3735
f 3734 3735 3744
f 3735 3736 3746
f 3735 3746 3745
f 3736 3737 3747
f 3736 3747 3746
f 3737 3738 3748
f 3737 3748 3747
f 3738 3739 3749
f 3738 3749 3748
f 3739 3740 3750
f 3739 3750 3749
f 3740 3741 3751
f 3740 3751 3750
f 3741 3742 3752
f 3741 3752 3751
f 3742 3743 3753
f 3742 3753 3752
f 3743 3744 3754
f 3743 3754 3753
f 3744 3735 3745
f 3744 3745 3754
f 3745 3746 3756
f 3745 3756 3755
f 3746 3747 3757
f 3746 3757 3756
f 3747 3748 3758
f 3747 3758 3757
f 3748 3749 3759
f 3748 3759 3758
f 3749 3750 3760
f 3749 3760 3759
f 3750 3751 3761
f 3750 3761 3760
f 3751 3752 3762
f 3751 3762 3761
f 3752 3753 3763
f 3752 3763 3762
f 3753 3754 3764
f 3753 3764 3763
f 3754 3745 3755
f 3754 3755 3764
f 3755 3756 3766
f 3755 3766 3765
f 3756 3757 3767
f 3756 3767 3766
f 3757 3758 3768
f 3757 3768 3767
f 3758 3759 3769
f 3758 3769 3768
f 3759 3760 3770
f 3759 3770 3769
f 3760 3761 3771
f 3760 3771 3770
f 3761 3762 3772
f 3761 3772 3771
f 3762 3763 3773
f 3762 3773 3772
f 3763 3764 3774
f 3763 3774 3773
f 3764 3755 3765
f 3764 3765 3774
f 3765 3766 3776
f 3765 3776 3775
f 3766 3767 3777
f 3766 3777 3776
f 3767 3768 3778
f 3767 3778 3777
f 3768 3769 3779
f 3768 3779 3778
f 3769 3770 3780
f 3769 3780 3779
f 3770 3771 3781
f 3770 3781 3780
f 3771 3772 3782
f 3771 3782 3781
f 3772 3773 3783
f 3772 3783 3782
f 3773 3774 3784
f 3773 3784 3783
f 3774 3765 3775
f 3774 3775 3784
f 3775 3776 3786
f 3775 3786 3785
f 3776 3777 3787
f 3776 3787 3786
f 3777 3778 3788
f 3777 3788 3787
f 3778 3779 3789
f 3778 3789 3788
f 3779 3780 3790
f 3779 3790 3789
f 3780 3781 3791
f 3780 3791 3790
f 3781 3782 3792
f 3781 3792 3791
f 3782 3783 3793
f 3782 3793 3792
f 3783 3784 3794
f 3783 3794 3793
f 3784 3775 3785
f 3784 3785 3794
f 3785 3786 3796
f 3785 3796 3795
f 3786 3787 3797
f 3786 3797 3796
f 3787 3788 3798
f 3787 3798 3797
f 3788 3789 3799
f 3788 3799 3798
f 3789 3790 3800
f 3789 3800 3799
f 3790 3791 3801
f 3790 3801 3800
f 3791 3792 3802
f 3791 3802 3801
f 3792 3793 3803
f 3792 3803 3802
f 3793 3794 3804
f 3793 3804 3803
f 3794 3785 3795
f 3794 3795 3804
f 3795 3796 3806
f 3795 3806 3805
f 3796 3797 3807
f 3796 3807 3806
f 3797 3798 3808
f 3797 3808 3807
f 3798 3799 3809
f 3798 3809 3808
f 3799 3800 3810
f 3799 3810 3809
f 3800 3801 3811
f 3800 3811 3810
f 3801 3802 3812
f 3801 3812 3811
f 3802 3803 3813
f 3802 3813 3812
f 3803 3804 3814
f 3803 3814 3813
f 3804 3795 3805
f 3804 3805 3814
f 3805 3806 3816
f 3805 3816 3815
f 3806 3807 3817
f 3806 3817 3816
f 3807 3808 3818
f 3807 3818 3817
f 3808 3809 3819
f 3808 3819 3818
f 3809 3810 3820
f 3809 3820 3819
f 3810 3811 3821
f 3810 3821 3820
f 3811 3812 3822
f 3811 3822 3821
f 3812 3813 3823
f 3812 3823 3822
f 3813 3814 3824
f 3813 3824 3823
f 3814 3805 3815
f 3814 3815 3824
f 3815 3816 3426
f 3815 3426 3425
f 3816 3817 3427
f 3816 3427 3426
f 3817 3818 3428
f 3817 3428 3427
f 3818 3819 3429
f 3818 3429 3428
f 3819 3820 3430
f 3819 3430 3429
f 3820 3821 3431
f 3820 3431 3430
f 3821 3822 3432
f 3821 3432 3431
f 3822 3823 3433
f 3822 3433 3432
f 3823 3824 3434
f 3823 3434 3433
f 3824 3815 3425
f 3824 3425 3434

o HeartRing
v 0.00000000 -0.07600000 0.98775000 0.57647059 0.61960784 0.67843137
v 0.00007044 -0.07600000 0.98831768 0.57647059 0.61960784 0.67843137
v 0.00054296 -0.07600000 0.98985917 0.57647059 0.61960784 0.67843137
v 0.00172170 -0.07600000 0.99193635 0.57647059 0.61960784 0.67843137
v 0.00373658 -0.07600000 0.99395906 0.57647059 0.61960784 0.67843137
v 0.00650538 -0.07600000 0.99534759 0.57647059 0.61960784 0.67843137
v 0.00974296 -0.07600000 0.99568204 0.57647059 0.61960784 0.67843137
v 0.01301549 -0.07600000 0.99479398 0.57647059 0.61960784 0.67843137
v 0.01582839 -0.07600000 0.99277702 0.57647059 0.61960784 0.67843137
v 0.01772873 -0.07600000 0.98992108 0.57647059 0.61960784 0.67843137
v 0.01840000 -0.07600000 0.98660000 0.57647059 0.61960784 0.67843137
v 0.01772873 -0.07600000 0.98315533 0.57647059 0.61960784 0.67843137
v 0.01582839 -0.07600000 0.97981594 0.57647059 0.61960784 0.67843137
v 0.01301549 -0.07600000 0.97667629 0.57647059 0.61960784 0.67843137
v 0.00974296 -0.07600000 0.97373240 0.57647059 0.61960784 0.67843137
v 0.00650538 -0.07600000 0.97095241 0.57647059 0.61960784 0.67843137
v 0.00373658 -0.07600000 0.96834798 0.57647059 0.61960784 0.67843137
v 0.00172170 -0.07600000 0.96601486 0.57647059 0.61960784 0.67843137
v 0.00054296 -0.07600000 0.96412639 0.57647059 0.61960784 0.67843137
v 0.00007044 -0.07600000 0.96288443 0.57647059 0.61960784 0.67843137
v 0.00000000 -0.07600000 0.96245000 0.57647059 0.61960784 0.67843137
v -0.00007044 -0.07600000 0.96288443 0.57647059 0.61960784 0.67843137
v -0.00054296 -0.07600000 0.96412639 0.57647059 0.61960784 0.67843137
v -0.00172170 -0.07600000 0.96601486 0.57647059 0.61960784 0.67843137
v -0.00373658 -0.07600000 0.96834798 0.57647059 0.61960784 0.67843137
v -0.00650538 -0.07600000 0.97095241 0.57647059 0.61960784 0.67843137
v -0.00974296 -0.07600000 0.97373240 0.57647059 0.61960784 0.67843137
v -0.01301549 -0.07600000 0.97667629 0.57647059 0.61960784 0.67843137
v -0.01582839 -0.07600000 0.97981594 0.57647059 0.61960784 0.67843137
v -0.01772873 -0.07600000 0.98315533 0.57647059 0.61960784 0.67843137
v -0.01840000 -0.07600000 0.98660000 0.57647059 0.61960784 0.67843137
v -0.01772873 -0.07600000 0.98992108 0.57647059 0.61960784 0.67843137
v -0.01582839 -0.07600000 0.99277702 0.57647059 0.61960784 0.67843137
v -0.01301549 -0.07600000 0.99479398 0.57647059 0.61960784 0.67843137
v -0.00974296 -0.07600000 0.99568204 0.57647059 0.61960784 0.67843137
v -0.00650538 -0.07600000 0.99534759 0.57647059 0.61960784 0.67843137
v -0.00373658 -0.07600000 0.99395906 0.57647059 0.61960784 0.67843137
v -0.00172170 -0.07600000 0.99193635 0.57647059 0.61960784 0.67843137
v -0.00054296 -0.07600000 0.98985917 0.57647059 0.61960784 0.67843137
v -0.00007044 -0.07600000 0.98831768 0.57647059 0.61960784 0.67843137
v 0.00000000 -0.07000000 0.98775000 0.57647059 0.61960784 0.67843137
v 0.00007044 -0.07000000 0.98831768 0.57647059 0.61960784 0.67843137
v 0.00054296 -0.07000000 0.98985917 0.57647059 0.61960784 0.67843137
v 0.00172170 -0.07000000 0.99193635 0.57647059 0.61960784 0.67843137
v 0.00373658 -0.07000000 0.99395906 0.57647059 0.61960784 0.67843137
v 0.00650538 -0.07000000 0.99534759 0.57647059 0.61960784 0.67843137
v 0.00974296 -0.07000000 0.99568204 0.57647059 0.61960784 0.67843137
v 0.01301549 -0.07000000 0.99479398 0.57647059 0.61960784 0.67843137
v 0.01582839 -0.07000000 0.99277702 0.57647059 0.61960784 0.67843137
v 0.01772873 -0.07000000 0.98992108 0.57647059 0.61960784 0.67843137
v 0.01840000 -0.07000000 0.98660000 0.57647059 0.61960784 0.67843137
v 0.01772873 -0.07000000 0.98315533 0.57647059 0.61960784 0.67843137
v 0.01582839 -0.07000000 0.97981594 0.57647059 0.61960784 0.67843137
v 0.01301549 -0.07000000 0.97667629 0.57647059 0.61960784 0.67843137
v 0.00974296 -0.07000000 0.97373240 0.57647059 0.61960784 0.67843137
v 0.00650538 -0.07000000 0.97095241 0.57647059 0.61960784 0.67843137
v 0.00373658 -0.07000000 0.96834798 0.57647059 0.61960784 0.67843137
v 0.00172170 -0.07000000 0.96601486 0.57647059 0.61960784 0.67843137
v 0.00054296 -0.07000000 0.96412639 0.57647059 0.61960784 0.67843137
v 0.00007044 -0.07000000 0.96288443 0.57647059 0.61960784 0.67843137
v 0.00000000 -0.07000000 0.96245000 0.57647059 0.61960784 0.67843137
v -0.00007044 -0.07000000 0.96288443 0.57647059 0.61960784 0.67843137
v -0.00054296 -0.07000000 0.96412639 0.57647059 0.61960784 0.67843137
v -0.00172170 -0.07000000 0.96601486 0.57647059 0.61960784 0.67843137
v -0.00373658 -0.07000000 0.96834798 0.57647059 0.61960784 0.67843137
v -0.00650538 -0.07000000 0.97095241 0.57647059 0.61960784 0.67843137
v -0.00974296 -0.07000000 0.97373240 0.57647059 0.61960784 0.67843137
v -0.01301549 -0.07000000 0.97667629 0.57647059 0.61960784 0.67843137
v -0.01582839 -0.07000000 0.97981594 0.57647059 0.61960784 0.67843137
v -0.01772873 -0.07000000 0.98315533 0.57647059 0.61960784 0.67843137
v -0.01840000 -0.07000000 0.98660000 0.57647059 0.61960784 0.67843137
v -0.01772873 -0.07000000 0.98992108 0.57647059 0.61960784 0.67843137
v -0.01582839 -0.07000000 0.99277702 0.57647059 0.61960784 0.67843137
v -0.01301549 -0.07000000 0.99479398 0.57647059 0.61960784 0.67843137
v -0.00974296 -0.07000000 0.99568204 0.57647059 0.61960784 0.67843137
v -0.00650538 -0.07000000 0.99534759 0.57647059 0.61960784 0.67843137
v -0.00373658 -0.07000000 0.99395906 0.57647059 0.61960784 0.67843137
v -0.00172170 -0.07000000 0.99193635 0.57647059 0.61960784 0.67843137
v -0.00054296 -0.07000000 0.98985917 0.57647059 0.61960784 0.67843137
v -0.00007044 -0.07000000 0.98831768 0.57647059 0.61960784 0.67843137
v 0.00000000 -0.07600000 0.98200000 0.57647059 0.61960784 0.67843137
v 0.00000000 -0.07000000 0.98200000 0.57647059 0.61960784 0.67843137
f 3905 3826 3825
f 3906 3865 3866
f 3825 3826 3866
f 3825 3866 3865
f 3905 3827 3826
f 3906 3866 3867
f 3826 3827 3867
f 3826 3867 3866
f 3905 3828 3827
f 3906 3867 3868
f 3827 3828 3868
f 3827 3868 3867
f 3905 3829 3828
f 3906 3868 3869
f 3828 3829 3869
f 3828 3869 3868
f 3905 3830 3829
f 3906 3869 3870
f 3829 3830 3870
f 3829 3870 3869
f 3905 3831 3830
f 3906 3870 3871
f 3830 3831 3871
f 3830 3871 3870
f 3905 3832 3831
f 3906 3871 3872
f 3831 3832 3872
f 3831 3872 3871
f 3905 3833 3832
f 3906 3872 3873
f 3832 3833 3873
f 3832 3873 3872
f 3905 3834 3833
f 3906 3873 3874
f 3833 3834 3874
f 3833 3874 3873
f 3905 3835 3834
f 3906 3874 3875
f 3834 3835 3875
f 3834 3875 3874
f 3905 3836 3835
f 3906 3875 3876
f 3835 3836 3876
f 3835 3876 3875
f 3905 3837 3836
f 3906 3876 3877
f 3836 3837 3877
f 3836 3877 3876
f 3905 3838 3837
f 3906 3877 3878
f 3837 3838 3878
f 3837 3878 3877
f 3905 3839 3838
f 3906 3878 3879
f 3838 3839 3879
f 3838 3879 3878
f 3905 3840 3839
f 3906 3879 3880
f 3839 3840 3880
f 3839 3880 3879
f 3905 3841 3840
f 3906 3880 3881
f 3840 3841 3881
f 3840 3881 3880
f 3905 3842 3841
f 3906 3881 3882
f 3841 3842 3882
f 3841 3882 3881
f 3905 3843 3842
f 3906 3882 3883
f 3842 3843 3883
f 3842 3883 3882
f 3905 3844 3843
f 3906 3883 3884
f 3843 3844 3884
f 3843 3884 3883
f 3905 3845 3844
f 3906 3884 3885
f 3844 3845 3885
f 3844 3885 3884
f 3905 3846 3845
f 3906 3885 3886
f 3845 3846 3886
f 3845 3886 3885
f 3905 3847 3846
f 3906 3886 3887
f 3846 3847 3887
f 3846 3887 3886
f 3905 3848 3847
f 3906 3887 3888
f 3847 3848 3888
f 3847 3888 3887
f 3905 3849 3848
f 3906 3888 3889
f 3848 3849 3889
f 3848 3889 3888
f 3905 3850 3849
f 3906 3889 3890
f 3849 3850 3890
f 3849 3890 3889
f 3905 3851 3850
f 3906 3890 3891
f 3850 3851 3891
f 3850 3891 3890
f 3905 3852 3851
f 3906 3891 3892
f 3851 3852 3892
f 3851 3892 3891
f 3905 3853 3852
f 3906 3892 3893
f 3852 3853 3893
f 3852 3893 3892
f 3905 3854 3853
f 3906 3893 3894
f 3853 3854 3894
f 3853 3894 3893
f 3905 3855 3854
f 3906 3894 3895
f 3854 3855 3895
f 3854 3895 3894
f 3905 3856 3855
f 3906 3895 3896
f 3855 3856 3896
f 3855 3896 3895
f 3905 3857 3856
f 3906 3896 3897
f 3856 3857 3897
f 3856 3897 3896
f 3905 3858 3857
f 3906 3897 3898
f 3857 3858 3898
f 3857 3898 3897
f 3905 3859 3858
f 3906 3898 3899
f 3858 3859 3899
f 3858 3899 3898
f 3905 3860 3859
f 3906 3899 3900
f 3859 3860 3900
f 3859 3900 3899
f 3905 3861 3860
f 3906 3900 3901
f 3860 3861 3901
f 3860 3901 3900
f 3905 3862 3861
f 3906 3901 3902
f 3861 3862 3902
f 3861 3902 3901
f 3905 3863 3862
f 3906 3902 3903
f 3862 3863 3903
f 3862 3903 3902
f 3905 3864 3863
f 3906 3903 3904
f 3863 3864 3904
f 3863 3904 3903
f 3905 3825 3864
f 3906 3904 3865
f 3864 3825 3865
f 3864 3865 3904

o SoftTail
v 0.04679953 0.04583030 0.62500000 0.78039216 0.79607843 0.81960784
v 0.04283372 0.04260616 0.61755602 0.76862745 0.78039216 0.80392157
v 0.03671689 0.04147997 0.61100990 0.76470588 0.77647059 0.80000000
v 0.02918684 0.04258757 0.60615119 0.78431373 0.80000000 0.82352941
v 0.02115179 0.04579537 0.60356592 0.74509804 0.75686275 0.78039216
v 0.01358089 0.05071645 0.60356592 0.74509804 0.75686275 0.78039216
v 0.00738731 0.05675727 0.60615119 0.74509804 0.76078431 0.78431373
v 0.00331807 0.06318921 0.61100990 0.75686275 0.76862745 0.79215686
v 0.00186400 0.06923648 0.61755602 0.77647059 0.79215686 0.81568627
v 0.00320047 0.07416970 0.62500000 0.76078431 0.77254902 0.79607843
v 0.00716628 0.07739384 0.63244398 0.78431373 0.79607843 0.81960784
v 0.01328311 0.07852003 0.63899010 0.76470588 0.77647059 0.80000000
v 0.02081316 0.07741243 0.64384881 0.76078431 0.77647059 0.79607843
v 0.02884821 0.07420463 0.64643408 0.76078431 0.77647059 0.80000000
v 0.03641911 0.06928355 0.64643408 0.78039216 0.79607843 0.81960784
v 0.04261269 0.06324273 0.64384881 0.78039216 0.79607843 0.81568627
v 0.04668193 0.05681079 0.63899010 0.75686275 0.77254902 0.79607843
v 0.04813600 0.05076352 0.63244398 0.74901961 0.76078431 0.78431373
v 0.05374131 0.05805344 0.61583045 0.76862745 0.78039216 0.80392157
v 0.04995186 0.05500753 0.60857045 0.78039216 0.79215686 0.81568627
v 0.04407518 0.05398279 0.60218612 0.75294118 0.76470588 0.78823529
v 0.03682011 0.05510280 0.59744749 0.78823529 0.80000000 0.82352941
v 0.02906171 0.05823249 0.59492612 0.77647059 0.79215686 0.81568627
v 0.02173575 0.06299436 0.59492612 0.75294118 0.76862745 0.78823529
v 0.01572586 0.06881407 0.59744749 0.75686275 0.76862745 0.79215686
v 0.01175691 0.07498966 0.60218612 0.77254902 0.78823529 0.81176471
v 0.01030762 0.08077628 0.60857045 0.77254902 0.78823529 0.81176471
v 0.01155280 0.08547597 0.61583045 0.77254902 0.78431373 0.80784314
v 0.01534226 0.08852188 0.62309045 0.76862745 0.78039216 0.80392157
v 0.02121893 0.08954662 0.62947478 0.76862745 0.78039216 0.80392157
v 0.02847401 0.08842661 0.63421340 0.76078431 0.77647059 0.80000000
v 0.03623241 0.08529692 0.63673478 0.77647059 0.78823529 0.81176471
v 0.04355837 0.08053505 0.63673478 0.80000000 0.81176471 0.83529412
v 0.04956826 0.07471534 0.63421340 0.80000000 0.81568627 0.83921569
v 0.05353721 0.06853975 0.62947478 0.78823529 0.80000000 0.82352941
v 0.05498649 0.06275313 0.62309045 0.74901961 0.76470588 0.78823529
v 0.06068309 0.07027658 0.60714533 0.74901961 0.76470588 0.78823529
v 0.05711654 0.06748052 0.60001882 0.78823529 0.80392157 0.82745098
v 0.05152096 0.06662020 0.59375188 0.75686275 0.77254902 0.79215686
v 0.04457125 0.06779937 0.58910039 0.76078431 0.77647059 0.80000000
v 0.03710566 0.07087583 0.58662538 0.79215686 0.80392157 0.82745098
v 0.03002464 0.07547849 0.58662538 0.79215686 0.80784314 0.83137255
v 0.02418228 0.08105221 0.58910039 0.79215686 0.80392157 0.82745098
v 0.02028324 0.08692472 0.59375188 0.78823529 0.80000000 0.82352941
v 0.01879780 0.09238770 0.60001882 0.76862745 0.78039216 0.80392157
v 0.01990514 0.09678225 0.60714533 0.76862745 0.78431373 0.80784314
v 0.02347169 0.09957830 0.61427183 0.76470588 0.78039216 0.80392157
v 0.02906728 0.10043863 0.62053878 0.76862745 0.78431373 0.80784314
v 0.03601698 0.09925945 0.62519027 0.76470588 0.77647059 0.80000000
v 0.04348258 0.09618300 0.62766528 0.78823529 0.80000000 0.82352941
v 0.05056359 0.09158034 0.62766528 0.79607843 0.81176471 0.83529412
v 0.05640596 0.08600662 0.62519027 0.79607843 0.81176471 0.83529412
v 0.06030500 0.08013411 0.62053878 0.80000000 0.81176471 0.83529412
v 0.06179043 0.07467112 0.61427183 0.76862745 0.78431373 0.80392157
v 0.06762487 0.08249971 0.59894464 0.74901961 0.76078431 0.78431373
v 0.06427892 0.07994996 0.59196040 0.77254902 0.78823529 0.80784314
v 0.05896239 0.07925093 0.58581857 0.78039216 0.79607843 0.81960784
v 0.05231655 0.08048695 0.58125994 0.74901961 0.76078431 0.78431373
v 0.04514296 0.08350893 0.57883434 0.76078431 0.77647059 0.79607843
v 0.03830689 0.08795238 0.57883434 0.78431373 0.79607843 0.81960784
v 0.03263285 0.09328135 0.58125994 0.78431373 0.80000000 0.82352941
v 0.02880522 0.09885309 0.58581857 0.76862745 0.78039216 0.80392157
v 0.02728567 0.10399557 0.59196040 0.75686275 0.77254902 0.79607843
v 0.02825748 0.10808852 0.59894464 0.76862745 0.78431373 0.80784314
v 0.03160343 0.11063828 0.60592887 0.76862745 0.78431373 0.80784314
v 0.03691996 0.11133731 0.61207070 0.76470588 0.78039216 0.80392157
v 0.04356581 0.11010129 0.61662934 0.76862745 0.78431373 0.80392157
v 0.05073939 0.10707930 0.61905493 0.79215686 0.80784314 0.83137255
v 0.05757546 0.10263585 0.61905493 0.78431373 0.80000000 0.82352941
v 0.06324950 0.09730688 0.61662934 0.78039216 0.79607843 0.81960784
v 0.06707713 0.09173514 0.61207070 0.79607843 0.80784314 0.83137255
v 0.06859668 0.08659267 0.60592887 0.78823529 0.80392157 0.82745098
v 0.07456665 0.09472285 0.59122837 0.63137255 0.64313725 0.66274510
v 0.07143859 0.09241522 0.58439552 0.75294118 0.76470588 0.78823529
v 0.06639874 0.09187383 0.57838682 0.78823529 0.80000000 0.82352941
v 0.06005498 0.09316397 0.57392699 0.77254902 0.78823529 0.80784314
v 0.05317247 0.09613004 0.57155397 0.74509804 0.75686275 0.78039216
v 0.04658133 0.10041428 0.57155397 0.74509804 0.75686275 0.78039216
v 0.04107656 0.10549994 0.57392699 0.74901961 0.76078431 0.78431373
v 0.03732212 0.11077364 0.57838682 0.74901961 0.76078431 0.78431373
v 0.03577083 0.11559927 0.58439552 0.76470588 0.78039216 0.80000000
v 0.03660982 0.11939480 0.59122837 0.77647059 0.78823529 0.81176471
v 0.03973788 0.12170242 0.59806122 0.76862745 0.78039216 0.80392157
v 0.04477773 0.12224382 0.60406993 0.76078431 0.77647059 0.80000000
v 0.05112149 0.12095367 0.60852976 0.77647059 0.79215686 0.81568627
v 0.05800400 0.11798761 0.61090278 0.78823529 0.80000000 0.82352941
v 0.06459514 0.11370337 0.61090278 0.65490196 0.66666667 0.68627451
v 0.07009991 0.10861770 0.60852976 0.51372549 0.52549020 0.54117647
v 0.07385436 0.10334401 0.60406993 0.39607843 0.40000000 0.41568627
v 0.07540564 0.09851838 0.59806122 0.53333333 0.54117647 0.55686275
v 0.08150843 0.10694599 0.58399654 0.14509804 0.14509804 0.15294118
v 0.07859512 0.10487566 0.57732448 0.25098039 0.25490196 0.26666667
v 0.07382918 0.10448765 0.57145717 0.39215686 0.40000000 0.41176471
v 0.06778546 0.10582875 0.56710230 0.53333333 0.54117647 0.55686275
v 0.06119293 0.10873722 0.56478512 0.77647059 0.78823529 0.81176471
v 0.05484673 0.11286225 0.56478512 0.75686275 0.76862745 0.79215686
v 0.04951232 0.11770629 0.56710230 0.75294118 0.76470588 0.78823529
v 0.04583310 0.12268509 0.57145717 0.76470588 0.78039216 0.80000000
v 0.04425285 0.12719813 0.57732448 0.78039216 0.79607843 0.81960784
v 0.04496216 0.13070107 0.58399654 0.77647059 0.78823529 0.81176471
v 0.04787547 0.13277140 0.59066860 0.76078431 0.77647059 0.80000000
v 0.05264141 0.13315941 0.59653590 0.50588235 0.51372549 0.52941176
v 0.05868513 0.13181830 0.60089078 0.40392157 0.40784314 0.42352941
v 0.06527766 0.12890984 0.60320796 0.39607843 0.40392157 0.41568627
v 0.07162386 0.12478481 0.60320796 0.26666667 0.27450980 0.28235294
v 0.07695827 0.11994076 0.60089078 0.14901961 0.15294118 0.16078431
v 0.08063748 0.11496196 0.59653590 0.01960784 0.01960784 0.02352941
v 0.08221774 0.11044893 0.59066860 0.01960784 0.01960784 0.02352941
v 0.08845021 0.11916913 0.57724913 0.01960784 0.01960784 0.02352941
v 0.08574803 0.11733054 0.57074753 0.01960784 0.01960784 0.02352941
v 0.08125283 0.11709103 0.56503012 0.01960784 0.01960784 0.02352941
v 0.07550680 0.11847948 0.56078650 0.01960784 0.01960784 0.02352941
v 0.06920299 0.12132842 0.55852852 0.28235294 0.28627451 0.29803922
v 0.06310174 0.12529424 0.55852852 0.40784314 0.41176471 0.42745098
v 0.05793894 0.12989859 0.56078650 0.53333333 0.54509804 0.56078431
v 0.05433731 0.13458612 0.56503012 0.67058824 0.68235294 0.70196078
v 0.05273126 0.13879144 0.57074753 0.53725490 0.54509804 0.56470588
v 0.05331449 0.14200734 0.57724913 0.39215686 0.40000000 0.41176471
v 0.05601667 0.14384593 0.58375074 0.38823529 0.39607843 0.40784314
v 0.06051187 0.14408544 0.58946815 0.26274510 0.26666667 0.27843137
v 0.06625791 0.14269699 0.59371177 0.01960784 0.01960784 0.02352941
v 0.07256171 0.13984805 0.59596975 0.01960784 0.01960784 0.02352941
v 0.07866297 0.13588223 0.59596975 0.01960784 0.01960784 0.02352941
v 0.08382576 0.13127788 0.59371177 0.01960784 0.01960784 0.02352941
v 0.08742740 0.12659035 0.58946815 0.01960784 0.01960784 0.02352941
v 0.08903345 0.12238503 0.58375074 0.01960784 0.01960784 0.02352941
v 0.09539199 0.13139226 0.57098616 0.01960784 0.01960784 0.02352941
v 0.09289684 0.12977910 0.56466488 0.01960784 0.01960784 0.02352941
v 0.08866877 0.12968253 0.55910604 0.01960784 0.01960784 0.02352941
v 0.08321774 0.13111420 0.55498012 0.01960784 0.01960784 0.02352941
v 0.07720123 0.13390143 0.55278476 0.01960784 0.01960784 0.02352941
v 0.07134492 0.13770803 0.55278476 0.01960784 0.01960784 0.02352941
v 0.06635516 0.14207488 0.55498012 0.01960784 0.01960784 0.02352941
v 0.06283380 0.14647526 0.55910604 0.14901961 0.15294118 0.16078431
v 0.06120556 0.15037844 0.56466488 0.15294118 0.15686275 0.16470588
v 0.06166683 0.15331362 0.57098616 0.01960784 0.01960784 0.02352941
v 0.06416198 0.15492678 0.57730744 0.01960784 0.01960784 0.02352941
v 0.06839005 0.15502335 0.58286628 0.01960784 0.01960784 0.02352941
v 0.07384108 0.15359168 0.58699220 0.01960784 0.01960784 0.02352941
v 0.07985759 0.15080446 0.58918756 0.01960784 0.01960784 0.02352941
v 0.08571391 0.14699785 0.58918756 0.01960784 0.01960784 0.02352941
v 0.09070366 0.14263100 0.58699220 0.01960784 0.01960784 0.02352941
v 0.09422503 0.13823062 0.58286628 0.01960784 0.01960784 0.02352941
v 0.09585327 0.13432744 0.57730744 0.01960784 0.01960784 0.02352941
v 0.10233377 0.14361540 0.56520761 0.01960784 0.01960784 0.02352941
v 0.10004102 0.14222054 0.55907666 0.01960784 0.01960784 0.02352941
v 0.09607600 0.14226064 0.55368519 0.01960784 0.01960784 0.02352941
v 0.09091695 0.14373087 0.54968349 0.01960784 0.01960784 0.02352941
v 0.08518612 0.14645390 0.54755423 0.01960784 0.01960784 0.02352941
v 0.07957475 0.15010129 0.54755423 0.01960784 0.01960784 0.02352941
v 0.07475964 0.15423312 0.54968349 0.01960784 0.01960784 0.02352941
v 0.07132157 0.15835101 0.55368519 0.01960784 0.01960784 0.02352941
v 0.06967522 0.16195830 0.55907666 0.01960784 0.01960784 0.02352941
v 0.07001917 0.16461989 0.56520761 0.01960784 0.01960784 0.02352941
v 0.07231192 0.16601476 0.57133857 0.01960784 0.01960784 0.02352941
v 0.07627694 0.16597466 0.57673004 0.01960784 0.01960784 0.02352941
v 0.08143600 0.16450442 0.58073173 0.01960784 0.01960784 0.02352941
v 0.08716682 0.16178139 0.58286099 0.01960784 0.01960784 0.02352941
v 0.09277819 0.15813400 0.58286099 0.01960784 0.01960784 0.02352941
v 0.09759330 0.15400218 0.58073173 0.01960784 0.01960784 0.02352941
v 0.10103137 0.14988428 0.57673004 0.01960784 0.01960784 0.02352941
v 0.10267772 0.14627699 0.57133857 0.01960784 0.01960784 0.02352941
v 0.10927555 0.15583854 0.55991349 0.01960784 0.01960784 0.02352941
v 0.10718001 0.15465399 0.55398294 0.01960784 0.01960784 0.02352941
v 0.10347348 0.15482375 0.54876769 0.01960784 0.01960784 0.02352941
v 0.09860302 0.15632734 0.54489679 0.01960784 0.01960784 0.02352941
v 0.09315608 0.15898340 0.54283713 0.01960784 0.01960784 0.02352941
v 0.08778965 0.16247158 0.54283713 0.01960784 0.01960784 0.02352941
v 0.08315100 0.16637115 0.54489679 0.01960784 0.01960784 0.02352941
v 0.07979961 0.17021176 0.54876769 0.01960784 0.01960784 0.02352941
v 0.07813971 0.17353019 0.55398294 0.01960784 0.01960784 0.02352941
v 0.07837151 0.17592617 0.55991349 0.01960784 0.01960784 0.02352941
v 0.08046705 0.17711072 0.56584405 0.01960784 0.01960784 0.02352941
v 0.08417358 0.17694096 0.57105930 0.01960784 0.01960784 0.02352941
v 0.08904404 0.17543737 0.57493020 0.01960784 0.01960784 0.02352941
v 0.09449097 0.17278131 0.57698986 0.01960784 0.01960784 0.02352941
v 0.09985741 0.16929312 0.57698986 0.01960784 0.01960784 0.02352941
v 0.10449606 0.16539356 0.57493020 0.01960784 0.01960784 0.02352941
v 0.10784745 0.16155294 0.57105930 0.01960784 0.01960784 0.02352941
v 0.10950735 0.15823452 0.56584405 0.01960784 0.01960784 0.02352941
v 0.11621733 0.16806168 0.55510381 0.01960784 0.01960784 0.02352941
v 0.11431324 0.16707859 0.54938370 0.01960784 0.01960784 0.02352941
v 0.11086014 0.16737021 0.54435351 0.01960784 0.01960784 0.02352941
v 0.10627451 0.16890137 0.54061998 0.01960784 0.01960784 0.02352941
v 0.10110947 0.17148740 0.53863340 0.01960784 0.01960784 0.02352941
v 0.09598798 0.17481636 0.53863340 0.01960784 0.01960784 0.02352941
v 0.09152777 0.17848676 0.54061998 0.01960784 0.01960784 0.02352941
v 0.08826681 0.18205587 0.54435351 0.01960784 0.01960784 0.02352941
v 0.08659843 0.18509321 0.54938370 0.01960784 0.01960784 0.02352941
v 0.08672384 0.18723244 0.55510381 0.01960784 0.01960784 0.02352941
v 0.08862794 0.18821553 0.56082392 0.01960784 0.01960784 0.02352941
v 0.09208104 0.18792391 0.56585410 0.01960784 0.01960784 0.02352941
v 0.09666666 0.18639274 0.56958764 0.01960784 0.01960784 0.02352941
v 0.10183171 0.18380672 0.57157421 0.01960784 0.01960784 0.02352941
v 0.10695320 0.18047775 0.57157421 0.01960784 0.01960784 0.02352941
v 0.11141341 0.17680736 0.56958764 0.01960784 0.01960784 0.02352941
v 0.11467436 0.17323825 0.56585410 0.01960784 0.01960784 0.02352941
v 0.11634275 0.17020090 0.56082392 0.01960784 0.01960784 0.02352941
v 0.12315911 0.18028481 0.55077855 0.01960784 0.01960784 0.02352941
v 0.12144013 0.17949342 0.54527883 0.01960784 0.01960784 0.02352941
v 0.11823488 0.17989833 0.54044246 0.01960784 0.01960784 0.02352941
v 0.11392995 0.18145070 0.53685277 0.01960784 0.01960784 0.02352941
v 0.10904459 0.18396330 0.53494274 0.01960784 0.01960784 0.02352941
v 0.10416804 0.18713305 0.53494274 0.01960784 0.01960784 0.02352941
v 0.09988849 0.19057766 0.53685277 0.01960784 0.01960784 0.02352941
v 0.09672210 0.19388164 0.54044246 0.01960784 0.01960784 0.02352941
v 0.09505081 0.19664648 0.54527883 0.01960784 0.01960784 0.02352941
v 0.09507618 0.19853872 0.55077855 0.01960784 0.01960784 0.02352941
v 0.09679516 0.19933010 0.55627827 0.01960784 0.01960784 0.02352941
v 0.10000042 0.19892519 0.56111464 0.01960784 0.01960784 0.02352941
v 0.10430534 0.19737282 0.56470432 0.01960784 0.01960784 0.02352941
v 0.10919071 0.19486023 0.56661436 0.01960784 0.01960784 0.02352941
v 0.11406726 0.19169048 0.56661436 0.01960784 0.01960784 0.02352941
v 0.11834681 0.18824587 0.56470432 0.01960784 0.01960784 0.02352941
v 0.12151319 0.18494189 0.56111464 0.01960784 0.01960784 0.02352941
v 0.12318448 0.18217705 0.55627827 0.01960784 0.01960784 0.02352941
v 0.13010089 0.19250795 0.54693772 0.41176471 0.41568627 0.43137255
v 0.12856009 0.19189760 0.54166813 0.40392157 0.40784314 0.42352941
v 0.12559659 0.19240641 0.53703413 0.38823529 0.39607843 0.41176471
v 0.12156783 0.19397303 0.53359465 0.38039216 0.38823529 0.40000000
v 0.11695975 0.19640849 0.53176454 0.38039216 0.38823529 0.40000000
v 0.11232814 0.19941903 0.53176454 0.38431373 0.39215686 0.40784314
v 0.10823165 0.20264155 0.53359465 0.39215686 0.39607843 0.41176471
v 0.10516437 0.20568736 0.53703413 0.39215686 0.39607843 0.41176471
v 0.10349626 0.20818909 0.54166813 0.38431373 0.39215686 0.40784314
v 0.10342852 0.20984499 0.54693772 0.38039216 0.38823529 0.40000000
v 0.10496932 0.21045534 0.55220731 0.38039216 0.38823529 0.40392157
v 0.10793282 0.20994653 0.55684131 0.39215686 0.40000000 0.41176471
v 0.11196158 0.20837991 0.56028079 0.40392157 0.41176471 0.42352941
v 0.11656966 0.20594446 0.56211090 0.40784314 0.41568627 0.43137255
v 0.12120127 0.20293391 0.56211090 0.40784314 0.41568627 0.43137255
v 0.12529777 0.19971139 0.56028079 0.40784314 0.41568627 0.42745098
v 0.12836505 0.19666558 0.55684131 0.40784314 0.41568627 0.42745098
v 0.13003315 0.19416385 0.55220731 0.41176471 0.41960784 0.43137255
v 0.13704267 0.20473109 0.54358131 0.78431373 0.80000000 0.82352941
v 0.13567252 0.20429020 0.53855128 0.79607843 0.81176471 0.83529412
v 0.13294416 0.20489275 0.53412794 0.79607843 0.80784314 0.83529412
v 0.12918667 0.20646606 0.53084481 0.78039216 0.79215686 0.81568627
v 0.12485325 0.20882036 0.52909790 0.75686275 0.77254902 0.79607843
v 0.12046659 0.21167170 0.52909790 0.74509804 0.76078431 0.78039216
v 0.11655576 0.21467615 0.53084481 0.74117647 0.75294118 0.77647059
v 0.11359249 0.21747134 0.53412794 0.74117647 0.75686275 0.77647059
v 0.11193419 0.21972012 0.53855128 0.74509804 0.75686275 0.78039216
v 0.11178086 0.22115127 0.54358131 0.75294118 0.76862745 0.78823529
v 0.11315100 0.22159215 0.54861135 0.76862745 0.78431373 0.80392157
v 0.11587936 0.22098960 0.55303469 0.78823529 0.80000000 0.82352941
v 0.11963686 0.21941629 0.55631782 0.79607843 0.81176471 0.83529412
v 0.12397028 0.21706199 0.55806473 0.78823529 0.80392157 0.82745098
v 0.12835694 0.21421066 0.55806473 0.77647059 0.79215686 0.81568627
v 0.13226776 0.21120620 0.55631782 0.76470588 0.78039216 0.80392157
v 0.13523104 0.20841102 0.55303469 0.76470588 0.77647059 0.80000000
v 0.13688934 0.20616223 0.54861135 0.77254902 0.78431373 0.80784314
v 0.14398445 0.21695422 0.54070934 0.75294118 0.76862745 0.79215686
v 0.14277687 0.21667035 0.53592786 0.77254902 0.78431373 0.80784314
v 0.14027653 0.21735568 0.53172309 0.78823529 0.80392157 0.82745098
v 0.13678501 0.21892756 0.52860220 0.79607843 0.81176471 0.83529412
v 0.13272345 0.22119638 0.52694161 0.79215686 0.80784314 0.83137255
v 0.12858172 0.22388850 0.52694161 0.78039216 0.79607843 0.81960784
v 0.12485939 0.22667921 0.52860220 0.77254902 0.78431373 0.81176471
v 0.12200541 0.22923191 0.53172309 0.76862745 0.78431373 0.80784314
v 0.12036402 0.23123870 0.53592786 0.77254902 0.78823529 0.81176471
v 0.12013320 0.23245754 0.54070934 0.78039216 0.79607843 0.81960784
v 0.12134078 0.23274141 0.54549083 0.79215686 0.80784314 0.83137255
v 0.12384112 0.23205608 0.54969559 0.79607843 0.80784314 0.83529412
v 0.12733263 0.23048421 0.55281648 0.78823529 0.80000000 0.82745098
v 0.13139420 0.22821538 0.55447708 0.76862745 0.78431373 0.80784314
v 0.13553592 0.22552326 0.55447708 0.75686275 0.76862745 0.79215686
v 0.13925826 0.22273255 0.55281648 0.74509804 0.76078431 0.78039216
v 0.14211224 0.22017985 0.54969559 0.74509804 0.75686275 0.77647059
v 0.14375363 0.21817306 0.54549083 0.74509804 0.76078431 0.78039216
v 0.15092623 0.22917736 0.53832180 0.73725490 0.75294118 0.77254902
v 0.14987256 0.22903720 0.53379734 0.74117647 0.75686275 0.78039216
v 0.14759264 0.22979361 0.52981860 0.75686275 0.76862745 0.79215686
v 0.14436146 0.23135537 0.52686547 0.77254902 0.78823529 0.81176471
v 0.14056875 0.23353409 0.52529414 0.78823529 0.80392157 0.82745098
v 0.13667196 0.23606700 0.52529414 0.79607843 0.81176471 0.83529412
v 0.13314111 0.23864859 0.52686547 0.79607843 0.81176471 0.83529412
v 0.13040207 0.24096748 0.52981860 0.79607843 0.81176471 0.83529412
v 0.12878520 0.24274398 0.53379734 0.79607843 0.81176471 0.83529412
v 0.12848553 0.24376381 0.53832180 0.79607843 0.81176471 0.83529412
v 0.12953920 0.24390398 0.54284626 0.79215686 0.80784314 0.83137255
v 0.13181912 0.24314756 0.54682500 0.78039216 0.79607843 0.81960784
v 0.13505030 0.24158581 0.54977813 0.76470588 0.77647059 0.80392157
v 0.13884302 0.23940708 0.55134946 0.74901961 0.76078431 0.78431373
v 0.14273980 0.23687417 0.55134946 0.74117647 0.75294118 0.77647059
v 0.14627065 0.23429258 0.54977813 0.73725490 0.75294118 0.77254902
v 0.14900969 0.23197369 0.54682500 0.73725490 0.75294118 0.77254902
v 0.15062656 0.23019720 0.54284626 0.73725490 0.75294118 0.77254902
v 0.15786801 0.24140050 0.53641869 0.74901961 0.76470588 0.78431373
v 0.15695909 0.24138994 0.53215909 0.74509804 0.75686275 0.78039216
v 0.15489153 0.24220504 0.52841326 0.73725490 0.75294118 0.77647059
v 0.15191470 0.24374747 0.52563300 0.74117647 0.75686275 0.78039216
v 0.14838765 0.24583120 0.52415366 0.75294118 0.76470588 0.78823529
v 0.14473581 0.24820490 0.52415366 0.76862745 0.78039216 0.80392157
v 0.14139963 0.25058226 0.52563300 0.77647059 0.79215686 0.81176471
v 0.13878151 0.25267655 0.52841326 0.78039216 0.79607843 0.81960784
v 0.13719722 0.25423516 0.53215909 0.78039216 0.79607843 0.81960784
v 0.13683787 0.25507009 0.53641869 0.77647059 0.79215686 0.81176471
v 0.13774679 0.25508065 0.54067828 0.76862745 0.78039216 0.80392157
v 0.13981436 0.25426555 0.54442411 0.75686275 0.76862745 0.79215686
v 0.14279118 0.25272312 0.54720437 0.74509804 0.75686275 0.78039216
v 0.14631823 0.25063939 0.54868371 0.74117647 0.75294118 0.77647059
v 0.14997007 0.24826569 0.54868371 0.74509804 0.75686275 0.78039216
v 0.15330625 0.24588832 0.54720437 0.74901961 0.76470588 0.78431373
v 0.15592438 0.24379404 0.54442411 0.75686275 0.76862745 0.79215686
v 0.15750866 0.24223543 0.54067828 0.75294118 0.76862745 0.78823529
v 0.16480979 0.25362364 0.53500000 0.78823529 0.80000000 0.82352941
v 0.16399881 0.25367067 0.53101866 0.78039216 0.79215686 0.81568627
v 0.16210244 0.25448112 0.52751753 0.76470588 0.78039216 0.80392157
v 0.15934941 0.25595722 0.52491890 0.75294118 0.76470588 0.78823529
v 0.15607178 0.25792095 0.52353619 0.74117647 0.75686275 0.77647059
v 0.15266487 0.26013543 0.52353619 0.74117647 0.75294118 0.77254902
v 0.14953962 0.26233359 0.52491890 0.74117647 0.75294118 0.77647059
v 0.14707297 0.26425027 0.52751753 0.74509804 0.75686275 0.78039216
v 0.14556243 0.26565432 0.53101866 0.74509804 0.76078431 0.78039216
v 0.14519021 0.26637636 0.53500000 0.74509804 0.75686275 0.78039216
v 0.14600119 0.26632933 0.53898134 0.74117647 0.75686275 0.77647059
v 0.14789756 0.26551888 0.54248247 0.74117647 0.75686275 0.77647059
v 0.15065059 0.26404278 0.54508110 0.74901961 0.76078431 0.78431373
v 0.15392822 0.26207905 0.54646381 0.75686275 0.77254902 0.79215686
v 0.15733513 0.25986457 0.54646381 0.77254902 0.78431373 0.80784314
v 0.16046038 0.25766641 0.54508110 0.78039216 0.79607843 0.81960784
v 0.16292703 0.25574973 0.54248247 0.78823529 0.80000000 0.82745098
v 0.16443757 0.25434568 0.53898134 0.79215686 0.80392157 0.82745098
f 3907 3908 3926
f 3907 3926 3925
f 3908 3909 3927
f 3908 3927 3926
f 3909 3910 3928
f 3909 3928 3927
f 3910 3911 3929
f 3910 3929 3928
f 3911 3912 3930
f 3911 3930 3929
f 3912 3913 3931
f 3912 3931 3930
f 3913 3914 3932
f 3913 3932 3931
f 3914 3915 3933
f 3914 3933 3932
f 3915 3916 3934
f 3915 3934 3933
f 3916 3917 3935
f 3916 3935 3934
f 3917 3918 3936
f 3917 3936 3935
f 3918 3919 3937
f 3918 3937 3936
f 3919 3920 3938
f 3919 3938 3937
f 3920 3921 3939
f 3920 3939 3938
f 3921 3922 3940
f 3921 3940 3939
f 3922 3923 3941
f 3922 3941 3940
f 3923 3924 3942
f 3923 3942 3941
f 3924 3907 3925
f 3924 3925 3942
f 3925 3926 3944
f 3925 3944 3943
f 3926 3927 3945
f 3926 3945 3944
f 3927 3928 3946
f 3927 3946 3945
f 3928 3929 3947
f 3928 3947 3946
f 3929 3930 3948
f 3929 3948 3947
f 3930 3931 3949
f 3930 3949 3948
f 3931 3932 3950
f 3931 3950 3949
f 3932 3933 3951
f 3932 3951 3950
f 3933 3934 3952
f 3933 3952 3951
f 3934 3935 3953
f 3934 3953 3952
f 3935 3936 3954
f 3935 3954 3953
f 3936 3937 3955
f 3936 3955 3954
f 3937 3938 3956
f 3937 3956 3955
f 3938 3939 3957
f 3938 3957 3956
f 3939 3940 3958
f 3939 3958 3957
f 3940 3941 3959
f 3940 3959 3958
f 3941 3942 3960
f 3941 3960 3959
f 3942 3925 3943
f 3942 3943 3960
f 3943 3944 3962
f 3943 3962 3961
f 3944 3945 3963
f 3944 3963 3962
f 3945 3946 3964
f 3945 3964 3963
f 3946 3947 3965
f 3946 3965 3964
f 3947 3948 3966
f 3947 3966 3965
f 3948 3949 3967
f 3948 3967 3966
f 3949 3950 3968
f 3949 3968 3967
f 3950 3951 3969
f 3950 3969 3968
f 3951 3952 3970
f 3951 3970 3969
f 3952 3953 3971
f 3952 3971 3970
f 3953 3954 3972
f 3953 3972 3971
f 3954 3955 3973
f 3954 3973 3972
f 3955 3956 3974
f 3955 3974 3973
f 3956 3957 3975
f 3956 3975 3974
f 3957 3958 3976
f 3957 3976 3975
f 3958 3959 3977
f 3958 3977 3976
f 3959 3960 3978
f 3959 3978 3977
f 3960 3943 3961
f 3960 3961 3978
f 3961 3962 3980
f 3961 3980 3979
f 3962 3963 3981
f 3962 3981 3980
f 3963 3964 3982
f 3963 3982 3981
f 3964 3965 3983
f 3964 3983 3982
f 3965 3966 3984
f 3965 3984 3983
f 3966 3967 3985
f 3966 3985 3984
f 3967 3968 3986
f 3967 3986 3985
f 3968 3969 3987
f 3968 3987 3986
f 3969 3970 3988
f 3969 3988 3987
f 3970 3971 3989
f 3970 3989 3988
f 3971 3972 3990
f 3971 3990 3989
f 3972 3973 3991
f 3972 3991 3990
f 3973 3974 3992
f 3973 3992 3991
f 3974 3975 3993
f 3974 3993 3992
f 3975 3976 3994
f 3975 3994 3993
f 3976 3977 3995
f 3976 3995 3994
f 3977 3978 3996
f 3977 3996 3995
f 3978 3961 3979
f 3978 3979 3996
f 3979 3980 3998
f 3979 3998 3997
f 3980 3981 3999
f 3980 3999 3998
f 3981 3982 4000
f 3981 4000 3999
f 3982 3983 4001
f 3982 4001 4000
f 3983 3984 4002
f 3983 4002 4001
f 3984 3985 4003
f 3984 4003 4002
f 3985 3986 4004
f 3985 4004 4003
f 3986 3987 4005
f 3986 4005 4004
f 3987 3988 4006
f 3987 4006 4005
f 3988 3989 4007
f 3988 4007 4006
f 3989 3990 4008
f 3989 4008 4007
f 3990 3991 4009
f 3990 4009 4008
f 3991 3992 4010
f 3991 4010 4009
f 3992 3993 4011
f 3992 4011 4010
f 3993 3994 4012
f 3993 4012 4011
f 3994 3995 4013
f 3994 4013 4012
f 3995 3996 4014
f 3995 4014 4013
f 3996 3979 3997
f 3996 3997 4014
f 3997 3998 4016
f 3997 4016 4015
f 3998 3999 4017
f 3998 4017 4016
f 3999 4000 4018
f 3999 4018 4017
f 4000 4001 4019
f 4000 4019 4018
f 4001 4002 4020
f 4001 4020 4019
f 4002 4003 4021
f 4002 4021 4020
f 4003 4004 4022
f 4003 4022 4021
f 4004 4005 4023
f 4004 4023 4022
f 4005 4006 4024
f 4005 4024 4023
f 4006 4007 4025
f 4006 4025 4024
f 4007 4008 4026
f 4007 4026 4025
f 4008 4009 4027
f 4008 4027 4026
f 4009 4010 4028
f 4009 4028 4027
f 4010 4011 4029
f 4010 4029 4028
f 4011 4012 4030
f 4011 4030 4029
f 4012 4013 4031
f 4012 4031 4030
f 4013 4014 4032
f 4013 4032 4031
f 4014 3997 4015
f 4014 4015 4032
f 4015 4016 4034
f 4015 4034 4033
f 4016 4017 4035
f 4016 4035 4034
f 4017 4018 4036
f 4017 4036 4035
f 4018 4019 4037
f 4018 4037 4036
f 4019 4020 4038
f 4019 4038 4037
f 4020 4021 4039
f 4020 4039 4038
f 4021 4022 4040
f 4021 4040 4039
f 4022 4023 4041
f 4022 4041 4040
f 4023 4024 4042
f 4023 4042 4041
f 4024 4025 4043
f 4024 4043 4042
f 4025 4026 4044
f 4025 4044 4043
f 4026 4027 4045
f 4026 4045 4044
f 4027 4028 4046
f 4027 4046 4045
f 4028 4029 4047
f 4028 4047 4046
f 4029 4030 4048
f 4029 4048 4047
f 4030 4031 4049
f 4030 4049 4048
f 4031 4032 4050
f 4031 4050 4049
f 4032 4015 4033
f 4032 4033 4050
f 4033 4034 4052
f 4033 4052 4051
f 4034 4035 4053
f 4034 4053 4052
f 4035 4036 4054
f 4035 4054 4053
f 4036 4037 4055
f 4036 4055 4054
f 4037 4038 4056
f 4037 4056 4055
f 4038 4039 4057
f 4038 4057 4056
f 4039 4040 4058
f 4039 4058 4057
f 4040 4041 4059
f 4040 4059 4058
f 4041 4042 4060
f 4041 4060 4059
f 4042 4043 4061
f 4042 4061 4060
f 4043 4044 4062
f 4043 4062 4061
f 4044 4045 4063
f 4044 4063 4062
f 4045 4046 4064
f 4045 4064 4063
f 4046 4047 4065
f 4046 4065 4064
f 4047 4048 4066
f 4047 4066 4065
f 4048 4049 4067
f 4048 4067 4066
f 4049 4050 4068
f 4049 4068 4067
f 4050 4033 4051
f 4050 4051 4068
f 4051 4052 4070
f 4051 4070 4069
f 4052 4053 4071
f 4052 4071 4070
f 4053 4054 4072
f 4053 4072 4071
f 4054 4055 4073
f 4054 4073 4072
f 4055 4056 4074
f 4055 4074 4073
f 4056 4057 4075
f 4056 4075 4074
f 4057 4058 4076
f 4057 4076 4075
f 4058 4059 4077
f 4058 4077 4076
f 4059 4060 4078
f 4059 4078 4077
f 4060 4061 4079
f 4060 4079 4078
f 4061 4062 4080
f 4061 4080 4079
f 4062 4063 4081
f 4062 4081 4080
f 4063 4064 4082
f 4063 4082 4081
f 4064 4065 4083
f 4064 4083 4082
f 4065 4066 4084
f 4065 4084 4083
f 4066 4067 4085
f 4066 4085 4084
f 4067 4068 4086
f 4067 4086 4085
f 4068 4051 4069
f 4068 4069 4086
f 4069 4070 4088
f 4069 4088 4087
f 4070 4071 4089
f 4070 4089 4088
f 4071 4072 4090
f 4071 4090 4089
f 4072 4073 4091
f 4072 4091 4090
f 4073 4074 4092
f 4073 4092 4091
f 4074 4075 4093
f 4074 4093 4092
f 4075 4076 4094
f 4075 4094 4093
f 4076 4077 4095
f 4076 4095 4094
f 4077 4078 4096
f 4077 4096 4095
f 4078 4079 4097
f 4078 4097 4096
f 4079 4080 4098
f 4079 4098 4097
f 4080 4081 4099
f 4080 4099 4098
f 4081 4082 4100
f 4081 4100 4099
f 4082 4083 4101
f 4082 4101 4100
f 4083 4084 4102
f 4083 4102 4101
f 4084 4085 4103
f 4084 4103 4102
f 4085 4086 4104
f 4085 4104 4103
f 4086 4069 4087
f 4086 4087 4104
f 4087 4088 4106
f 4087 4106 4105
f 4088 4089 4107
f 4088 4107 4106
f 4089 4090 4108
f 4089 4108 4107
f 4090 4091 4109
f 4090 4109 4108
f 4091 4092 4110
f 4091 4110 4109
f 4092 4093 4111
f 4092 4111 4110
f 4093 4094 4112
f 4093 4112 4111
f 4094 4095 4113
f 4094 4113 4112
f 4095 4096 4114
f 4095 4114 4113
f 4096 4097 4115
f 4096 4115 4114
f 4097 4098 4116
f 4097 4116 4115
f 4098 4099 4117
f 4098 4117 4116
f 4099 4100 4118
f 4099 4118 4117
f 4100 4101 4119
f 4100 4119 4118
f 4101 4102 4120
f 4101 4120 4119
f 4102 4103 4121
f 4102 4121 4120
f 4103 4104 4122
f 4103 4122 4121
f 4104 4087 4105
f 4104 4105 4122
f 4105 4106 4124
f 4105 4124 4123
f 4106 4107 4125
f 4106 4125 4124
f 4107 4108 4126
f 4107 4126 4125
f 4108 4109 4127
f 4108 4127 4126
f 4109 4110 4128
f 4109 4128 4127
f 4110 4111 4129
f 4110 4129 4128
f 4111 4112 4130
f 4111 4130 4129
f 4112 4113 4131
f 4112 4131 4130
f 4113 4114 4132
f 4113 4132 4131
f 4114 4115 4133
f 4114 4133 4132
f 4115 4116 4134
f 4115 4134 4133
f 4116 4117 4135
f 4116 4135 4134
f 4117 4118 4136
f 4117 4136 4135
f 4118 4119 4137
f 4118 4137 4136
f 4119 4120 4138
f 4119 4138 4137
f 4120 4121 4139
f 4120 4139 4138
f 4121 4122 4140
f 4121 4140 4139
f 4122 4105 4123
f 4122 4123 4140
f 4123 4124 4142
f 4123 4142 4141
f 4124 4125 4143
f 4124 4143 4142
f 4125 4126 4144
f 4125 4144 4143
f 4126 4127 4145
f 4126 4145 4144
f 4127 4128 4146
f 4127 4146 4145
f 4128 4129 4147
f 4128 4147 4146
f 4129 4130 4148
f 4129 4148 4147
f 4130 4131 4149
f 4130 4149 4148
f 4131 4132 4150
f 4131 4150 4149
f 4132 4133 4151
f 4132 4151 4150
f 4133 4134 4152
f 4133 4152 4151
f 4134 4135 4153
f 4134 4153 4152
f 4135 4136 4154
f 4135 4154 4153
f 4136 4137 4155
f 4136 4155 4154
f 4137 4138 4156
f 4137 4156 4155
f 4138 4139 4157
f 4138 4157 4156
f 4139 4140 4158
f 4139 4158 4157
f 4140 4123 4141
f 4140 4141 4158
f 4141 4142 4160
f 4141 4160 4159
f 4142 4143 4161
f 4142 4161 4160
f 4143 4144 4162
f 4143 4162 4161
f 4144 4145 4163
f 4144 4163 4162
f 4145 4146 4164
f 4145 4164 4163
f 4146 4147 4165
f 4146 4165 4164
f 4147 4148 4166
f 4147 4166 4165
f 4148 4149 4167
f 4148 4167 4166
f 4149 4150 4168
f 4149 4168 4167
f 4150 4151 4169
f 4150 4169 4168
f 4151 4152 4170
f 4151 4170 4169
f 4152 4153 4171
f 4152 4171 4170
f 4153 4154 4172
f 4153 4172 4171
f 4154 4155 4173
f 4154 4173 4172
f 4155 4156 4174
f 4155 4174 4173
f 4156 4157 4175
f 4156 4175 4174
f 4157 4158 4176
f 4157 4176 4175
f 4158 4141 4159
f 4158 4159 4176
f 4159 4160 4178
f 4159 4178 4177
f 4160 4161 4179
f 4160 4179 4178
f 4161 4162 4180
f 4161 4180 4179
f 4162 4163 4181
f 4162 4181 4180
f 4163 4164 4182
f 4163 4182 4181
f 4164 4165 4183
f 4164 4183 4182
f 4165 4166 4184
f 4165 4184 4183
f 4166 4167 4185
f 4166 4185 4184
f 4167 4168 4186
f 4167 4186 4185
f 4168 4169 4187
f 4168 4187 4186
f 4169 4170 4188
f 4169 4188 4187
f 4170 4171 4189
f 4170 4189 4188
f 4171 4172 4190
f 4171 4190 4189
f 4172 4173 4191
f 4172 4191 4190
f 4173 4174 4192
f 4173 4192 4191
f 4174 4175 4193
f 4174 4193 4192
f 4175 4176 4194
f 4175 4194 4193
f 4176 4159 4177
f 4176 4177 4194
f 4177 4178 4196
f 4177 4196 4195
f 4178 4179 4197
f 4178 4197 4196
f 4179 4180 4198
f 4179 4198 4197
f 4180 4181 4199
f 4180 4199 4198
f 4181 4182 4200
f 4181 4200 4199
f 4182 4183 4201
f 4182 4201 4200
f 4183 4184 4202
f 4183 4202 4201
f 4184 4185 4203
f 4184 4203 4202
f 4185 4186 4204
f 4185 4204 4203
f 4186 4187 4205
f 4186 4205 4204
f 4187 4188 4206
f 4187 4206 4205
f 4188 4189 4207
f 4188 4207 4206
f 4189 4190 4208
f 4189 4208 4207
f 4190 4191 4209
f 4190 4209 4208
f 4191 4192 4210
f 4191 4210 4209
f 4192 4193 4211
f 4192 4211 4210
f 4193 4194 4212
f 4193 4212 4211
f 4194 4177 4195
f 4194 4195 4212
f 4195 4196 4214
f 4195 4214 4213
f 4196 4197 4215
f 4196 4215 4214
f 4197 4198 4216
f 4197 4216 4215
f 4198 4199 4217
f 4198 4217 4216
f 4199 4200 4218
f 4199 4218 4217
f 4200 4201 4219
f 4200 4219 4218
f 4201 4202 4220
f 4201 4220 4219
f 4202 4203 4221
f 4202 4221 4220
f 4203 4204 4222
f 4203 4222 4221
f 4204 4205 4223
f 4204 4223 4222
f 4205 4206 4224
f 4205 4224 4223
f 4206 4207 4225
f 4206 4225 4224
f 4207 4208 4226
f 4207 4226 4225
f 4208 4209 4227
f 4208 4227 4226
f 4209 4210 4228
f 4209 4228 4227
f 4210 4211 4229
f 4210 4229 4228
f 4211 4212 4230
f 4211 4230 4229
f 4212 4195 4213
f 4212 4213 4230

o TailTip
v 0.14446148 0.21664416 0.54070934 0.09019608 0.09019608 0.09019608
v 0.14320559 0.21634893 0.53573660 0.10196078 0.10196078 0.10196078
v 0.14060524 0.21706167 0.53136364 0.10196078 0.10196078 0.10196078
v 0.13697406 0.21869642 0.52811792 0.09019608 0.09019608 0.09019608
v 0.13275004 0.22105600 0.52639090 0.09019608 0.09019608 0.09019608
v 0.12844264 0.22385581 0.52639090 0.10196078 0.10196078 0.10196078
v 0.12457141 0.22675815 0.52811792 0.08627451 0.08627451 0.08627451
v 0.12160327 0.22941295 0.53136364 0.08627451 0.08627451 0.08627451
v 0.11989623 0.23150002 0.53573660 0.09411765 0.09411765 0.09411765
v 0.11965617 0.23276761 0.54070934 0.08627451 0.08627451 0.08627451
v 0.12091206 0.23306283 0.54568209 0.10980392 0.10980392 0.10980392
v 0.12351241 0.23235009 0.55005504 0.10588235 0.10588235 0.10588235
v 0.12714359 0.23071534 0.55330077 0.08627451 0.08627451 0.08627451
v 0.13136761 0.22835576 0.55502778 0.09019608 0.09019608 0.09019608
v 0.13567501 0.22555596 0.55502778 0.09803922 0.09803922 0.09803922
v 0.13954624 0.22265362 0.55330077 0.10588235 0.10588235 0.10588235
v 0.14251438 0.21999881 0.55005504 0.10980392 0.10980392 0.10980392
v 0.14422142 0.21791175 0.54568209 0.09803922 0.09803922 0.09803922
v 0.15137504 0.22888563 0.53832180 0.09411765 0.09411765 0.09411765
v 0.15027923 0.22873986 0.53361636 0.09411765 0.09411765 0.09411765
v 0.14790811 0.22952653 0.52947847 0.10588235 0.10588235 0.10588235
v 0.14454768 0.23115076 0.52640722 0.09803922 0.09803922 0.09803922
v 0.14060326 0.23341663 0.52477304 0.09019608 0.09019608 0.09019608
v 0.13655061 0.23605086 0.52477304 0.10196078 0.10196078 0.10196078
v 0.13287852 0.23873571 0.52640722 0.09019608 0.09019608 0.09019608
v 0.13002992 0.24114736 0.52947847 0.08627451 0.08627451 0.08627451
v 0.12834838 0.24299492 0.53361636 0.09411765 0.09411765 0.09411765
v 0.12803672 0.24405554 0.53832180 0.09411765 0.09411765 0.09411765
v 0.12913254 0.24420131 0.54302724 0.10196078 0.10196078 0.10196078
v 0.13150365 0.24341464 0.54716513 0.10196078 0.10196078 0.10196078
v 0.13486408 0.24179042 0.55023638 0.09019608 0.09019608 0.09019608
v 0.13880850 0.23952454 0.55187056 0.09411765 0.09411765 0.09411765
v 0.14286116 0.23689032 0.55187056 0.09411765 0.09411765 0.09411765
v 0.14653324 0.23420546 0.55023638 0.09411765 0.09411765 0.09411765
v 0.14938185 0.23179382 0.54716513 0.10196078 0.10196078 0.10196078
v 0.15106339 0.22994626 0.54302724 0.09803922 0.09803922 0.09803922
v 0.15828861 0.24112711 0.53641869 0.09803922 0.09803922 0.09803922
v 0.15734334 0.24111613 0.53198870 0.09019608 0.09019608 0.09019608
v 0.15519307 0.24196383 0.52809304 0.10196078 0.10196078 0.10196078
v 0.15209717 0.24356796 0.52520158 0.09803922 0.09803922 0.09803922
v 0.14842904 0.24573503 0.52366306 0.09019608 0.09019608 0.09019608
v 0.14463112 0.24820368 0.52366306 0.10196078 0.10196078 0.10196078
v 0.14116150 0.25067614 0.52520158 0.09019608 0.09019608 0.09019608
v 0.13843865 0.25285420 0.52809304 0.08627451 0.08627451 0.08627451
v 0.13679100 0.25447515 0.53198870 0.09411765 0.09411765 0.09411765
v 0.13641727 0.25534348 0.53641869 0.09411765 0.09411765 0.09411765
v 0.13736255 0.25535446 0.54084867 0.10588235 0.10588235 0.10588235
v 0.13951281 0.25450676 0.54474433 0.09803922 0.09803922 0.09803922
v 0.14260871 0.25290263 0.54763579 0.08627451 0.08627451 0.08627451
v 0.14627684 0.25073555 0.54917431 0.09803922 0.09803922 0.09803922
v 0.15007476 0.24826691 0.54917431 0.09803922 0.09803922 0.09803922
v 0.15354439 0.24579445 0.54763579 0.08627451 0.08627451 0.08627451
v 0.15626723 0.24361639 0.54474433 0.09019608 0.09019608 0.09019608
v 0.15791489 0.24199544 0.54084867 0.09019608 0.09019608 0.09019608
v 0.16520218 0.25336858 0.53500000 0.10196078 0.10196078 0.10196078
v 0.16435876 0.25341750 0.53085941 0.09019608 0.09019608 0.09019608
v 0.16238654 0.25426036 0.52721823 0.09803922 0.09803922 0.09803922
v 0.15952338 0.25579551 0.52451565 0.10196078 0.10196078 0.10196078
v 0.15611465 0.25783778 0.52307764 0.09019608 0.09019608 0.09019608
v 0.15257147 0.26014085 0.52307764 0.10196078 0.10196078 0.10196078
v 0.14932120 0.26242693 0.52451565 0.09803922 0.09803922 0.09803922
v 0.14675589 0.26442028 0.52721823 0.09411765 0.09411765 0.09411765
v 0.14518493 0.26588049 0.53085941 0.09803922 0.09803922 0.09803922
v 0.14479782 0.26663142 0.53500000 0.09803922 0.09803922 0.09803922
v 0.14564124 0.26658250 0.53914059 0.09803922 0.09803922 0.09803922
v 0.14761346 0.26573964 0.54278177 0.10196078 0.10196078 0.10196078
v 0.15047662 0.26420449 0.54548435 0.08235294 0.08235294 0.08235294
v 0.15388535 0.26216222 0.54692236 0.10196078 0.10196078 0.10196078
v 0.15742853 0.25985915 0.54692236 0.09803922 0.09803922 0.09803922
v 0.16067880 0.25757307 0.54548435 0.09019608 0.09019608 0.09019608
v 0.16324411 0.25557972 0.54278177 0.08235294 0.08235294 0.08235294
v 0.16481507 0.25411951 0.53914059 0.08235294 0.08235294 0.08235294
f 4231 4232 4250
f 4231 4250 4249
f 4232 4233 4251
f 4232 4251 4250
f 4233 4234 4252
f 4233 4252 4251
f 4234 4235 4253
f 4234 4253 4252
f 4235 4236 4254
f 4235 4254 4253
f 4236 4237 4255
f 4236 4255 4254
f 4237 4238 4256
f 4237 4256 4255
f 4238 4239 4257
f 4238 4257 4256
f 4239 4240 4258
f 4239 4258 4257
f 4240 4241 4259
f 4240 4259 4258
f 4241 4242 4260
f 4241 4260 4259
f 4242 4243 4261
f 4242 4261 4260
f 4243 4244 4262
f 4243 4262 4261
f 4244 4245 4263
f 4244 4263 4262
f 4245 4246 4264
f 4245 4264 4263
f 4246 4247 4265
f 4246 4265 4264
f 4247 4248 4266
f 4247 4266 4265
f 4248 4231 4249
f 4248 4249 4266
f 4249 4250 4268
f 4249 4268 4267
f 4250 4251 4269
f 4250 4269 4268
f 4251 4252 4270
f 4251 4270 4269
f 4252 4253 4271
f 4252 4271 4270
f 4253 4254 4272
f 4253 4272 4271
f 4254 4255 4273
f 4254 4273 4272
f 4255 4256 4274
f 4255 4274 4273
f 4256 4257 4275
f 4256 4275 4274
f 4257 4258 4276
f 4257 4276 4275
f 4258 4259 4277
f 4258 4277 4276
f 4259 4260 4278
f 4259 4278 4277
f 4260 4261 4279
f 4260 4279 4278
f 4261 4262 4280
f 4261 4280 4279
f 4262 4263 4281
f 4262 4281 4280
f 4263 4264 4282
f 4263 4282 4281
f 4264 4265 4283
f 4264 4283 4282
f 4265 4266 4284
f 4265 4284 4283
f 4266 4249 4267
f 4266 4267 4284
f 4267 4268 4286
f 4267 4286 4285
f 4268 4269 4287
f 4268 4287 4286
f 4269 4270 4288
f 4269 4288 4287
f 4270 4271 4289
f 4270 4289 4288
f 4271 4272 4290
f 4271 4290 4289
f 4272 4273 4291
f 4272 4291 4290
f 4273 4274 4292
f 4273 4292 4291
f 4274 4275 4293
f 4274 4293 4292
f 4275 4276 4294
f 4275 4294 4293
f 4276 4277 4295
f 4276 4295 4294
f 4277 4278 4296
f 4277 4296 4295
f 4278 4279 4297
f 4278 4297 4296
f 4279 4280 4298
f 4279 4298 4297
f 4280 4281 4299
f 4280 4299 4298
f 4281 4282 4300
f 4281 4300 4299
f 4282 4283 4301
f 4282 4301 4300
f 4283 4284 4302
f 4283 4302 4301
f 4284 4267 4285
f 4284 4285 4302

